sandwichId,slot,epoch,bundle_id
006fa7d78966dc8cc00e9faa2b2f6049827a38c0d9ee7c563cb9a90863bfb3f5,410949524,951,b7d8d5d33225c39992e16f4f25e28d4a8ced1f2fff1f06ee298636afa832191e
008f6fc6ce325e3cff4f0770d568cf97c3544d937cce158cdfcee5614fb9d2ef,414194041,958,79e49bf707f8cf8e44928f6a71918c04c1c8ed88461b72b88912f24d10bbb601
00d53f5ec511d3fbac9ffcfa08672cea48eef5e19f3b42a044cb09c7da5b9db0,414876359,960,2167ba8c02b725710e1cf229d44f2236417d072a646ae11be222b7aeb363ba09
0232499e00a188464af23f2ce282e7448e58f569c6036af92e7dbcf8347be8cd,415115284,960,b3379b269707d6317acb7eacffd31534aa647abf5c13d898b95e3f03eeaa04c6
024d63005181268e0b4ae7d46322161e24ca81e6f69b1b1449daf939ed2fcbdf,414490485,959,0439522279a9cea74d4cf8fbb9e693d1db9c598b104e15507481d72223320ed4
0268671bd5e169c592dfb0eea914e52370ef871ec3f261ed1a853419988859cb,414428550,959,04bfa33f3607e79975cb615b90cdc5bc72bb3d07277704f59d2d37cb3dcde7dd
030c4dceaae9ae556f7f9d268a0680069962c629375ecb27957025ae37858c34,415000521,960,8f24375afef2be3f3112c38bf2240ff692d72176150d67ad09852afd7333212c
032bf89941c0574c2064e375e61e691164e1890cc2ea2a120303376264ec0da6,409011644,946,96643eb4f90d36198c4a454df5f4de78bb02e625f2993c775441e205d2ac0209
0391a586b2d92a7765de096bbd568ad743a88e05a9762bf8ff90508cc71daed7,414132466,958,7bf94aa94e9d3ca329bf24b332abe10ee3cf0d2e65fe9de6b1c1b3e7512fc23a
03a48526883a39e77b8e2ba1f435d8ab53a13d136143a4ec12dadc9d55e6e87f,414952857,960,cd3c4f585e6bd39106e09dd82507ed069360c0d1f33a7daf0fa0cf0992ddc82f
03a6971f0ad81c4af64f01e6335a7785b5e890a55922bd03ab876481c31d2d7b,414098623,958,b3158b333aa18bcb4042ce7513ff7bffa4cce1929de832a4fb2407b41d2e9353
03b408552e787b1b5eb2174431cc404d5f9df479a439c30f28c959093febf9b8,409485184,947,17f427c1edacb3f3fb0a4b6ba87aab1263036b70717bc8312020aaf90fcdcadd
03d95e082f5f48e1636cef34c3136459154e7264da597588b3836f87b1b75b2f,414213222,958,560400324b7885526ea352d24d2ca73c5e63a931fa77f9fca55777f9bbb7e02c
03ea1a239a03e650ad4d605a2c10fa36cc9b695ec13516d4c4f2480d3bdbe349,413669465,957,ce41a6fdf137a81fd98e82a2d04b377dc1115b46ce9d3ad0c6867de6cdd1d484
03eb1c183fa75cf7560512f0e227661c47fbd32663867f273017b1d3032ddacb,415062869,960,5d6d9c786728bf7cbc2b436c426be092af7bf8119134a50f830dd7f01ac430d1
042cf516aabadb1ca25d3d02252fe602a435d7e66181c26e61b15f6e25b6fd5a,413660144,957,3ae2998ef3fca291f1a8c90dbffa1c390b508b1fe55a4d574a927be8b74dac9c
049ed3ac64a7e993200a8ad633ecb3c1994b8351ed671c91fc70fde948c0d160,413898277,958,07c7e94111e912bf12decfe12830cbfe658340a7ba5f125e54568d192098f616
058e1e798a0fde963ee1088f4bcfd50789c2df4f5c15c81efab0ed8d0e09fb25,414487656,959,ed00449a396e17a7531c55ddea0fa7622b6055fc74dd357f8035df3c15b09f3e
059718f2af8ecd2263f052d1636b3ef39ee2f92bf726b97f16cc432b4b175880,414997661,960,8bb247561aea09d6ff7ef4af439f8002d2a305e8c16e8f26512d389df5f9039f
05bf7cd119ad0e9d7cd2a08f2d84262a826551772bc8c16fdb236247598638a6,413841204,957,89577402f79a34aaaeae57dc25ab0a5907be286956d0e9d33316893cbbf75e52
060daa3e6042385e8f25f4ac242999d25ad8fd8f2a9118154b1ebfdc85226957,413957866,958,5b9b975b25ee7377da53e0de96883dacb8ec425534702de683ff59e87df1887c
0643ed549fe1adda1349d599677b85cd35e02019dd187a2e0fcea065213da100,413497978,957,3ce5ee197eda14c0f6be89e62176b3a2985bbaa5f9db9b4ccc178c7e8438a6ed
065d3204fdebd218bc8067fd9d1140094eb085742c83665006a4ef0f91d13a22,408837960,946,f00e1bf491bc02ed7ed71a4eb96eba851ca0eaebc4192fc0e4678cd6ea2820eb
06c200475cb2d048c28016bf1f3667a76293ea3c606733b8d782768e22284852,413964155,958,efb2a6c89aea146f157a96625d6334d581dccb78e1bba5a1a30718d4bf1c192f
06c4b4fc0a4a15d72b56d33d83a205ef552d64d5da4ff3fae1b770339b0b4408,410363365,949,3d9181d641cc794d4b1cf77d7615d76552674518ff91ce514c5c949bf30b29f8
06f64113a25c00b17a2830fe82917a7590e960e6c296db3aa00f08bbef6512f6,414036574,958,e0a27d27a42d056d73c95e49b5645655ae8f9e0b3ec6806cd582103c7cdaec29
07bd131d1883d5d30d68c84b0365a643a299c42e58f86f91480b4da77c408ed6,414498701,959,e3d47de9efe584249d56416817dd2b4e0fd01f0d1a9824aa1494c81f28013b7a
07c56c93247536212aee9c71374502fb0a810aaabe1d7d955c0068157e6e74c1,409485156,947,961fbd0de1bbef497e30d4d8f8f9c774ba45b423ddb2a6d451b5760708cd52b8
07ec4f219b28079bf6345213a59fb3b025b4bfe5492a73aa8f8edcab651dd629,411884782,953,f4e76af33f3a2d50313175b1f12647d6a9a348e9841d500fa7a0f9c1b23f6d1f
088e8dd35daf45bbe33020cccb6e7e9a66e290708ef20e1de2724a5024f4e7a8,412855210,955,b8ab0d4ff1c2b9d85b9361bde3b2328e163a9eeaf89d67e3d3f693b4b9c40e69
08a394b6709f354da71599ffdaf265bb9e6d2db89f46f96d1d892a88ba624e08,414232951,958,5b52a6d870264eb724b56588b43273acd8719ba0086caf9488a6812f7758861f
08ba7698eed4ce7b62fb4fc0dbc433f0bd7b5411f2aa911da1619cf3ca055d87,410039712,949,a50e038e1ff0d76ca0b549cb2f5c0e3b0c8743078a7ea9b149e4dbbb392b5446
08cf17f7e99d88d90cf7426992e55802d6720cdedb929fa3931120b1dac6b540,411678377,952,62867d40686ac4cadc55a330b88042aefa067a8aba13b411d044f583829c19be
08d646722133f6550491485f1f898d424740edea7eb39e6e9342cbb69167863a,412506034,954,ab9bc14b5de70db34ccb9eb73f300b33a5319a24c601013efd78f9c1776a7653
0912c0a621a0559e10bc1c0cd158fa07a7d5b95a8bb9635100e8ba8872a6302f,413908134,958,eb4812e795d6918f2ff3c2a575d6ad49e93ec260d2db53fbc6f517febbfca380
0931566ab8bea6920a2d5caf2cb1642dff886e4acb644574e1d7e02e78bf9689,414570936,959,8a79890517560d1acb31b5c5c885e1992b31852863aa8be30b4abd2c9b3daa40
09fa0eb53773d60f3065fa729c3c96d17c7a3b1955295a57fcc572b8cee2a028,413750679,957,42f5b48fecfef15afca29dda434d15e46d7a312476026356b556f266bc8520e6
0a54ab3fc9581121b5cb201af3312a745da0f3562d61da68b78e2e4d77ed9bbe,414655389,959,e91a8b0913d89e06c686bf6d2d5b3aeb633d3441d2c3f7fb86c630a9f609a715
0ab90b2b4cd0095ccdd7854053d7985b53f74ec9a2759d7c09ef5b869f3ce39c,415087583,960,173ae9c32c88f57b7f270179f1f78693cf16cc251d726169b9868f0d12a4daca
0acf09408b760008fb6ddd985cf56df3dc3b2518cb30a55aba860e566d533864,414007958,958,a5890d0f59b48326b362ceec264292c1fb493c12f46ae2af15b117c28a6c3f7b
0b02524e2f71d0e25a7d45f7ea3387b070822c4bfe326f1804da70ebef125f83,414646728,959,851c43fc488d4704b8b01eeb9022d1ebf6058ae099ae7610cfe771eeaa521ed2
0b08a3c92282608e8799b4cd6c949a74bcb2c8ba4dfb315c1fc27e106bb07ca9,414383539,959,87eee88a2073a537e5cbee148ea36e11c9b24145195a7c79a2779ce9c48daeb9
0bf5cad8dcfb6073745e308a742e8b8f621246a583f293455d4610474c3a7f9b,413800007,957,27912b2e2bf5d39db37bc92bd95af167799c3ab0382b43b26bcaf2f2edafceae
0c2898f23a28ae6d41297e48aa1e89da1ec8552982deb5df1e0565d90b20418c,414336292,959,c240853708a3832e68d019cda879699309517065fdfa340eb8f9315a6f40e6e3
0c8c9d441bf17de0a9472a93a64bdbcc6bf64080b43c263159eabd7ecf11bce2,410799479,950,2b192ca7344efef8fc9080494422eeec4cdaa97f19d09bedf8a787c639fd1830
0d25205a6106c3d7d4d53ca184e6c7ea38aa7745849236e14503542510a7e650,412507591,954,43b66a5316a0162fd6c65b715d00ec58426056e1c949966743baf23ff5c2be15
0d9c41087f9d698e1a3cb80c607e96ab63e6b1f8b17e10b84389ba95c57d2318,413927383,958,73762172d73ac854bc2edff06d20d67d0ae31173870116406dc20aafbb784e8c
0da11c24adf28b2d5d33a46c04092cd5097a130d58906269a514e847d911cc80,413474396,957,202f0f9f374042144d5d3c8d633300bbfde5b9952ebc5bf51b8f6b8b9d035c97
0da48c5e59618a97b17c3bc0b588d2ef801b9b235803fa54967b8cf45238f54f,414652409,959,b390cb081963068e280d9376ff9732471b2ec12df84bc89fe9c7bd9ca372bc72
0da5d3c2a8dc243210eda187a2af02c598331f9a60f70dc39095d4b9757ec2c5,414649701,959,4167515823fda94806bf0af04fcee991e99ca9dbcb7e065a88e94e4206139692
0de96464603154ce8a9e0cebad038523104d7e876386d7f283501e67d8f2351b,412948825,955,ce40e3e73cd68e2eb10097dfe594f2641d78008aabf25e6ca4e9c09282557a0e
0e34160d3b1e7f997b7f105d85aae89edb4a8384df8fcb1a95231ab530b0ed7f,414332980,959,be1fc24a9bb7da394b50cab1547b125180a8c5695490af18fe8fadbd9ff8d9bc
0e612709c027c1d2bee768d747d71354fe55bf5e742a29dc6556245562eae079,414167094,958,65a4fdeca50dadfaa82fb035fd89feaa702b4acc90c0e3ccb51bd8c39bd382db
0ecc988d082fb22e6030cc4acfea9e811ae9c30fca0803636b494badd1fb597e,414222757,958,ceb41576356e770619f64a46c084861cc0fb9a5a92cfb55c27887a3ec4a959e7
0f8b4f01bbe2ee0830318427655603bf755925362f30654319e9e8770d2727fb,414285879,958,0c47b37221a6d257b0c663277abaf67c6c982f411deca17dff5bb4ac9cd1dba1
0fa28e0dc3ea066b37bb8267b8d4ce285a5f44ee3c971b376709050a8dc114fd,409074227,946,e6ecddddb489ef04cf78a21511026a59ba6d4dbd90773f8f5ba58fd9fa1eb410
10133b3751b2cc1ce7988fdc9be79e845e5b2b8ce8a51ddded8be50a2a4bfe6e,410703874,950,3b151d6d0c7e41ce489285239fa2b6a9515b5ece332903c479bbb61bab1b33b1
101665b2e5bf3f1a0d7d82f998ab10ea7a5a53ac93ebe6d6a28cff8f084bfbc4,414944014,960,b89d03dca93b92fe22cb5558fad25b7ee8d3fe382c5b58e602d4ef78580a0df7
102d49aad8528de3be3449f14109b7739925736a7d70611ca1127f920bee1e9a,413574465,957,68f710dcc6a9fdd1abb21c0291b50d4378f25a974fe98d4693aea93eea85a182
103ce8c7ab2667fa3a06a22fead1cf523e061e07251896b92a59b0c57f4ed859,409716780,948,cbce2a8780a0b80b1194e9953f4d9030f92ca2b7df678a400237a1cd583ccfad
10dbf149c2930fc7c05391094e81b8a56dfd7077329f6ff437e4988ccb5e6fcd,414968160,960,3a5b80246d57c09ddb2d5854f1b1e526ebd4f658b3f8afa5a81b03679445cab3
1100f33e06da9d9a22dad1af341e78f26822985b7f1b4b8bbe2bf24751231dc8,413636888,957,df6d2c269b4d45061ec7257ef486c8670b4977186f626d6936303371faced820
112092079d46fd44b114a63af2cb791d0a41b21bb0f7d9c824df9e7004a75988,409413312,947,4ce88bdd6bc3b0405a03d889225704092444d749e3b0cf91a98a7e70d5d42fa6
115a650dcefed0127d7de52eae7e6a87d753e9f8dc35665e1dbf45956e680da7,412925445,955,722ff3e7a916bf7cd6a621a4dffd0f387d3ba559fd617058b115e4698af72e93
11fffdacb363376026f158813983127c42a86a0c5455ac3ef9d514693f096f93,412849340,955,fc62ce1ded1af4151bcf2679ce7f0ca65b2ecfd0a8015e36fc4e7ef212ed51f5
126794f2287e8a50ef49e766288530bc0ea84d27d6e5f0709d6ad25b397705da,414647528,959,0271fadc83839ec408550525550d1ccd50756f9a936b16836fc7aa8795f88c77
129e79753f0dcf34b165e0d6aef5bbce28c691b7113f3e6a2047662b1e3cfcbc,415029434,960,6f94058b4d4394c7957c1de04bf85db5a5fd2f56802080ca86e4f91cbc7e87f7
1301746bfab3c2ffe5b0c3711c0f06b91f1ec15ac11d7e6259fa727904b1bbff,411603208,952,533b82881951efb7e8d4ffc8bf392f23248eb34257710a6ad15beff2b9eaf267
131aed67f9d06dd19fdfe6109e5bb10854d997539ae76e508fe9a343775948f7,414165337,958,ec96d6b3e87c35a4d420f549c4dff5bdade0de1cd8f44e8b264549f84d598435
144e6b2716de79784cb4fd9080c35a9125abf40dd22077728bb8d150a12de9b8,412695235,955,f67684da1a68444e4642fe385421853406ea31acab0512ca859b3580ea9ac9ec
14b5aff1c4710639720e6fa7cd1a66cdaeab4c96f256b1977e4bfcd3b2d6ad00,413770636,957,ac457ded712c84f8e324c65846e75423f1197b6c2936f304c3d569bb579f4202
14bafea4fd23022e0b1adb19fd54f6ff57708d263f65d535ba7c3a7ba80cd4cb,413807053,957,3c2303a9f9182fc4957252717c5c0e9a4563cdcfcd329718220e1d6d897592de
15e1d532e85bda7fcd2ef4ced03a0d9becbdbdfa2990747b5edb5ee79996d856,413664883,957,963511ed1d3141186461fc5f18bd1064bf3a8dc05878f0310884d3dde928cd17
17567573427148df3e9db6093a148733e459f0b4904b7dc97da4bd973b9f3a07,414175466,958,709c4ef58d6ca8d8a66118bf13f4203a343d2f19d542a525cd52d4c726565a54
17639e55755216aadb17200dc4ca41f299882a310ba20187650aee94847bd767,413624119,957,2c5a37b82014be0934abfcf99cb2126f6f089db46ed486cda177a66028c44fe0
17a8f83bf33c92ad2b3795d1224196487d4284c1c3217110747f18d6af2d617d,413469365,957,2c9f35d3db1c7bfa0e33f99196125db8ad17ea68afaba74b9a340bd022d8d8ad
17b08104855625d6d709ce105f33999b0e930c5c8f4bcf42edc8ce363d1074c1,408993880,946,b3a9ca4557bbd27444d1beb96e9747f415486737c3b0ec2952cc461fe4c27a48
17e101a9ce5a456dd59bae7af2e5bda4076d214a65f03444ddbc66e74c7a89f1,413727153,957,782e5af79b8de8a180792ce68485a8f348e61a07f26f6d9dfc0cf891fc2c42c3
185b94edf3f6a6a8071cb9eaad8837e8efdcb386e4514fe1e040448dec89eef6,414117628,958,bf710913949498cd6ba8afb396bad6076ed01ef8db66f08bfb3c567dde7d68b1
189121a3daeeacf26564a2981fe46db202c8bd57bebc6756af7dcf44a44b04c5,413512293,957,75f86aec10e762e015e9c48dab69bb5222c475f7804f3351a2752126a644e1fc
18c20756bf91dc8d571cfbae64e6516f06389be1dc7612a517287d9e594a54a0,413879646,958,d01ba7a8e89c56b07986c6a0d5c4f8673437ceb5df14697d3d37a285fc2015d7
1904fc3d0171d42d6d8c602285df8be6c9d96960f43f9fca8fe7f758174388ae,413325002,956,0d9871dde657fecaf68ba60bf831d6cdb01e1e752bd884cd1b6569448bd41620
1948bef348f8407cf20f4672c91cf33f1ee44eb6a06df0cc64ead43c8b953d29,414476123,959,82009b06921c398dfc76201d1e9b19e0fc0befa275325b543875a1561cfd9e4b
19a476d5d401c68eb4dc90c7f25bbb037154c85f682cfee8ba281f6944697a1c,413698558,957,5e0539a3be9971ead3834b6d3a531b9eba8308ea1459d71cae52f215bee252ce
1a2deb37b10912891e64f1147cde4a6753e7ad2f96ace1adfe03773d0524d26a,411799414,953,a9212ab278532c3681bd03f1faaf654e655deed643ce32668ed800b03371e447
1a3d948508eb13a778e3176a6a80443527720625089f438b46472dc81857c89a,414898272,960,0dc132b26349d5b35232572bc1f2704c086b4be01d418e03c110377d93b17d77
1aac3be952c78ddb627582658d965a88f3d3b6b66e67c2d67eec0fe5225f5f96,413711731,957,3f94167f9877d3f4f8f17d5eca40f2ed8dad54fd4ffa276a03ebc68923776636
1ac555e0fc38af3de56b7dd8375ccf0c3d9fa609a36b9f7114c4ad06f3138300,412401933,954,2a51f956baf1aaaa9128156a74416f36e711c1e8b2684b20d0901b1579c28aee
1aed7ca6a5a5384d577e8c689f3e7089690397f0bd3978ab505474893c085f80,413965375,958,09adb4a88b86bc618a9cd8031bd98230dbb1d7daa0e20fbfb07d20c2dff9258b
1b4659b65e87b42878c706a6a79c1807874ad156ac31f8ee6b0205a72bcff192,411495884,952,fb83edd971da70293fd79f73c86d1de09956df9572a9a8e00e5190d059b960d5
1b7954a2b43b3ff90a6ace3e20890dd05a9c0954b2be2db8313e09267a4220d3,414203403,958,0fc1fa1a2eb00ca18e06cfc412f5973287a15487707dbe966c3f9e173858de11
1b8318dabe22d31b891fb6d482d2529349c2d9c64f5cb2e6b3861bab0ad7b62c,413979339,958,cc2fc2deb608e6c14582ae061630c6115eab2d16015048d0ce75a472309fe178
1bba501af1e53e2cd55338e10eb50b0ce7d182fba3214574d20a469efa61fb62,411484102,952,7a42ffc2f6a48cd942d3e16fde66f5f66e7ead1043ba7c5910e379bacab6ff3a
1bbb598bf9602b61eb9e2cfb64cde1ca41c6bc690436a82c86be8c129b7a1885,414095712,958,0d33a9b4662723bd92cf35a7b7c4a4504fa076cbe1c2dcb2542238644bb7ceaa
1bd509f5625577c6c6ea4599c0337356c1e7ff6cd62d352e2cfe9d50d9b433f7,413788840,957,8a7964a712e02614ca21679251c5d0739d78b45316973a43901499ebd86be3f4
1c4ee450911ab0acf9e856797a971333d65a92ff994b46975f477cf7249a083a,409281813,947,29bb9fe50b0739e1532072893fd09ae0f4376a1bf43de9a25c3524a2f21d4945
1c5ff2055b4a29025b715d1fefe0973b8f00b0b5ddfdf3c4ec42a4a611574f5e,413084040,956,6763e828724471335a77fd242ec7ac2b16af93a5c286e03c98bd9617fbdf5460
1d40c40f5eeeecec592750324c93a7a54011a87ebe51d3765b8a580a73b194e4,414486749,959,e191f0e677ca4f21f3dce827e9dc4e348941cbb5af87c1e90c8983bfafe4c36a
1d7b949fa499f02867edf25f28358808967498a401873c96a860c4b226a3174c,410028123,949,68dd4ee9ca61c3dc558035de01dedbf7e1abdd3e0682b255f5ee53f4eef3b346
1db2eba5b43df6801558e37583a1821ad52e349ec42c2787195bb986e8905cd6,409045099,946,98e8ece87a6d64ee885f2aa199c7e4adb204a42d2bfad47263e1341110cf7c93
1e0e95e9f7747d7df4f387e61e959d5b5bb5994f01c0769d1afc325d89f6fc94,413879325,958,78000780c77028dfcbeb569021b7887b6318495ee227b29299b38200e43e9229
1eb231a40c18bb9c839bc8282da67f50ca92e5e0518d5bbc083f9f16264b790c,413674437,957,1e2a55e67bc5af46cbeec9cdc1a66efb7dd9870131f093aaf0100aa877dc6050
1ed8314c2f959c6080ad0e5196b55be568c2169630e75567fe378dfd516bf9ec,413935638,958,3fbfd28d518482babeb5aa9618fddb00d63e375a5bf486ab6b1015924caf4dca
1f06767f086059d30f8ec043bdd38759baf003e81b13f84220b9af015d6fd302,413474395,957,fbe1540159f38fba72a29b613562896f6b514997e1f9a161634c1fdc276aaf4d
1f23f7771bc5b312f2cccfbe742e096f11b6789c61b90422f7c3ed58340bb3ee,414289191,959,9a356d6329187055b869542f8ba87a43f4817f5a5d24d43d7113b7cc09f2db5a
1fe0b016e4734ef2b5ea2375be15e7e837c4509c82239c105a3447f97acbaef0,408812758,946,b1ab21f767193e62bfa8ba992a8cfc0ffe3c82af1b65915ff7c646fbffff7ea6
204895f7ca130772a04e2313746920f52daeabdc0038b43bd7af82623ce16ada,413626042,957,b11cb1df558af7532d367ee6c4a22ba27b2f2a37d86cf555d488a72b097a0fb9
204f7b1ff4f3562d52963b2129a97874d74112aa13e66ada4bc28a5d177036ba,413625561,957,1da4313ce30a72f99ab9ea94fe30ac53b468e669349b537605b92a5882a7b462
21202c4178c18c85a457bb649597f94674f753b01f554d4474df9df07a6e6969,414968732,960,efef3380388b6ffcd8b38b0ea4b81fcc561e69407f13c23941e5a754987f73a9
215cf124c69c9bc513818225e44b255582b87438f6a7dad19a85651261a4f686,413941456,958,cc4014bf7ec293f62ea1e838b02ecb124bd510f7d37e4124d14fc8e27c4786d0
216ed44c6a51598bf3a57f318d925c44c2b86ef8de010fd51828ad76e2906391,414887056,960,b9035bdc69c1d379171d2f53e3c9c7583a6ae2cca69c882a1d750d52581e0db3
2188e2b08c86f962e3f5cfb4c2cd5fe49ae085f58b31b5ad32c0d8f0d6d3453d,413055196,956,368b53cbcb2a8aed81659af4b5a9edda4ee51740ff10126065842475b5c0841b
219f6dba8c3a9c6bc150c5977beb2f4d9373137e577fc2320d4e11e7810fcc73,414652235,959,291305adc9bc4fbf44b4ea23972d1c234db109a74f333fa394f9c23774cd3449
21a666cddf265b78420f6051bd4d3748ff1dc816a7cec87a04e5a1ad5351c16c,410040787,949,51376e02e141baed05ff1c6aa5f6bc042ee543ddbe44396e23aeaf61cef6839b
21e17ea9daa79d5f84c9ea694100ff7fab9c24a69ade937d0e5203a630e30608,414638253,959,f0f2264addbd249c33fc92cda3bdfb52d19d44d5d54b528178318a3cfc525c42
21f4020ade3bece78291aab9c455c2a83cfda984015f5d246e1f5c77a5658227,413815277,957,db55b6f869c676867dffb7e455100eaeb7e737d8b44e57e8b2ee3429bc1ce7b1
21fdf12825171c58a34cec4c1b8fe06811bdea3655beefece0308e5953537c3a,414630498,959,39f0106e1036b1ea448288c2e90b886032ce745d3a3776d632621b252d5c278f
2282bf2001d4e54304c4c4476275ed0fa1e126b3beba7e898369185b91dd8dd5,415009406,960,905bf063c2772c7605be38c7bbbb61de2ba1acfb0b76f6e7e736178f53ef5388
231e47793eec4aaf899c0db0d3f1078e4e518a34798ea989f62109cb7f1d557c,408834457,946,0b38a2911c4b1ce2247dc6631e1905b513dd2d44673616ea3971d12ad3fc0dce
234865a1e4a80c19123a991a7c6c43fc9d91264e6885b487f5bda0f2f7dc6424,414097864,958,416496eb11f54b6a1331900a15cac52a53bb13c8b5c1083c51d46797e9229a5d
23c9f86077cf49d5f2a5167b152471823c3fe25f9cb188772920937836bacc7f,414885081,960,d358f5cd7d86f545b90fd8421d228f04cecf6ff7f3db709f73a7b70f83854d8d
23fb6b85ff6d5d56f4db5a330ed12add51d22d248e0734bfaf763604ccb196c9,413638210,957,731ea5ea2571a1b6e620d86deca90dc187a9be8ba1c5fba313cd6fe2406dc6dc
248a9eaaa57b308b7b507254d366dfb05ae62da4d112fca07db02bc109907e40,414431950,959,1819883d554acd38a59aede8441b5b4c54e0f0d648f2054982734a97bb90f91f
25451045911fdb7c165f16080384629e32adb998e710dca33c6e5b59e48b2c13,413700706,957,9bbf145fb39c9428931419efcb6f695474326b59213adfbcac2b7f63090f056e
258ec4ba729784481d4cf8ec0ddd2dde531ee26511b73029eed4ae2a6f651171,414670543,959,2c1af74c85e348ea9bebf12a240dc4f334d079291f8d1d5260c5a3c0bc4b2ec5
262b641a4beb9a950a276c9ad57c83d039d285a6c80f5affa2c90891937896a8,410034013,949,73c54c15a69710ece16c982f3ddfdc3526c27b2284723bdfbbced063e207dcfd
265b7d9fa6ec4ae4fca721a3f1bf2bc3d231d137ddb712d96af7a6465774575f,414808836,960,56a0c72e5bc3a8e7fc87233b823fc88f814745e91cada7f6c36ed542746e5b64
26a42e69c9b2b89c95ee775152b108b12709371ab2df082d06cbd1c840d837df,414993532,960,16fc9c36d47d658330c1c23209771821bc98a6ec502f91ee37e6698a4ce7ff8d
26a4e1caa082cbcc9a6ccb0aa7eb3429ac143a3cd769bcbe93f6a486a8c79cac,408896786,946,003dc8705761bbae712e5bc71365ad0132cc892e5ee1145874f1d2e581785598
26aa953190758589010b67ea21e01c98327e4b44d0657900e906197842979ddd,413731936,957,3f0c13869aaa3a6017a6a74b70999a41fb67e17dab9ca5de311b6c940b547c9e
26c2a6b895894717d744c8f8193f2f7f4e6714de6bcbb5c1b585b2d521189a75,413972628,958,5109a99887dc2cbb8f43d1b213c38196aa889505d0ab2725b7f606c2b5c35e2a
26c967b13b61246d541f048026173aabb85ec2efdd0a02a4aec8f5ac851833b3,413956185,958,0f68cc615c37f098de81aa40fe08d8325b1fd0e9725d42914f755d616cee8b60
2739a0a6c80cd112922e1b7ec5b2813559d767aaf32857def7fd71cedb610647,414722897,960,d2282b590c6bb221d284c2af8d4d1aa5b316ae63212c42af4a1eaf77a90704b5
279c95243a8e730c6721c6eb1ad48b7d63f79d18b4bd4450837dae6bafbb8b20,415069499,960,edcd820f117b6e81020aaf90eedc7e84529eca4ce8e5b6c503b10fef72d217cc
279dfc1d0bea0a19a2b6548aaffd531d3839f27dd15bd8fee319c698ddeeccc1,414339667,959,d2fa52b266ea672034934bb4797b1ecb50528d2e800c2e426574f924f45fd423
27bb6ec9bc9374eb169b2e8d8eef4ae6420694645e4a82b9a837816e2bea5c54,414733396,960,e8596a443ece7d3463cf93e1a3c38f54781404b003d9e2535ccb4ecea9a39afd
27caac871f85cf375e87d49385ac983ef3ae413cfc1d8b3fba60f3590927f9d6,413648304,957,d52fc1a8ef7774b5d966532de64144f8f2b468c1960e70022acacc073513e71f
2838b0250e7acd33b37203faded7ff0e88ed11eab30f48b0b93412d75806e265,411884428,953,1a9cc63a288ce79d72ee787986c822f92273f4ea6ed38c31dd15fde349cbc1c0
28a85c8c9190e3a492bf3884e78e1a3720adc7ad73a14f9ea59bc1512771a0bd,413998766,958,88f8a4aa2cd12590430ea6fdf00dda7e7f0a54fe9bd5838b05fa8571425d05e3
294e11b852bab249774a2602c1d9f526a6c656a96797273cee5904a8abebf3ff,413929450,958,1d7d2db29edc6f2596518245bc176a91663ea89ff35ad01c2c6f08efca99c0f6
2a62169dbca283354952f7e79198615d07036d09ebc54012e73dfb10e671b41c,414968447,960,002fe0954b0c8dfcab4ab9a4c5e277f39c45bc8dc33e9c956c1e0c580e306639
2ab1d9f55d99b7d2c886469fefe95397c855e1365f58993471577cc4815f03fc,408854284,946,94633b0c8d84ee634aa965a11df0ee237a8407b28f182ef9153b2cea4a76ddf7
2b92beb0dc86f83964a0dca891934d3bb11d85c93788a3093269070475cea483,414876427,960,2a87e8547acd38b70cafc53fd53bb4c9801018ce754bcf5725eb4dc895944d91
2cac25575148300744f01062b23942e4f4ba4e2be549bd2c99ef6922d604b2bb,408716180,946,014b83229b62d06c61203a6226f51da671ce426872d405a6df1555be60269d75
2d52a09c1acc7145ec6a65928355f2de5ed0558d07187fc3899a894704b2cbcc,414756490,960,e666d40262424a89e173f9ba3e10631701793107ae009fef66437a7f63d5e5d5
2d9aa16cc9d094f45297ee700a7e5f54dd4db77bebcd40d335b40793a783ea76,413926852,958,6e8451d83153d668310c153685a9045ae2c292e93744031641d74085e0e5d78b
2e0bea08046bb31b251e8c97c45d4df391fcd1d9ee3e28595981e023a1ab16c2,413642271,957,6e35c10013f216297b4c01bec497f82de13b4b5753f90620530516aa029af542
2e18f9ed1fd8eb3625b660b5a7e0687a88869ea772cb88498291461304a15e1f,413522493,957,976ce5e301cbcd9205a11ff88f599b37716e184587fa3c55c38d0acf41c5241d
2e47c9bc6603c7ef31c04dd2e4f6f9149312ddff332c8e80de9e8c2b8553e23d,413602913,957,4240826966ba5216e2aa5cbd4e4a9e569ec6220209777bbd99c7c5d6ec21b1a1
2ecb6e5614bbf6c9d75b49ab33fb3845e0b4a5e61103594c691a7e3bd813a998,413474092,957,ee76b75a4c89fde01fbe5e326ffcc6107228cda5267ca2c5c852c990445035bd
2ee26dfc76c9216d40d0b1f13ca00427631123a80bddd347d43e757bfc404b97,409984033,949,b1da8fa9a23591dad5c432f4aadeed1428169b98cf73ee874b6888727a91f19d
2ef5e2e131cb26374bcf91e1bf0d906241029c9c4817e00ca176a4ee5e6e7d7a,413493156,957,80c63c32d77a99da4c1af5616db6d88004fae09af22c806430ab82f8ad8831a5
2f08d52797c7eea502f9ff58fd756ecc6f8aed543cf7f8ee65deb476c8c60c2e,408881629,946,9db992001c3f8e70a46c41f6fe4cb3928b3c4234155919ea7bb8144b51932e3c
2f61ab2a4f0c90f87820dcf069f4b2d025f77e197d52df98328992b6b7e46dec,414966728,960,f7d1e2e1b02d3b7a1124a118ec0e2c46e38083a6229112aa604660caccdfb629
2f7dab9e0db842307f3fc490600d1a6bc58a19b0bde1c12f349e393f66f7e688,414170094,958,10e5687b2b95401cc4dc3fddbf703bd9b402d9a2239a66172316419d96c3613c
2f96b86620aa36c19d7860bad81d8cd340f7f4f7d2c4ef241c0b0e8af2b8b1e8,414015292,958,1eef63fa6712d3ef9ad3bf72a321d10afeb47ed19c0a97e14e59e359b745fdba
2ffb4e4d8f3546a686340bad52aef322112c75489bee4b5668d98eab5908f0f5,411197198,951,6e80b58ff2843c9bb92d4831b97f737e1340d50f2b21a5bb8c76064b55404f4f
3042924760f3638de5b42b38f6ae5ca541719dc4c65a8f81c6a68401dbedf8f0,410671041,950,857546fc9deee9e188a3ae1b92c19686bb77eb4d81e8a22d76539a89c0dec9a2
30689115ba53f27f4dfe3dbe302c740e84daba03180a2334daa2ae34940bb8a9,414525616,959,38a2417fec512fb88254d3d35a566f0e1a8827730cce2ea45753a46c24cbb27b
30a8f9e67c3ab22572d3a8e8072cad5beb04eff531c8c0b109eab741d96aaac9,413963500,958,b1058b0fdebdd8f80033284015e609eb2164c3a1bb7008a244fd9901ae40d0ce
310c3d101453e4ef663dbb477d72c2edeebd6c897d3ccc419d0e7d4327d50851,410886286,951,1c203e37307531d079d8d493b9fa1ba346fad4db5b998ff371de7d0d89241c96
3131fa476b92e1bf1a2bbd5d982f28c7ea5f585ef2de85121d01ed851729a08d,413988447,958,51b6cf44d100ce62a6d68563c51e542ee4077dce580b0ea2dc301e0f5b827ca0
315b16ab1d092fa1fe510f96b9354caead9e871a4a162549e4b7716f5f02d0fd,414875384,960,7c3569353dd0d5d8ff93172ec982cdd22fd7d2081106500d2e153e7870edca3d
3253672f1f22cb7ac2fdc7d6f70dc26844f3fc9d5755203d6abe470413fcc030,415052860,960,253d06a798daf6903276cbfe6230c7a9ccc8c2b95c28466c994d112e0ac842b1
325c2372d5a90016713752cd6acb1468c771ccd29b5cf9197c3d677bc1dc7486,414132482,958,a866b66c3c5dd55b98a2b292f75ccd2666a42a34aa7f7bbe10e9e7a793285b32
325d26e1d751d7160a2e05a5eef813091cecbf4e64b31e20201fb63589bc5a78,413659424,957,6764752bab30f5ada89f0963828bb2c8a47f7145be8fdbb57c3d3c6d151e4894
32d6af967620d9f4e345b67863e7762810338d4cc5ba6e992eaf0f7640495dd7,414136731,958,df0452f203a201b7eec6d2d403e4ef3888d407636581c9beac808c1611e46da5
337fd544fbfdfdadae409a5229bb4ee748b5fa7dbcbd2d69fa9faa3a8ee31e91,413917939,958,7bd99dabafbf592f2f080df4aeee4808a845b760059bba13f70787ae972f45fa
339a45cbb1e65028617fd80f7463aece6b041f04400f73f44db6af255020fb82,410165435,949,523e6e4e20b31ed18f4da2006b8e671cf911e112178678d1df4355c618ce8327
339c58104ad2b9aef6a36ac511cebee305148155c42dd80e1863b3bb5f4b7c0b,414648204,959,1bfcacbec1738457fb40fb06dc51b17b9ce282caf2d3cba12d0d0de112bca8c9
339fb07a1c275e4da6ce3c0d3a7ad6f142dc56bb90ca0588e8f8f5bcbd30a60c,413948852,958,f5b978e56046001f32deff01e3ae19abc6a819d59630a680d180396147309042
348c7366376affe0011e34f524493b2991f23d390de77183c8dbe2d2f56b943c,413920805,958,d6bd2931d64fc4ec065662bfe3e6404cd40d7ffe030c1b3def2270d650b5250b
34b8fef83d01f0828826fe223002257ef01acaf9729dbc595000ce491140f71f,414343885,959,a6177264c0bd2e18a4a18c2372623a8550ae2135255a9801aa79544231de3353
34d1bb8c311a12a1861b6c640b0c3c659fd16ed77b5ff8f2bf780fb125ba6910,414306915,959,94be36c6f0ab21d6ab947ea95cec0ec2cde6c6cb2fc34c3c12cda4a9b9d04f41
350f9bdbd2bef9599a8a5a6e82b19502f1717a0bbbb077f206f17c3949226015,415060956,960,4a02026626e31cda25c729c3b39330ff3c6b26000292c4c16d61f71a82769eed
351ed7ef8165c1da866d2dea6a5008eff983bf12826c85ea332a386105be2291,409628352,948,6f2304731d0b7051fcc1d18929fa0ca15b175e203689883724366096499c0df8
35797fa8eceab9bc4b00aa6a6f85d5df77c8486085615ae1f3d465f2a8ccb4b5,414398835,959,c7d45645d24af2958a2d8e6e0a6c5bb26543184605a3fb0e541cf3d48fcc5537
358da013d2b736b9b04651faecd56d28726422f9ffeebf0fa3f3c1cec0adb9b5,410768736,950,432620e2f3b7822d5e11e47fa2ce97318838c1c94925125058e759f5a864e0c7
35ba67d14b40402ea246735184a81329ca2cf43f34ef7d5d9174c96439d1a7f7,411188540,951,0371bb10f7da4ae508148c59ee9abf35007ce6fca52cc05724f499f031dfa15e
36103dadce5c47dfdf0a0d0b343c1cee68b55ac0feaeca2e97101007770e8b59,412570047,955,a84ade5aa8400d96a97e46925d844d2aa2e908b1697a0434f7a54023971156f8
362cb1386501af7484a0e2b16ae7ed89f1e263fc3d0f9ffae44565f4bdbdffbc,413973575,958,bed96e3621ce173699ee21fe6f93b7250544032ff78c58b8ae28dbcef674024e
36a6c1f2c04deb04c0f50da909528d25abbf37beffb17950d25ca07059b8d1c4,413859821,958,568991bb4f34adf4a5104ddd3ce860b7ad4d8e72254ba2d195be963ff6f73b00
372cb9174952f221a4343a90ced2ba1c295c32fbc42c22f6e8c58c375435f313,413669664,957,b9dbafa45bfa3f120962b5bd69d6ca73c660310bb7308dc55bc0b7ebcff6593e
377af918d4d19613453b0fd3c2c9a01d7ab971df6b1d6517dee799eef7d3e611,413626827,957,a49c861ef9b53c3921b4554711249cc0d5d358e1b01f291530b98a96e61d0a1a
37d3557bd355b2f32615efa8222cecb0eaa8a0f009a3ee375832e1a6fba2b34a,414484593,959,62e948ad7cbcaf7ce5948dc9da6f2ea1ee28333edb675a333d04c0504caef03b
37ece18d3f807d0eaa85ee1ea4406af7e2f5686a312cc77261fc1c9fa0e62649,414130904,958,d937a084137c0e6791ce24ae7563c6e2bffa9e02352b816bc1202b07932b5699
380f310b9c6592486588c36160438372c4d757e4ce56fe5ff626c6dbfe304661,413702140,957,af493c3de1e1c30a23a31182cfc0fc0f7ce2109d8f31fbdbfc6d711e6b15a4a6
3812c5fa689ac9b817640f1519a37154b7b604e35cb483b9c4b32751b75b0148,414480051,959,2cd950de1a48391acda8e13e953210ad2e598540aba86e3b29d29801700ca15a
382162b91861d9b20dab7c865088bf032496f24648c6456527bd1def6655af5e,414893463,960,f659d27f4e4bf6cf182b8ee1d871c7db733211f99d8d8eb6f17011256505128b
38631b826ecbafd84f18ea363412e8010f978cbcb37641dacfce18c3a2fc628b,414967875,960,b7916d400428715d9b9c7fdfd6922bf807d0df006bb8413bd82abd3ad89c96a0
38d876b5d3f2131b8123068de48e14efbd793b42a17a14e6a31e57d949543e99,413064806,956,f5662376aa8810de8b86c35fb69ff2e16b26e591bf5ec010e463e44ecc867014
39d1dddc0bc7b42909b095890da51e2b9b291e15c4cf42d76fd538fa7b4a2bd4,414041749,958,30b3a31757c289ad22363ab986b16d2771290ee04b283da6b070ca89e95e9da6
39d37de0a3a5d2e3829cc69c7ffa0bb4e13445f93b79c43d2dab5b9349fbae52,412681200,955,33ffcc6d36756430bb438101a5e1ba7f186e59070f04e8bb28aab88ed5dc687c
39d948745c6401782c46779df8157e01d4c8023d659571590fe27dee2d8f7bfa,413574319,957,7dd97e3721fdfa9a270109f031a01c8e842751478c1aa9cbf22301b1e539ba13
39df0b0fa5c39a3aec0651bd099f5e6bd7a2ac07b3760e3501de9ab802df7ad8,414486955,959,392848c143a2502ea5a075473f7de12c1020ead40e60d28a384e5ef97fc4ba6e
39f49d62d66d346fe3871f957e8e521ee8a6df6e6de5c57a3b9ef2630485ce05,409111936,947,f8fff746a02976b08747163220077af97184559ab113973f91816088136cf920
3a1ec3e47e0c6b803e29fa2239c5dc79bfc6c522c725720f97c916e76a451de5,413613065,957,8b4b568ce9883c7f0cf8de12da6d5537e0d952881fd455238417de43b53614ae
3afde0a99634b50788025ee27253588d7ae8f5a25871623e5093decf334d64d4,413627111,957,303c073ffdc3badee4fb2c09f37254c21e5d42c161a17a105ba2978831eb3483
3b5063efdc7ed542d123d358f15e5dcc6aa9f1c2a57dfe4f289b6158a41ffdfc,414209095,958,b9d57085503659eae0588cdd70580eae23cd1bdbae6ed84dd95551186528d6a5
3c2c76aa9bdddee8f3b51f34176e3275e266af9e785757c3e9fe92fa0fb0027f,414439586,959,ebc9e0e7e13173d120b962e3a4adea369dcb3f7e77e01ac8402bb96e004df383
3cfbc8c33c7d812a762da3c4639b0efd7a19a65768717bb8507f5c37b586997e,414654885,959,ed3dd077e6bb80f60ddbfa5bdbe3f51810f418423af45fab6be5cbd00e7f9dca
3d41719e7faa50419a7157b86ae31c3d41374d5f6e1f605bb736c479593f7b1a,413912500,958,60032771c3ad17b988cb33d5a21a548fb98d84f198386e0fc443cd6cde58df25
3d42e1bb79052aca992a104bfb9e77d0d2b214fff1d98492511f6651813e361a,414832835,960,46b13de0fc463686ab1d535afd439cf2b6321911b2b5a16495ca08529ed14a1e
3e586198d0109edf7f7919771c7ff119f40e25d039378164bf39abf9e71b329d,413967823,958,c205aef8b2f44188d1fff3fef11af8b8ccbadc5bcfba2eabd34b11dded2d5d25
3ebc171e738f8c1cc447158ce7a3c9cfac21700fb6a1892d1388cb32a6a25392,413643016,957,1ee5b165fa88e769d1bf794bec9adfe98bf9abc19094e0e65059af410afe8a27
3ed75719ae65082bd58c11009d36e41c9fb5b807e404d4faaa5337c2f9f79dff,414205266,958,769fc273414439878f0ac1f73b8edf34080e0e9ec3e85f53a7f70457af316aa9
4032d7854ec589a337f324428f6991f8f2ec3a52df81d712b1cc567844cd813b,413550746,957,9f5db2bd7dfafadad0fba0a78850b0c52b4fec4702d6177047281d2c160ea0b0
4145fbe2afc9653dab3d7f751dfbac120e893889aee25e0e6bade80380f155d3,414892807,960,fc7d995c51272ee5e40153530aa80a7cb8aba41d17ae44c303ae75ce464551e8
416160617d06719aa6e4e03297eeb9cd53284089ee31382c539396e895386df5,409509388,947,4af37c37f9ebd3cfc293fd4404c98742d08048e03cf2177bbc6756e13119983b
417ab09e50804ea8c8ad6d7679d43be9d8a6fb6fb1b1bdba4ee5376ec0398e2c,413619314,957,3818cd7911f67bbcc64dbba0f656633d82c032341556a6227ae74ed8ab2ae11d
41cd2d099342c210cfa2869d081f56fd73d5ea4f2a0962b0c88efba6f62cb751,414998141,960,5710160269fe192e069fd5491299530a174f4db5edfa535fa86002d2b5f86d7d
4273f598fdc60d03233f7ab64d9d3c1a941e34f59295d6d9716a6958af325e3d,413884644,958,8d67b5d553d9dfa89c111b81ff4001551356a07dd8614e968005592b1ba851fe
42946eb7d930137f6e365cc8e2333d8d418253ddedef13d0b8b107f2d5af111b,413718431,957,b08a8f8ca380561b80bbd6fa1d8fcf2839db4bd08b14d9d87d3bb59aa5694fa7
435a907e7a2ac70b85f0cd297c36969963dbf7a13b5aaf6ee60536b69bf8e76f,413711123,957,5d7f066c5e26d4f8509549ef5728d61137c494dc1a66017e149f694f52da4394
43c0a7735bd00402b61d90f5ab91ef935e12e28d1ae0a62ba6d9aea0c29c7207,414161115,958,f75904138533ece50c2a0196dc8f5466e92c2e25f1e474c1b3cc591f7ad2e9e6
43ee415e6f1d0d1bfd9fb638a902de29ce18facf0f49c275997b336bad3c6122,409484053,947,52fe37432340297cda8b0e65d8d0d9300baa521a813e4f68487bdc2f6bc3f74a
43f5b6e37430dc60a69c9835b115483d6ec0cac43fc5fa3ff7ff1f718d6a6cc4,414638418,959,d6383aad9f1b4dc875ce77d9467dc00cee9ee9e6671656b3f6a82a0eec8715f5
43fc5e2f067d238ee8a73bd4d319c12d9fb7e61d467cb3171ec997e6e80f5a2d,413681555,957,ffc27fe0a4dd0b6ec522e4abc62040f3e1da35010a7df79a6b0f39d0aaf5aa4f
4439f6f1bf112819b777a0bc2e7bba8d0352957bad23d6b73d8b9d14ab319390,413517071,957,cb65fea0a16e664edb27b8bd98c889ade49da61c36e71d5b7d7aec21ea23840b
446fab4acd025b960fc076ac3b8bbbd94d54fb7a5e301c95da900d75540872d3,414947060,960,8697ce94f4615ec24d14045ef43bf8229d0b1725f6dc19cc281985666876d33f
447c554fa193aacf2b8fdd3b17a51ae260ac8f016406b9f080ae7519bba4fac2,409273870,947,ea33dfa64a15261788cdeae281beb2ba3bd9ea6ab584bfaf4bfc29e22df70484
4531f269351fe70a63eb3cfe7817045a0de0ea7fbcc6188c4948ebfecbad131d,414454409,959,8ad05d9827ccbaddb630af34abce5cb7f99f5c2b493150d1bb813b9ec0eed280
45765786d8b09756305060a13c689224a1bf3b7fa1d55f948e56014124458e0d,409694344,948,d20567ab320dbc97efbece3beda7b85fc8a0cadc0433ceaa10a9c64ca1e3d73c
45cb40a20792948c3d1cf7970f84a2754c9a7cbb57e5c88ae7042dd6fe1f42a6,409340487,947,00a97802c5e677eeece37dc96ca204b8fcc69c20dc44fa20c724b0fcc2397732
45fa3e66755dd6d07b9f60b554b208c43fab75c28f8cb95e5776c175acb7b702,413644801,957,4e5f0a5311f481c38f0dd28bb02653e7825773143fc1a24f9c829f95eb83c8af
465e9c00faa5d2b923ecc6cd933148cc0a5094c17a44aa6cdcbb4bb1e114376e,409237693,947,3addb191dbc4f13fb82118e1b39ecdef25e7ebec34779e0b40a44df6620be0d5
46d59e9731f735d8d12e1c86a9ab06b420ad78c1710df356fb016e53981931b8,410167199,949,5739c6051404c48fde8c5fa42e025653ca87c362285edda883aab3b218f305e9
47288c46502386b1eea49579c5c6dfd205300545d2635a8246f51af320c781ac,414940497,960,7bf49ba443248aad39cffa9f8460c662f6521e368413c251be421a4e93e8840e
47f72dc2d9f5007d94dd83c07ecaf6a4d4d6e2d3654bd517ef350fcfae2c5064,411561317,952,ead60df466143a91a84226990075d4950bc2bf10ee18048dc5cb0d5987ba7333
48376a48ec88e07a714d9f4e08e2a27cf738ca74af7fafb21b67f1f08b0a45ff,413445739,957,f5ad38cf6b3c49c23c3388411b8c89a6b991793bc0e4535292c0afac44866553
486e0d25d7d20c10ec88536a8537ff3f5c25ec39054214ae04fe3ef6063b8b44,409719203,948,c93887f374ffb20df049a440b8b0237f39fc8126147c14533c4dba208c54d953
4933e3ba5cd54686348358a84fc5c078185f0237d80b5e31a142c1d6774b8e96,413668028,957,0d93a0b64b813f1d13b1e9a32f9b975ced0ccaffd1b15b710dd7fd9bffb189e9
496c62ac4c039800b7e843deff7dfc1d692f3248ba30440e850c8766d03b34e7,414962734,960,14711346a3f4874434cac4135dce6ca32b429ef759e4c9c69b6ada9bc2e31d51
498ba2d7a5a99ca1e454d2646f706d36d5068e178114ca273afd184cb352901c,413512289,957,d9c690d1922c227c8ca1cdaad427676a5d76ec4b418ce793e0a68b7250169072
49a9307e34e2a3d114eaa7a7795b643143e592d85dac9559ebf4765a3ef53f69,413106541,956,0551378a45b4a038959406a0c1befdbe45ec044b6395f0bf085b13cb38666e7a
4a450363f2a099b9d9b8f0a924f90c15a69e50b10aed1bc251e59bda5648cf48,410034549,949,da9bea6f19ecd3f8c209f5dd318af68721eee7a6242c6245c91a97bcc265242b
4a4a112fdaf682dbb6cb4e4399d96d3bc73e81903a7c8c8157ef58950396dd83,413826848,957,9d100309bc6ca23d76ae89427193d654c7aa840f5e76c8668772afc41dc333bf
4a590255eb891c06c52a59343bf5c85db57547fd2bcb7bf9dc059e98c11d33be,414499458,959,f4c022d4ec32068db2b311897c616b7e126a299bbcdc6cc3603412da5f0d6635
4a882db68cc19c16a31825b9d7f99992cb990598dff17a687b0ee2d5d3901032,413798630,957,564b1a115657449495353ae96c5bad4287138208b6a234f4c7f88d05fec4d034
4abfa8fead33e16f2771df4ad376537102a79ce938eb2c1213579ade3a0cb521,413617886,957,6b13efac03426ef62060febb092a38268a3e0f7549e6c8340efc6c9cfd2e3a0c
4b3de8e1948271452bf5266e36d273a61e5be21efb2ed7a3fc9e3371fb800ada,409263971,947,bf26cf9f5281a7a0a0b21c1ccb5fbb77b7aee1e758818e0f6d9db602eadae2c1
4b88b38af9f929bf7409357714857dffec2ad228f0236b0501b84b9cc741a9a3,410728333,950,dc32a77567caf92c8e4f303570a8f5318e543f2989226b46a00588b1f4e77da5
4ba2398f9497254ae51c01ff8239f41a2dc39d9e633876e2543f062b57c2d8f0,413951913,958,47fe34097bf0949c44114e854a7747051b5a6111da93baf73753b61ff6b4510a
4ba9c785d3bfa3f1b4ec54ba963d7bfb081603f5f48a2c02ba7f8c32223fe2ce,408965897,946,59ceb6455398a4f7e3ddce8c2349f22537750cfeb8a082944a23b6d60c7147bf
4c0ceacc0d87db198e5e4d6ac7dec66aa17e1dc2edd36735b0050decfef8b1cd,413922096,958,14f987f3e0de31f360009ecf0e8c4682bbb7fdbcafc59122017b0197416c4218
4c3cbfbc79887cf8bdfae59e30ee3dedede061bf4cef8ef31c11c204da0c0388,412931674,955,4a6ad4505ee9823dee0d81bf532307f6c0edd60c90a5bafa7fe5418f85b3c38b
4c576bb62069a413a8fae99fc4f2c52d92838d5c4d0deae9d3cb8a6ac022e26f,408935129,946,78fc7c283cbf4d052ca4d47013db07589ce9022507ad25646e0c8c64d9cbf2d1
4c8e8a1056207b84446dd1339afe83e6532284818801e88098a03f8b67dc4f89,413948182,958,9cbdcd45cdabc42f0fcefd22baf5b73cf8076519dabf3a5e496a69f607ce4a40
4cc71b1486e7bfb4bfef08875e03be7440be886e0746f12e40d952ecb6cc199b,414375368,959,a2b1ed2748580cef7cbe943514eaa0277f0081a19a01c727fbd5d3f8367187f2
4cf49834391576ec2fee82a5c666b3a35ad57890b8fc710fc7e32ad5eac22675,413666119,957,e5e9beb00a396bc93a0934d579aace17aa22b48c0c6f3ce2d0629e69fc8ee92f
4d418391af0d21b4278e8bc3f8456c89a7e82bcb7fee249232a4e5e2ee8adcc5,413977309,958,88582129096d900b00c1d610c63e9d8c623ba3c3caaef98bc51edf04990a29ad
4d9c4791d843b6a0ed09935bd64a0424cafa702ee5e3aef7fff0e3d517f62c2a,414213935,958,53d7f009c65e6b2a18326d0d83f5ff0ef9314b27ad21a8da73a61149d8cd7047
4da9de177aed603948695bf100313c47fd999dafcfa20bca9b4dc3ed552474b9,414570892,959,1f5dbabb9cdb5c9b6e9c6892013dde80c03f11e0a4fd8e0e25be551a7d240a84
4e1c0ad740120ee17d7255ecbe391cb2781cf69a413ba5d5abc334a1f6d6b9fe,414655884,959,5ae62c0fec7b4d2c03d21bf6986f3dbc6785efc13568bb0949519e91dbd9d874
4e7bc6c99ea8e33d6e3142bd4322c1ee27da49f4ebec48efdc032c5c5f100f48,408888642,946,bde4eb6fa52366781b280b0171e09cc76588e25e300a158939de123dc394bd1f
4eadb60c8df1a6f23f5f84839ff9e27f94023379fb4562661091fba7cdce6a1f,409426655,947,6f25560be2077b66401fee1c863dfaae6840f93393857d4ddd360466ddeeb351
4f166640d13c961ce39a467c445eabf3543cd3e57c7386606dd0bcd6024a05a2,413717262,957,7baaf9cd64be9a23aa598af3be69cf239df2617f6f719e3014534fb697706316
4fdabba2821944ed3b555a9a0b36a6127f5155fec8a98058e2bebeef0c3a102a,414641183,959,ef61bb326a9aab3a1fbb983f4e557daf5e52bfd8e8ecf2d0516e629dfe8a3248
5030582b418a3cf56e61f923a1dfaf45d8d1062c6bd75eb1bf5740d4f0c6e6d9,413715984,957,284e006c99b09932a80db677d9aca04260036330d8c1a79828f1c1930abd5ba1
505cc565a6436c2a936dcea0f2045f6446395cec200935f08210f3232148d822,413222925,956,473c7b0dad6ca9dd25fe58e925a21c02bbbba7d22fa1532a6dd690129f07a2e4
50c257d200adde7f645e04120ad2e13f8e187a3fd1a98a2c660fb127856032ca,411880242,953,22f0449138d1c277fdaf0f13ec2f500f94b3dcc0d6a6c9f9043df63439ba528f
50d3d1ea65c43da5c1ce36a96cb965a38adecc6becc0057d24eeaa121d8fa165,415051900,960,1c185ef910fa0e2c1b7bed9e79ec839ba530cf13ac600f228396b9541b75bce6
510ba6364ab108d411f914f2a1ae908b48db84af5945ff515620b11ae0b973e2,414881651,960,7f0841bc5d8195af9d1013dd67f83533cb98b2e0caf971df23cc3d12bbcfa028
5149a0b2f43e878751d768390f893f8d261fd006363935e8915ecd9b973edb3c,413624156,957,082f68203f47a38950257cce830c7a5d62d39586fe5c8d78a434b3953c86b2b6
5159568af903cf02737e77d4e2a7211f5576d6e69eee754f9d8841617c54d7b6,413517069,957,1976d0e66941f9a98d360ad4976bade10018085b96828a254f167c2ee423e054
51dd08e4c6101811d31be93c090e283e938d865bb860c2d306da321b32e21751,415023681,960,ab7c6572f851a0916532d90556042cf9e2f95d1e6c5d16b2e13eccd25c24a6c3
52fd232743686b759a6e2fa3fa3e35563131b1f6996f732a0d8385073bd9ea71,413308705,956,553465a8f8ea78210bcc5af231dfdbf83288fac8d5bf634debfa2ce20f0a59e1
53115b58b7f5afc61de8f4935ad009dc68212b03156ede6f01e07a5085324934,411203357,951,12e6734825da1b35b20c49f7cbb51c95e07463366d67a5824138ebf3ec679f11
534d9b8da2884a3ac0cb1f290202cddfb6fcf527ac5da1c5c01af5c1e1614cf2,414889822,960,2e4ddb47430c3ca8e6a017cbe4badfe404541c06a1acf91e9676f504ccba95f2
53c38af7de7ac4c3065efaf3556a900bda523be4888bfd7ce91fff91d1a60ecb,413624264,957,da920cbaa78cecbdf995802cb04d4f73b2173a1209eb228c4d3b540b6097649b
541044218c0d1d372eca1dbda82b94ee8233d4de7cda1d3e72b9ef6f1b2b0220,414487365,959,4956dc7dd44e0afbaf9c31bf2319678631e268884b2bffb08d0d1ec4a1f5487f
549df4fd5ac497728d8422e221b17910be243bf709134abe8d624eeb1b344a75,413638227,957,2302cf9acace1f78a9885efefb0d96532de20c4ee3eadfc16306c2fa31434725
54b111f01e5b5de83e8eeea56670762bf56753baefd361daee1678e4e19cc247,413898929,958,6fa9ea9c0710fbece97468fc4a8096e82338448a6de0bc7bd0e6374782d8b167
54fac12bd7a281a7e904b159fe6ac2937d103b0ad491440baf5352dc84ab3988,414335242,959,88782beee05f1a1bd2a02e3c06e7bedc9ab03f870ae261c3a05b5d437f7a4152
555064f8818e02d5deb418ed569e62c85311650009fa6b12e42e47cf545635b4,414392866,959,ea0f4df30438eeadb41ce70529820ca124c1459bad349888792a79e39f138a4c
5562f2b5263132646770d4bfe505baacf57b1fd7f9e88b120176c2acc37b31c0,411911979,953,43fcf4bf3755d3d7ba64c1323e947bf3d57d969125ce24c2d46e77cab794d5e9
55b75638cd2257440390ea622a4d286d54c4922b6e8a4c2315ac35c1dc009e07,414397973,959,ce23c9f03e1885e7a55ef369333e7d7b5c4a5f61189c89f1f8cfe491926ca733
56172be1e0b0c9b91830ffa51bbc0605cfbea0dd69a5488e18fec60f1c6084a9,413774469,957,1e7e025f76a60bdcd370660b7946854a09586618077c01422562dc297aa25d19
566d2c79013cf6df208d2ae816f82f049aaaa1cc4572c3cfee23dd958f35440d,413686849,957,b9750c8307ddad86ea38c81cd029e66e1e2e8d6116f9dd2f9ef429e37b5d47dd
568d16d31cdbf849f361aba5b99d2080185638a75582ae7c74b937063510820a,413665538,957,b4b6a0b948f7f34181ee0db4940290c6cadeda47af9f6a3e182784a7dadfa5b6
56abec49d9889c3a5743ed4992630ac37949db548de6bf568817c6f5ad802632,413493185,957,a6be67ba103523511cd7dae19f1d3e76605a4feb49e1929b6a241e0f9368de4a
571f2a07508a869ed8696b4608542f8af10277e24d9faa3ded5ea1e08dde7ad1,414653892,959,969d36bfbde320ebc8698b0cc60cfe8be9fe0bd7a73892c55cf1d5488685c4be
572a03cf2740d1e5580726f960a8c275622095a548a3876dc75cc059d0783a61,413858173,958,2a655724b6621b0818b8f6c7d2b934eacbec58796d4f6e6a73ff19dd7a1dbe2d
57dcde1a71c216af4a433fc2264fbf912715b2bcf628457a379a066518ce6a82,414929388,960,d3721cab65c0faf5a64dd3692e337f9b88455b6a9160865592b9964804f370f7
58077b089fba96aab62ad53a206791fb1c1a50145e255d2ece99a9b9e411f9ea,414474840,959,a6e4b206fb838047eb9b6e67db0cf2bc26e5befadfcb6a0a4ab385a29775f493
582c69118e827b990fcd4162c743ea9fa4c5a386009f33bd7a9de4c4f403e8ee,413643116,957,39da0dfcc3e4cc5eb5b111d53977f4758fe79a735f24ab8c56c78bf5132d5360
584b61949359aca34970237ebc6aeab63efa063cc84afc7c86ccff71ce21a5ec,415092716,960,e5d8c23531efa36128dc7cc31022eb160b9b427ed59a8d349f0ebc328d8bb294
58a0b48061173998bc19a4c009c66b4eaae3ece3021af8a46dbe9f1f1caa5088,408994597,946,b345404ce16e9527e1be9274076a78d0bda6959fcc692fb24a24944a7ac15bf3
594cb6ce63dd8fac2a3f894f9a3afdcc3e6ee57d4fd39f16310009a1c223e460,413747290,957,17b2cd0a75c0d848a3ea21141a8e2c9f610c5661552fe662264e4489473c2310
59a3c85dc4ca27924ce3ca09775c69eed581508494c8a32d99aa0cc7e4ba8bfa,414490216,959,9eafb77b80a1808e705b3393a1d71b6004cf70807e0d3355ce697ac710718f66
5a19b2b54a98c476a52c95616e08dafba54a46e87d7fe94336abb6233ad5e5b9,413784051,957,4d1f7aeb199f5b51997612795af9e96afec6976768e7aa5c9d41d691fa696768
5a29e2e22065b9c8127a73791172fec3054f3900ec111c89b9724941ba493935,413643256,957,b58dda233c203a2e7f5eae4cf2020143262119c418b6262ebd81616eea5c9d77
5a2bf01a95dcdf279d0108905bb90812977335be91925dac5a3b0f3826992253,414485306,959,2f39c0ef8c394bc376b9abdeac6f6fd8487032fdae9a437baf8e2b10819c5187
5a8f409ea33ce3c809e11e6ad7ea049d328b6ce2dbc171f82796fadb30d6a6bd,413237569,956,1d7965e36433d1da66077855da6ced9597a765a33607dea946bcbf0dc9c56a03
5aba90ac1679a9b1e38f1dfbcdff933ed909a829c960b4d75f152b45f4edda56,411971448,953,9aed43da0d2d8a08f3537b8c2e783f845458f8667fb1598fdc85999c0245140b
5af36f3fe6d49601dc15681e2e7c439de9066d6780143cc4b178d14e7ae683b7,410741637,950,7d2935344fec560bfcb041ca3889a30eb641792840a503a54f020da198fd9020
5b078135c5a2935dca7ced0830ce0d8e70b4bad9c927188345f5e3153da7d6ef,413971829,958,653cc04847cf6f402b8b20782e17dbbc29850394e09e2cc402f8bc27077248ed
5b95e4dbb34f840dd73a7843f0fa1350a93b6c7cffe6db7b3162479088504cc7,413636951,957,7e97f60540b92eb2ca259093b4a71e824643e4084cff85f7304fab77300d72f8
5ba84cfb026e663cc03b345735ae687996994c2b87f298cf9867c7c4c6125422,413917884,958,69efddcdf116b3f3003a8db443042fa6f1ffd5884b333853bd71b1069378a6c4
5bc49efb0009e8f0a265e7d57a2eeb4978b5f839e8cf2c371866769405330c50,409478408,947,c2b6126e579eea7b08742e4912b8940401395a8b3b0602f8fb16d4b0e1d38635
5bdba4c8aeb4623126b921792ab985dbc4c4b10868f5b534ceb36992985d0415,414039620,958,d165c68f42d3937d0b35d60fd874fc6ec8f2ae1613898eddff61b4e608569a19
5c18618950f34dd6cc673c96ef187e770263be208dc9fd1223c385b048eec9d3,414203882,958,60d94e62198538238c27d264621fdaa41854e2ab6e6f8bec5fb479b270ec177b
5c2a84465a78050ce765e76dc21c9381a339c3ca6e5a365f61d16ff8d24ee531,413526613,957,6c4f037d84366f2db818349da6d0575818c2f574bc19e618a3de7b83a180fcde
5c2da450f238cf65c5f1986cbde8da8acfaca708a424246eb9ca856dbbc45c9b,411947092,953,b7ba6c7f3215355ba79ab190b195ea1d796efc592b30732cd7e8de4e833a1f6d
5c4160b048278a52596d089cf7cb803bd280f9e0ef86bff891b6e8d0f831da51,414178666,958,1a90aabfd999b7d795c7514d01b453a69b992cf063d008551608351a65cd8c4e
5c8e1b0149189eef1c5973475b9b3067aa2fe31c307cec3a3ecc1e30230b350d,414508483,959,4d9afb85e9ceef4aac185728c04fc4f8985177bbd34fe3b62a17eeaf836fd71d
5cd869e83cdd5df938b60e570273cadc5675a94353e3a8f477ef888a5177a51b,409238001,947,2384e4b88d32024b12d52cdd7d4ea593dcbc017c83e9fd497ef710c146dd41a6
5cddbe5da69946dafcccd6a25ac09d752db3aa749a18e7e14bdb9cb755005de7,412783027,955,0a7a5a3746f829c98fc22789729b9b988f877b1f63abec924c06b125f45bea35
5d864a75de696cbad6533177892653f9429640e288bb923844826e9b5c317469,414883933,960,7954e510ac1fd4dbcafee84b04d79a6ad82a2d4b1fd42b2513832e0d2e7fad39
5e077596cd7c3568484b151793bc78d885a9e5eb305fdfd2c398f9d8a77e76fb,413947197,958,87c40d803b3a508b3d08ff34198ff54348bfc977a7581e2953d645c979b41d42
5f15064c3b9c5d30c64c44ea6a4b979375612de3f55a94d804b78a7681824048,413976915,958,7a381e787ada6dc61702a44d9a3dccad48aa492d445856a0b5f652df8b49201d
5f817b02a7f0a48795125940ceeefa7edb70738fb75236c77c60e6239ea9fc1e,411859678,953,0500798d26cd6272ad32ccef821e2fed70cef7c014ac2020c3512332d4121b79
5f8d8c4332c08ca38ae6e670fcb1c749179e8e91326e1db923bf1809958fc7ac,412855365,955,7726558de4f9a4aaf438a623756dc03ece53e1c45cdaee133ff584e38d7ca895
5fc0f51cb9500a587cc66960b9d6f920e7f5a98121dabf7d1b9aba74ca99d806,410769742,950,413d8e2a22d7f99eb402be0eec29ac06b06d1d80b42128295e07b49f78eb4656
5fca51c668d66ee071b352265421965b7578f3fc0c24060453621009123a7df6,414222721,958,070e45b7a9f82aabf29c493d2246dad20a4bc0b8d585090c5ac42bee62c4c081
5fcf0acccd142502542f9bce0dc3c291f903de00da317bd594823c7c497ad2e1,414336839,959,9e73165e509c2deeac50be69849e444ac07aec0cbc8597393d1fa4c1bf635d25
601fc8f8859f5b764339b8d7ec4c5dc5f389102c96c7b44b02f41dd2ab217d83,413618288,957,717a36bf00eff315e3225dc2d40cd12fbf329065619b13b8864cf9b4fdf28e61
616dcfe7cb608bbe1965fddfe59f1f9a6d12a2c3b5e91a79a5b86bbb6e1fdb0e,413922704,958,375171c51137d32aebd39c0c1d706fff47da05aef7d58fc9744cc5e34184f22a
61770099cc0f60cd1f14fb9da8ae944ab947218501881f0cd3cdaaca8f422ef4,413497953,957,369688d1da86025a2541dcc83265518a5246d6ef4dab3d24850a2fee246a14b6
61d196fbb1b4d335e57638757efce84eeaa1de61c6b24ab58b77ad9e248042bc,413607693,957,cc3f8dceba6bf75461b1caf517e31fa828b5c778cb0273a97323a5c59a67db0c
61ebcbcd7adfb3b6e8def4935f9239d5d1ca14d877b8dd5c337474c6d2fe66ba,415024642,960,426e9a80f99ce56b3280e079216a7eb327cf8579074d5bf950f86049ee76436c
61ff4216ce460484ed5338b1e4347d5bfb21aeff8170afa7b33671382b236408,412636765,955,bd9ceb8114f84c47224594340d7cd98f14a17996d7ba2ca6bf5383b5766c8674
622ff456795c7c68a3fbf0892b6bad8af1abbf1833ff217ba8db6d051ae16ff4,414516456,959,774b9f64debc3d8fe3628a44b7f3738aa0b183b4722ffad1be1446dbcc5926cf
6231ac35c24b5a09129c87db96805f6a31151edd331b183281f625ba4df62abc,413569831,957,fb72440f7f2ee4d04dbe2794c03516300423dd7fef9a7bd7a7ed0115f8cb1e69
625ed5d8642f8b071f4e4b2bf00d955a711e94cd4effb144e6445ec09d03b0d2,408808828,946,8257d221ab0a78a1f9bdf6894dfd5480d36745aea6193b6d8dfe319516884cdd
62633fb4e6c7b688dbad70b1fdb6b27d5b7f227189ade2708fb8c41b44f18e10,413889096,958,389707af844a40ec3c150819ba760f6a1868ade0ae0e227c0d0fa31e2ad7ee43
633bd9ea3d08d0edac5629b69f61f083c4a2b2ceddaf99510d644d72ff36c3cc,411205731,951,948698a8c12285443fea0b16528aadc62255ce4e07306fa30b67a88a46ea7c67
635985764d5efb1f99bd84f1425b2497e2463f4cec9660221588e3f5224e35a7,414189248,958,50bc75c769696b94ba340e3e6da9def53dc27ff7fb8b2d6535e3dfbff2dc1838
6391656a67c9e58b8d38ccb3aaded9743f726e830c1ee448fc20194e81c58467,412846028,955,cf99e19cf6463746b7eba6d3a50839c2721d577291183b98c0847e24303f97cd
63a38e1ad254cd9c316c9f253ccf3c16bf8ee5171498dc15391fbdd46e91fb7e,411597378,952,b443b570b6eebc0c32df8ca8bb076949089a047dffc5a89a1ca6ad4b8f4a98c3
63bc133a25ef554b06176696bd3b5759c1c8e76b3f6292525aa3d5a301a30347,414324372,959,0449dc1aa17b4ffe17086d4724a8eb96bf2a33fed60555cdfff502d2ed8f76b1
64b61584f65e7d62845ac82d9d2269f57bd861a23499f81d4aca60977748d0e2,413725946,957,4bf1487e2fcbac5530bbedfaa4975eae6ff6556b474f5d152d1aabe903a40694
651956f418e46f964ac0c5905e3178d7abe1ed682528614a3d50dc3ff77a16dd,410711978,950,7bc135a5d2c89464aa47fd0db2732fb523b06566cea0b17739974164b0a97b61
6569cfc1d45b8f46a4137c68c64dbc99ae8b2091c0bf4314d82829b7f9f83fb2,415010834,960,bbcbda2a00fe88619235b1509ba355f2d7c6b794f5fd98bdd5b2ced8e8b26f30
65704f9040d5dcbe1f8585df9677ff9e55719e729c5a7cc915a875a400b75875,409724523,948,580fc68dc04269dffd415e863cdcb018f57049b18b71b7ae361c590879e5a7d6
65af8b238077eb487ddaa6bd2d41c0771a5ed763d33b5562805d0005d810c602,414488367,959,1f6d0081d4f3c58d2466cec037dcc70237330b5f0d6fc746cfe187d481020ad6
65db7fe07d64949dd692869917b359135316890e28826192066b263e3bd82f42,409797598,948,51c370923f729fdb94e7c36e81fb7c128c2a5f4d4a950935b6aa460e4dda7ab4
65efc682ad966280aa0756db8709d00ae285a6cebf9cb0601a20960926461856,413919820,958,6fba0ecd0f1e3459c206dee34ebc7c58e834616882ea66e0b3cde042f4e67e34
6603c07ad8c3a1176b693f0d43512eda0532160f747fe469ac067edd049b53a2,411072714,951,e50accbad4d20a58057516ec84d9bd197f5d4e1dfdd27d2a9bfb9daa4c12de2e
662afae09a3fb1ea54ccc22e900cd7d7c1d1c70b5b30122159794257b54d50f4,411230800,951,f4137ec3781fa04561b6a5e747286a0fc5c34766b330986ce8047564b0072a5b
666d931446e8af0d5507ce4ccfa0e8365dada2a2f9e892b9c98c98d43553c08e,414283368,958,e8c939480d7d504024141aa5bee47b925bd8457337e2ecb319b19a054dff2836
66e6cf4f39d068fc786c709ba2fe5e649b38402c70d2a58e7f4e64bc9f3914a7,414420127,959,f6e9e4a87698d4cee5b73ed1208edcae1dfa84b2bc984d4c5dd48c40e4933027
6769382a6f9a3f8d5a938b9a38e2cbcb993706f25c66dac5c4af76e44cdf1837,414113402,958,0b26240acf2dd6a97cd39dbc378814a7ab8d4fe6eb8ceb97e19d6bfecef39d95
678662a596fa48983124839567c239992383e819dd08dc4e458f72f3bfd31772,414639393,959,c60c9d2afe40832dc386576620d95926e52735eccee22e0d51b20b4cf0b4bf2f
678f0794854819d9b294d489c58db100427c06f84852e861d038ac8914f24efa,415092160,960,a45e5ad29814f0441781114ed1f5711acd58cbc3940e1ad4f412f5e6ffe0da1a
6807f981f546d2e439c2583e27b828df2f521558081782de1f3cd5d0494cf7fa,414269035,958,218f635a4b6b8d0bc7c287d27b722db77b00b530aa1c3b3c2e7ff4246010c1ce
68521da92f85374f57efaf690c11b8e0111e9921c397e04ae39cdd93369e84d1,414136724,958,73ccb2a5e6e431f513840ea60c14cd85831306d62f7fca8c67d0bd36806f2d0d
689fb681290855f68d47421d8698e755375195776521e51b1fa5f186ba22da09,410690399,950,2ff9c5f416908b521a10a85f45b8af7cc3e05e999a1228ccd357d6039768f871
68c28d9ed38b09d29c8cb71f5267db65ad67095b9e9ac21b350460229e4d86be,414055698,958,e2bbb16402bd106e8118bd4bcd340418f986aab149da4442d82ebf97eb92a648
69a8bfd1d6e403455b3ca5fa06592aadf26f06ea2131a5637347974584a10e54,413093594,956,70ead9e57d8a36dabb63b37b635e7ce1d582a99a6a97e7b79992395977453f17
69e190715c1fee2c781294223df8a1fd317c0d3f256aed03ceef6111c4226c40,413062620,956,0690071bc66162fe54e44fcf83c145c7cff6c52ae3cd423b2c273035da416bdb
6a1a6690d53576038e9dbc12998b28f715e2f87338699459cc470fb9ba202395,414952821,960,23743a59c28dce63cbafc0e25c99c7a0339ff079fad27cba9306979e6cf83980
6a50224bee22d842139c54f7709e1d8eb6d2a74a5ef668c732d40e19561c5968,412859486,955,b06dccc532bce9ba1b71e80beb8b813e938e0451158057314520554090d45249
6a6ad9c8d579a06e777e3d62c5f6c648c37c34a15193b0a6217be4b829443bde,414420131,959,e73b0a962a27508f2b7a1758a2d7ae9e64a4d5e588b26db65fd97bedbe5b9ddf
6b29f466d401f8e19b28b62d2a7bd99754e37a2a2826d49d8dd8d99ac7b15fd5,414524255,959,2cabed681a0b2908f071ca61432e9014959704cfc270bf4c806ce82a4dc886c9
6b489fcd2f123a38afb9891b873f7aa0867930718638a9342aa854569b03099a,411506708,952,6df3a5ce7a7736a6ff59750c17273bed70cc66d7474324858460114b51c1150a
6c40ca68971b9dc23c16187cb76c5b61551a4c31f9dcff2c457c5b001920528d,410165654,949,981a1a53b467dab268d0d6eac56ce1355eaf72c9b2d2ef5aae482206ebd99e98
6c735e25480400c44976d531cc5535ec9e48e1c405fc904ad5c99ab73d0e2522,410843322,951,26e26a4494912b31aba9306a078e2612af785a379be8329ff27b75304f9527eb
6c7ca3cc209d1d8156103402ec2d466e58140b2177f9e8cfc16f70fb104dbade,411035168,951,375e79f534da4670eb697d42fc9ea384c18472996a71ff83ad02f6d3ae7af92c
6cb2a5126844f0479c163ba078b1b2f2cc149b7b05ff378414e6a36d4257c1b7,413955850,958,bd12ffcdd2a9ec44cef7b91fc1367c7a5ea46b0354fbc40e630347134fdd2a1f
6d0486d33dea0e7b5c0370e20a199ed965233e7abd1cc1b44c396a7d6f234a55,414483181,959,ff1ae94c582508c2acced1b74c1257a40e48a2c384812d28f811d5495074b2be
6d3212de5119a483f87c7ef67c290c0237264dcf4a25409667c1e9814eb78808,414525420,959,9f8d691195ad48ff3094443659703ffb213c80648e52417444da60d7bd9f2457
6da075124b39fc03e6f08f6fc831711de577d19814abf3cd5a84725a7c642214,414680381,959,74c9bceee5df22cf2c1ac96f14e4b35a0417265ed546783b3610fa5690b80593
6dab0df40822cab15fc07e644742c542acc0c9c3df2834e4e5be8c16e3a501e8,414258683,958,12c48352ecd1a91acb23bc3600fc2ebea712bc7ab7a1f2459dc97b94fd1b34b5
6dc827aea64bf708c4f44dbcd19c8515faff4ee6bfdd2c277523165cf409070f,413593696,957,be562ffcf2753676fbb56e113f7ba575ce35ad72bb327fe02f136aa9b26a4aa3
6ed5af49be90d08ae91deca99978878b33963625955bcfb171c02d187895664e,414508826,959,d89b85e812584443df259a9c8c494f93157e781dc78e0df29596536571c6cdab
6f8b2a3237e936a13712a25d56a11678ca754d90c8336daec8cb05e610c2bfd5,414526308,959,db5c6f005b657c4b08d40f40cc4e9a80eaeef325ca0a36c6b3fc0c783b56813e
6fa6292ccab6cecb5fb5d6478ff73a46d74791aed2da7a2b6146c1673f2d001b,413683003,957,979b0729928bc476bc5a5b89d6aafb3b9f7bc809e35eeec645110943e4faaa21
6fba3d824e2c84811f5f9faf18178c443bcaf09fbbc21c22fb55d635c6d66173,413213743,956,8e31459abc4315520e90ab9076619ea294bbe6f30af5dce0d6ba97e402739dca
700cfe2481ebe271b8ef856df5a139cda6ffec8dd9ff8f10ff5b4d0a3bb41563,413488683,957,783ea1be42515269c1942912df2571d2ce4069282e2ddb9829133fb2eae4133b
702f8ad35012c2969e60a027201a96ee51b20e3069681016e1b493c2cf863a5f,413783995,957,88eeb195f3b62b762bf4970d6ace471dd8bc70321ac8a0f19c7ea7cf4a1ed350
7061bec407b60e6701abf5e30bedc940cd7e557a606dd2e05ddded7a8972c330,414350030,959,e99a73458cd2adbb8a520a6cb029d1c22b41d114542043593691811afb92a29e
70d628ba1dfa104c83d3f5e00ab5e841a9326bf114c493f87611b893e648fbe5,413455000,957,6d02474e13ab68e5886b3e8231e25249a314d957013747820b963e0da19162cb
719a7e267af01e40f27013d53c33370d2e3c87d5809f0b1af05a8fb6a66ca30d,413660113,957,7742d5e47907b6ee7568875f0fe4a838d5720bedaa3b05dc16b3372b8c99e5c5
71c2e1139fe08a3f599d95c244c626a56474fdbbc93ae9b4126f2b4063691ed1,413555558,957,7e0ba3a51dba951a7fcf7f21e232f14dc32a9d52382c83e9e6fda1abbdff4dad
7265e407489f2f7f49d9b9ec99d15dd3e64bf6e6a22a29fb9445f5309d565f6d,414484422,959,a3f9e154bcdc732bec676211efb5c7ad7696a4f4b6118e444882aa9c050f0453
7275db1264b67947e69aa56b017352dd7f7918ba689e8702922dffd536daaf7f,413488370,957,7456377fc6fb40add126116f21f50c07d21f57944559050c4339f1d3033f2f53
72e7df7241bbfc1b17572610b3a9e1865d581709e6aa1cca39c536c88d7d47f5,414379188,959,91ad65dc9de1704903a27f8941e7016417ce45ee25e426a0428dfaa7a95d0cb5
7355cdaddd1dfa5f0d9680854a34d8bd4a992169226a0a09d6c383dc9335277a,410714449,950,c465c8ea20dd5b55be23ab8a883b164eb1adfc810a646a7f0f224594ebb49c96
735f031f73dcad66ad3bc86edf838a589becc6badd5e06fbab9e14b422f0fb9b,410028748,949,c51daf05ee20f679a298aa9722e60aba5cdab07eca1ddc929165ded3dc8a2990
7398d885f4ed682d61251431e205cb461641b64600b2f41720353f1acc45713e,412772541,955,79466b5f7b28f5780ce6e1ccfaca56897a24db2356f1b84428494cc25c4a2b4c
73a55b21945e9ced7c62aba325dd9a507688db8bdaf632e260e18d47e8c907a5,414635580,959,f56ba3b73362ab129bf0113ba20dca71f07324d1dd1905cf55dc560f4437fc2e
73f92fd9569dad712464b9cd57c1f398c460640f838b3c713f53cb2d932e8522,413874553,958,d3d14ede12cb880eb3adbe867b6add4381ea9069ab34a1ba227c9de50e5f38a0
740a9427ae396c0fa74c32db15ff4df563aa5ad1acd3d48fe0c2cb98f4adcae9,414046190,958,9dbb27c2e484eb3f6dc0ff5f2f65cba43865ffd4d711b9964b828bbef55d8416
74170bad3c4c8a2f556cc6263b94f3a84355ba179b4b4b691d398cde0c33a736,414134491,958,e8bfb36eef16c8febd91f06122c10cbe6e142459d9e2da141b9f59f7e2408d52
7466df450acf0cda27ec879e4a4f634cebf76363daf40269ae86e181e195aded,414637827,959,080ed2d6c024260cc17fe00ee80326ec3be7a100e14d8acecf8558a507982299
751a9255d42ec137b040aa4bb436252eff658b057922b69ff1c6ae386244c47c,414421530,959,0f520839180c2fed53be41c00ecf427414df5824ec7c902c2320481f7af56ddd
756de75681007eb28650334b8e269858aae86dab82462417335c85d4e6b490f3,413793596,957,b170885e5e7910e913dd4548679bcc3a023fc3a23723223bdc33dbac6226deb5
75839c63b43ad6a5a470cc90235aca63f9e7e06e79a42edd9326be863aa472f9,414348360,959,eb90e2bca14a49d6e230ed556e90b8b4fe65ba8d02a2ac5caf4a0e1610614f0b
75ab435a6b8b9da269165f45334bf6b9d85d07579fb86a72145ce930a5de3b7c,412932248,955,a0d4d8d2ce48294fe0fd3dbd1299d3a41d12a578856e4a73216aed3d98807dec
7620ebbad385d0a7204148ef8f7bb99a2d3058d4d65e168919f8be9237bab9b1,414354775,959,ff175072f7a17250aef83ea641021b772be4794fdece9c3eea6fd98d20c98b33
7632ad28fadf55bf1704c89a98e206f36d333452f78ebe2db6222595ddeec136,409284946,947,cda88cf3bf88b8c87909e1e49996a56f528bd15c13b450ae19606565ca32ae96
765bbdf25bbd3dbfd47a7c13a254041b5fe1fcafc5547e62df4754750ec13641,411828162,953,45390c0f7edeebc67b75b420bd16df6d6845348aa9d72bcbb3fc97d6cec6a8b0
769340c7dde4de94c67a00216283692cc93aad23a5dfb5cc08ae16d02010a139,414102828,958,1d44192052ac8a5fb338fbce49173c77c621f6938adc3f13e8d32ea0a593b17a
76a53d7b3e3c26497864c6821a09534734ae3e957ef46db29a10742dc4605822,411326822,952,35f99e244156d2b1a7ddb49a5d99514a7480ed11da9c40f0d01acdfb6ec72819
778e23c261b93c137875fde46073ee28b315e2227f46eb389dc9dfe503031ccd,413898329,958,8a0e0c3f53889b870667fe69b36be52f261e176ed698b67ce7f08837310817f5
778ed6892f29273a929c5945436580e766b9ad496bc9c3206a8cd38b6fd0bb48,413540948,957,b4ec5847d93856f8d5e12d6d5c2f30be83d6fd79649cf1cf8fe5330a12398e66
77a82a7033d93943a9d69218167fd9eb757f20a0f43bd86c98e28d26fe7393f1,414418926,959,c8fd4938415e2bc928aadaadb3596e879e4e3884526c9c5847075042e2b61f13
77cff6f4c70f3d4674fd0065b2f527abee7ba18a41dc9a759b7ece2f5f594551,413981268,958,85b95ec1914ce39b185d02a02c622dd4e61b73a9c409c4779a060d322b4e65e5
78e560d13584cb3b03db9e468d790ba3adb9d750a00b96c6a271970e965075cc,413893584,958,27e7f4ae4fe0bbfb8e0a68678c4347bf818c7c05a86867a777e4853428a6aa17
792eb1cb1df65c245f7463b922ac0df225ec2a55436d6bee504672b3991de620,409207417,947,5fc7e4ea2777c90f58691bab50759d79feea9dfccddac3c944a497cae2a0aa88
79a6a398073289b2f69474e8f5d9ab93ee084b94afb2df94902ff34d2baf32d9,409253180,947,b940c2f85a892176db2d2845d6b889d85c5783a1935c6202d967547c31d7ce04
79fe1d30633e56584058e3f86a573e953eef98f12bbf5723914e9d74861e6859,414103405,958,a20976dd522c859b7f53a9a2b93c9653a324eccd263a58fbf383dba14c36a3f2
7a1f4796da7e50fb4ac11fd94dd22d299b3b9550a4560e680503fd1850769827,413512567,957,2fcb9739fae602f067f591bd8bc101b74139705d6f7e1140912d56f6c0a633ab
7a2061553084ebd2494c310bb947a25dee9ebd9ecaa0b42d34bd9d4b919996eb,414895613,960,6aa8afdabd37733410cd400e47890f932531ca4b837441b37d4a5e7a37869fa2
7a53609200770ea87d1634538effe32b236309f62e11dfec4a83f6dbb5f5f9b7,413696286,957,de46ef1c000d8feb9fd6c0f48c106a4d9fa54a87d27e7b000ba0d7c41cd624a8
7a713d6f0b6bcc9fb3df436f6cbc047bc994330214dea0d82b5b6059d9b7a1cd,410803215,950,4df77f547db29f4b4e8dec628c0e7257548609d591536496c4b6fecd958ec6eb
7a9c9e1a71e1b97d06f2f25dd57cf3828ac5831d0d8dee76f944e9e47777b929,410248325,949,6dae34e16ef8000b8ce41299400392af75242e5dfc4882bb0d7d9ab1350477ac
7c4b7ef73d048620dedf884b57660e74dd4ef2c5dbea3dfb07fdd47daab38608,413798346,957,9420a42a3700a012210f8f1048100f1cdda004b812c2dabc961f58eb10d484b1
7cfe9d866698cb832243e0e06c21a68614dc6530f7b0f602e43678eca8c51be3,413958249,958,ce3c26bb27d8a6943af002d6c147f81e3277004490cc7beea51c42ed15388e41
7d7c061a47b0e7250998e7c10c4852391322e773e8622f8ae19e8d832f391a96,413831791,957,bc873efc9deaf2bd6ce2d9e48adb904463f6955ca47086067dcc1aa517000adc
7d7e34e1b3e03f38d2fccbead76caa50f9ea62bed9c3a9473573cd4526076cdb,414954484,960,6c8e768b53de766a71dd1a77ae714f204f6fd8d5a4ebc87ead474346dbba63a8
7da8e84bb52638c1a3c7d247bfc80cb356b67e0e65645c01d336ea55a173da02,410032913,949,b333729bd85c16c474e9d3509cd89f10bd76af2d6fe9949c3ad8694aea7d4607
7e0f7cf96b59b94adcc72b3d05594b3bb1b217a97e7be530612484d1149cee85,414122209,958,067b48e259b483b9af0d10b2acb7cad935fccc79dad4aabcc3970df1e3d47f48
7e34c149d386bfc76d803c5623ace8fd0cb74d79f25ed4892e37a617d90b613a,410697025,950,8cd9579063132f2324a5431dcf7fdef80c452be3cf58c1ea13de7aa1e209995b
7f0230d2977d0d52db2189ec94a074dd96737fe70ebc27e93c02a715eaee24e5,413641841,957,aa9ea9b955349386dc3a06cdf7e20c06fb9b824a4ce24056969e682675b00791
7faf5688f7c8c6fa2376738f69d8964c08c6fed2d356fc313da2e71b9d7c50f1,410443370,950,a35fef4806942f1dbdb4e9be62d3c9db84b15e83416de2f8ab4a96102deb1e13
802151f6a1011c0483f3fb3b92e9b9737986f7cc156f9a8c2c50fae254b604c7,414208679,958,62acfb4efed2939d0d49281ef0c04141f2effdd032301ae28488e7cf33057397
802671514ffe18e1edaa6bfbd3e9be5ba0ed9cd514c36969c759277659243735,409905360,948,5a93a32ac5ab3199b67e6affd278afdfd6443707a52062a657b7305a0891d185
80fad38d35230754ae0543f4dae434564a66243db84262e086176b93165303a2,413074402,956,2507f87be312990f3ee8260690bb87e7cb30c843adc63e2542085585f48d7886
814a4f5941c03944890fc5a73f21903c1b61928e74f3a625488f78e07bec6485,414485820,959,2f2f355ba7b91512b7e71d29dbed7943c35233e9f7640287c3d6fa4823e65d5c
81d71bc99f42fcf24b4a106ab9bdd32223bd1e925fa14d37bf776675744919ed,409326089,947,234334066fa3a63127a78a9d04e747fca560a1cb6ac443e97d3e75d2c89b2e34
81f70a7caeed49a56eab19310ca8872d0e934af80483889a0330f6bb7bac73f2,413633836,957,23824a623a1a1a4069ac100b40f3064a9fb38aa8f0a766db5b8c50d083f8d210
826b1ce12a6d4d12204b236d5f986e801e8d8dadaeb69892b510bed54c19b9d4,413876296,958,97804addf21e5435afd1eff634ad993efbb78dda7b27a8729947b7aafa4d27c2
82f936b72a220c22cf1fe17bd5c6daf52b504ed1edabf960b42bf981f6f60a36,413974555,958,f55cd33c544dad89688629a24bf4b73fe060e71869c34d6d4d055063d50ac5b3
830a4faa544c41a88bdc9657d6c3eece3f836ce8e4c46f418b2b87aa94fa040a,413602928,957,3681bf22995375fe4581367d1e6d549d550ce555b310f5b3725ee2e4f0c6d6f1
83c4c4c02ed07c4079aaadd4086b6cd290a4be445fb74951215ac0104cbd1bbd,411735925,953,66cfa07bd78263959e4054ffcb855feee96085da05f53feddd2091e1d946c1b0
83c51019f43db56491e21b80a141ddd0220b9b412d263faf190b0004d6c4bc89,415038025,960,4cb36c4d19dd152a187f612c869e518f9843a3a4bb56531ddbc02fd88f6944d7
83e622be01bf3210b5f1bc753cdee95a96b4413309ee7f4efeabd9fa51741d85,414124028,958,bce549e204a03a9fc79fedbc28e39ce868aea12e8f5d2396b6011a686af4dc7e
847e749e4531f60b36dfa193701869eb876343956384391f86192733b188eb01,409245865,947,0809011b15d8eab1a45d455c44d8ef5128db9213841b28da89feff2988f0723c
84face11092eb422500ae393ebf2e0cfb69e0b28eb7b4e57cf37c938ad5eab70,413831684,957,2fe795ebf0c680badc6bb73864c77843abe970616b6e4292c44ada023acf3fe8
8512593434a792cce53cedf65ef20545e4a75cd9687c5bad58a753a4c1a5dd61,414862932,960,1dda900e7f85fa634a7dccabe4398b53fa32d40e75bcd2151d6d7d04e4049783
85962ee57ebf635696fb0c424f48819b63f94cfb8246321490a6adb01872a974,411878284,953,f6fd3336a2b9b53026ade61b635723625c5cf905ca3b85c3680ec3c83aaeb2bd
861a9f1e56e78da16558fd57efb20564dcb12e860c8da26ceef068ab666e01d2,414041267,958,968bcd0de30b7d3f1d85e28cb5aa1abbe2146814ac1e5fb7a810483d36634b82
863988868cd44c8bfe06a9cf3836c754b4903d0ef509a14e6ac7f6b372158d8a,411134098,951,c01056bdb893f6a5baaaad1c4a6aaa4c4fa607a2a176b83171f747d962fc43e8
8665bc8b6921269f6cd5e41a33c7bbcbe005cf91fac5a04e192c09a3866753b3,413700195,957,c450983969ff4364b9793df2fb2805cc507574de47183d0495f94edc883d18eb
8679657423bc0688b57dc151941093501905ea0d9c5d138faa6a4a6d37b981e5,413684616,957,d314092befbbda320b0a61055589c42bd78af4d3b49752e8728806b0df9b724e
87a785ee294ea341989e86712dd9dd6d7765179491ab6519d2c51ddb3323aeb5,413633387,957,016a26507626bf556219688048dc0d97aa15136830da32b18a4ccca446753537
87a7bc1598a23e7510c7a2d5ae0527fe24dd47cf549a3a1a9618913dbe26cf88,413091338,956,5871abaa92ec684ee2cb4cff16ac0f8b20d6c468df28be55bc53af09f7b6355e
87c47a01ae93a9e536daab09c50f3bd5ea9788bbb133deb2b759f1a2f3240b20,414494262,959,a329be9f1e3821bd760fd0910bcb7ae451a440cb923ff4de0412575ed3d55394
881ee8c9c9cca743d91d033c1f411b5b2d5818a846c9243320a8bc3d9704002f,414939648,960,bfc76ed72ceb210f69607e7d33ad7ffc865c76edcc38742ad4efc700357e0616
88556a7c2fc848e6f1de870cfa571c999aef819f91007e0e434817fab1e836d3,408868338,946,c9a3f1b99d8920a4594df726fa85c03c64893e32bddb26b8425f874ae808013f
88b140dced469ccb49a1f65bc35298880d04dd2e9ca86d8b521c0a901471af78,414631160,959,9c483ea28f03254a2f803afaa29c761034f49c2078a5274fdd72f599801b3ae8
890e2cec241359a6fa98b582cd6e75b43372b4a80b3c1bd675ccb7a47ad6a6a9,414016542,958,d6f1bb55c36ffe9b1c44dd5e4e5b326745a21de575c601a88f2dfee848116e25
89bfdcccae5690c551742fbd0d959072d34bf3641d623827e0a1a2599f755d8f,413693501,957,804192715b9b5673433ddb6f0cfd83574e032f35de70d21442e381201a8d217c
89e57b8b97e69335ba4471a1385b48077ed78f986b0c211e3d8d291aedbc4e6a,413974879,958,9b80d50c1173bd6a21a5db4cfd3afb54a1c0fa18dbc461167e09fe673a3ef894
8a6d304afa9a11e77a24a460ae3e7f029167059112bb59da837e41725eb011cb,409598365,948,3478404380a8fa7cf0dc8f08eafaab6d7bf5485e915cddc0f44c53731c5cd4d6
8a9cfb7aa5fe2711d53b919b2a1f9107cae2482c92989894bf3b5da197df0831,414733469,960,8fa93af4f6d6c03f1b5e1a054dca2edc3a632061879cf4a57e0209752bba7ae1
8ac75b8f6b54178110c9bdaec49bf8ceb8fa54a16a8babae704f27f2d03bd109,414903027,960,9c74a1c9e9e6dbe7ce3bea4b540762a9c3955a545de53948b78176001242578a
8b0356438ced3dd1216b550cb9620c8668654d760068dff69eb7a7094c5f7e4f,413954413,958,fbd8aac1ceba8eefa965f89f6b3a7dd58a8eddfd9c0085a48f71bbf34541f905
8b32b4924108f308e4e5f76a2e429f6a5584a7df27a01b2c79f7df48682be7f7,413765319,957,165002d898c843ae0ccfc0bedcc78b16f6ef0e1e326f19b9bddc478e22c20812
8b55cde108fe3349722e4aee8a99c3bed7ef08fa42199601c70c1975d1ec88aa,411205843,951,88cb4d46e606145559b61f933cc582c22c4282de27b0579e7dc8e6981c4372bb
8b609c676fe3d2005855f33b7587973582b6c841b4cc8677630792badbf83bf2,413965006,958,01f778d31a5b1d6da33fd3f32f1781a328f102b75bd2a31f93ca1412004a7964
8c7baab62063eb3c163503c7e770c1f5ee5e4dcb6e0c811914f72d56d69e9b25,414882963,960,878f0bfd0f4d45f71e06dab67df22a070acfb433e1f287df7d2421fa950866cf
8d4522c7674d3527e01ae4db501de9a58be2f360b58c546732cd2903398cb517,413750629,957,5e1324e9722586cc613b99efa4bb236875f2fc3ef2f5f50119589fc8c1bc0607
8d5320301cdd0997bd31f5e365b47e3225966546ec3cce233490dd8fa46615ca,413793890,957,a0c7daa27f5958f2d7bf25780013850dd77c2f88b9918497278ca50243e4d90f
8d62ce954ba75f5f44624c95c74887639b029c95641ae7e0e1de43cd963e20ef,413934769,958,291a6b7dfefbf67174a19ac5a6f22a4fe6c954fa27fc0890785abd75c41f147b
8d98dea480b9a1d6009cfe750dd20d8506c1a68fdb7f92ca7b4e84e1d745aaa4,408973792,946,5d0a78bea98e6d27ab830aed0f7a376c5997f91e3e6f7aadc2d31201be813b86
8d992082e5429795dc29d38c40116487702e7fbb74e745255dcf0e2eae6b71da,410710552,950,a2f3289d98e500006b9fd1e0e4ade876be426a585bc76d70ebe2cffe40ef76ab
8de13610baf467932d385c3bf608ce31407beb4f310d4180e4614008fceb75ca,413907739,958,c8264b2aae172b52e8f7219a90005b4de7d599e81ea06e748bc6bb98859a870e
8e127a3536776f6c59fff3202eba5e08693f3ece3a217d4ec75e427ed470021a,414877107,960,2912cea11bc63ce369609a3d3733e56626a4603702152ea580b853ca97d4a062
8e3718475f1d1b4dea84872f6b3fae287ead2dbc4081a1880decd85daf556ad1,414003170,958,7fc5768b7539ace8a62f42df67dbabe05eb020a416bba891559e8f0a30903fbd
8e80c42233431041d85a18bc40fd78d8b2e46c235e9421d7f8b83a130dd53de6,413531392,957,17a3c5ec83524891127b9293b45d7f271b3fa90a408f4d4bb822f4408a429f78
8e941df4f36416e0cd63af77836e268f926e806eeaab06cb460e2225917310f4,410854089,951,e6c7c42fb6105678c936e43c6b3a0d7821e2f562eb194b8949a5455c12afdf82
8fe74dd15f6b0493329bfe712d59d21a5920912973d966863b37134ed01e3bb8,413624947,957,ec9a6274db1abcb5ff5d6106e001c95d697dfdea8e6109b32e0a1ab872c0f782
907cc25ec76b6fdc6ca976849bdcf8e328b6463b0150a6914c28f583828da172,413865611,958,0ffe6b42f790a09634e13dc159f29f9a95f4ec7801bee58c175c21fe53ae19e5
912eb23432435d11b22e17f42923c7e17ad77652cd00db2e969157cfb08b139d,414147305,958,fd2e8558616fb660351d25b54ba49213ea3a5f42b6a760a42622d643d4201ecf
9180037d72d157cf8d6b06cc8c427ec7c332c7e4ac4e2346f1ef1df8e0fe50bf,413955535,958,81a4d3eef9d0ecd87298036967ef350e67b0d9b6e8ceaa9e42e1954394c646c9
91b4a0e587ffa9fe12cc984e655ab59072cb961debd48ccb28fd1a607077e565,415054547,960,bd0a0c9127a2d9e52686eab2b92becfa71b713dd0e48d70aed869725e457326e
9231f645179acff18a12cbb3a4c5856d1f984348151216cffd4412e05b29b628,413722119,957,1300c6e2a8db7aea04f2d9e250f7f797fd8c730392c67d887aa1e051fb5d8a87
92b0d17419ba109e55ad81f73dd1eb75da769ed6d126938fdd713d6e3bd14e4e,413893500,958,0c4599311e169fe668dca28b7f101137766ac7b4936a1f81820e8cea1dd9441f
92bfab0b33f8a2c1f067a221e0fd3a9d231959793cf32ea94eecd34c32510350,413651696,957,968b3af3c4a2bfa2148155fa836ee7a5f5ba4b4a06712722e00bfa67ebc9b826
92c64b06dfe2a4d6d362c8086e0871d95a601422ccc43f8fdcfaf9ed419264fc,413704532,957,b174ec971c398d36d6ed4c56730f1a6717296a72d5d533e50ec6da1ac3eb2a3f
92cb7e3f7248f57815ec80a1bad8defcf25733a76131c0fe8744a36f87ba3c5e,409293428,947,82b73dbafbee26f2b3016ea63568424683892177e97e0021a8b5a230bf2976e4
93053af0940ea1a7f8d30efc853d985bbb5d426f698bb4e4628ede456162c60a,413469333,957,8c520253be1fd5ec8e19a47dfec7f3c86d532d43718060d53801346d1c57db09
93682231205c139817e1c89f79d88e437de3b5af57c6c45f3fc80d60357e040d,411570524,952,24e013d90cde6379bcc5b19f13cd988634e39191ffb82a3e86613a79e531ae29
94056d4aac02dfc910e486a1b61855bcd7a6c76e766c55991778ad31ee8aef1e,414637218,959,d37129970cae5b3b134337234d2afe07cc3e4ab29f559e59b3b6b01761b68894
9412fd02517e4ff5292e7131c2a95f6ed59f45df608793e27636adbd537f2013,414631315,959,00530294e514313121adc2ca775ffe7a3c7512ce8dbd638b39c810580d395a9c
94c6ac0e9b394f93dbc43154f1a2f3fd8e683d2b5db84389f8b3d787524f35a4,412727513,955,92b655e290c13e6c6cb3c7d52abe15f8a5b3108d86b483117db730ee4230dd69
94cf3f76d4fd7f5d4ccc4622cf0cda70e37643d19a6538295290a442830b2b99,414288167,959,772865c640736d0407e23472c41ad5a4446626c50974d2e64e3704e303e2510e
94f3be2dae13c40129ecd03b30038063f24f9d2d1991dcc5730e9e6e71d34468,411885569,953,6560b852e7cb80205692a3f07e84a3d91c80733992fd4945a94b061e3255e4d1
9511570f9a9fc0fb4620a56508fd2925317bf9f740cc8801a48453cbc4f6c1e2,414050939,958,0d15ef1eb6c2690a151e1af82bd354003c60238dbd5bca526bd7dd287e7cec94
95ffbc2a55d5704cd025df646d1b2ceed61f792034e16e2a616929f736796fd9,414046514,958,4cea54e0f61ad136fb50157b3d23ca3a771b5ccc1ec1abf6a666a0b7da81d7b8
960c1d77b05692ad5c531bf905f3ac6a371907da96f1147ee5e36fe6a2e88bae,414899424,960,1635279686b143d3420e201a35571174278a38c5ffc2400153cc7c048992e65c
962dd6474cdf1df4eb50d46d6eac3257a812982fb26d2b5ca99dbd39430ecadd,410036854,949,beb0111e567d526a741fb0abf7488cdc58fc88c12a0cf525c4c976524c991cbf
966649c19dc5b2bf9d67037e72fc69a552539d0323b63238d6d45fb2735976ca,414737430,960,d580c2d7253ce7ff244c50528b8bb47813889bc495ab0055de310ea9b4e947c4
96b8380967956f278e87e6fea0c9df83b88f2cad414cdb35e6e2805c8e235804,414135230,958,72f066c2da05d0e01ed461f4b978078f27dc38e3c38595e8fcb5665e69abfd87
96fdae2fcd149d73d8a3e0639c64b23001111cff1ff1b1f4a1b033883ca81349,414423555,959,5a536087c1775a41512290b285ce2f9009a8c7456361461ab164426065e071b5
970dd4a7c74115593ab036e03b18abadfa7c56728487531f032c306e5427e8b3,414128024,958,fe9e71dd4fe69171ba2d2b67c5bab289b16eb79a81f4cb0a220eea585906391a
97b0546ac2eb1e1b756fe380cdd78eefcbd4b0dbcecd4e6ca340c215ab329bc4,413931594,958,9d5541c320cf947139f0139434e727eb36d8167764cf3992766e2e5e2ee9649f
97eeea1e9fe6f63e862e06a53aeb5f41671f9528fc9935628e3829a263aa2cee,413926529,958,306d766ce7805ffc37866410fea47c4bbc52a5cf6026489deaa8814304ee6ddb
98af0dd34aa18dd9c79cdafe239ddb1ee277db1f7d426206cc044f6738807cc2,413639852,957,03d3a230468e12978dad6e0d62ddfa694f61f8e0d58148cc07954a519d9de776
98d00905e1f28b4ecd204f040252b6b886150b0102f910717a83ea16430207d5,414013553,958,880733ab9719716090e3008e400a6227cebcca00d8fe62edb28a9b766fdcbef3
990d98c78454d7d68181802e289d96242f737ce9d5f373a170a9cff57d31ce41,412775133,955,f27e1684c36eac14d5c4aba85cb79bec59b9f1828e2a361ac5f9402d20d767ea
9994e246288479b7255a4cf1c33e0088c56f98b028dbef13b81ad17ad3cfb6b6,411850698,953,95d258b8e445c3bdb3f1a328977b4da2a342dd4ecfb3313aad3c4e18955f9fd3
99d9ef12c4a02ecb40d104faf7aaf059ca6a8244c46375f1b0ae85d2c37aa985,413964991,958,e2c61345b79f35ce7f72fd3ddf738435e71de8f283f987ac8c88cb69e1a2bc8b
99ff5a788e96e968c5ef3c8d1c6005e60cf2daa295cc41e6fb937dfdcc754fad,413617983,957,a331a8b2e5e31d0a5ae5228890d187bc5713629793a0d7025a38bd8d10b69310
9a070cf9ae65bfa954ea9b97327afc474f37a6c1dc7be41b22ea35b6d4adf90f,414194581,958,1085c5f856cac164ecc81f3e075fbfbe7e34a324f32ed25d4e2afebead1097f7
9ab19ccff50f2f3a66c6ecb65a54dc06891a8e822e057c5fde8d5b7275c89fc7,414889333,960,a8bf5ce725d87741e38e5d0ed7238d8fc5e153cbc98869171d0227bc6b588a34
9ac56894681f96c4c2de95202a208035455ee5aad7de582fe8e1e23da8fe9332,414426822,959,68b280636eeb848bee4385095f77ea87bb12b15b8269b1546af7fbedebb09dfd
9b326c086f2ea13a515c0afc802de477c08655bee2b131dace41bf3ee55b290f,413751002,957,1833e82f15772fe834bb629e2358a5575d6e2ae92d9815fd54b987ef3e410cc7
9b52c9a3535cdb01be109c744dcc4f0adcbe4f14ffa11fca509201c68153a6ab,414340482,959,63583262a908c2abb1331f940c8f8c53b3402db5875f594f1521c81b825c9049
9b57daf28af59d136187c5c1e829d6fe53e3b7d9c148b690c802ea70d22d8fed,413148071,956,e9a711fe1d7864aa700d85c15efd53e0afad36cb2e3c60e06e6241113cf1b77e
9b797e6c0bed67ea9d12d39fd7080c6a789dba528e8b41921417c5231684a44d,413503334,957,9833e29b1edc93d27f21d6276b9ecc879599fd2697a702baeec423c484b24cd8
9b7c5ae50eb7e3236dbf0a6c90c021278188b779c432358fa47dbd1cbbd3a76c,414480252,959,d670155f76d75b7b1466832010d590351f487bb6da0f533fceb9c85f6340c559
9bcba223fdcff00edab7f398cc304b649bc3b88622a9dae4600eb739770118b8,414198935,958,54d469784873a9cbc1777455e32ff19b12896da8c03e0fabd85ccb41112a6273
9c86fc79e9b39a422c1df98ee66d091fdb182c72cbe20356704e5933c96904b3,413643820,957,4e3554d0ba0849ffc50ea50f4025fbff5d2570d6ba50902540b9ebd09abda8ae
9cd37bbf362125d85c5ebe7c28851d2291a0e209db8e9f71bb7b0d09f6c2c91d,409250255,947,f39d6d1440398ca1c1a5b460c803a7b248d12e01e7229a3564477434ab4c86fb
9cd4868fd85558e01e93c598ac295f5044ac7b6c250aac7029f34995654abde9,411886911,953,52fa87806eabfcd156ad625fd0052c83da4a069c50772a4f2ab1c6ce8e26a293
9d1172a0be6694e859a0dc84ccf5e2fcc400edbf9ee5cb7057dc7827e605a6d2,413625224,957,d9b7f8a329e89712e66dfc6c7fa81685daab8db7f546e99f703b8fbf9073b171
9d490f7c39e8d29bd64ea30580495dd3b0d79fb996fef62512545a170806de66,411326766,952,10bed5281e734dadfdd1e33e29b9f4e2cad1da276b8c1d5ed08ffc867e1fec46
9d5e84e260687a38a8a3b9b7871b0310c263b29786735029a6fba3cf63ad0d84,411923704,953,014b3f294c0d95cdd733b2f9cefe4fcc4ccb53cc1c7e05e5f1b3dd980115a666
9d831383ef57cc206075a12bfc1f70292726ea806a75f4e38796d152d8e6a448,411295442,952,0304117b5543d037b6a91199fa6eb26eeed139934d86ec5c6c6f8968c0d739bc
9db2d4d41221e7384f63ae46bf8977feb8f2be3f351e064b3b9e1d2e5fa4e990,410895703,951,8d4d5ff1099f1b13311af6bad71a67ff5fa744abc3123e8c24243e124c40c572
9e854035f9b5f31728cfa5621dbbf44f1c12e70f8d20304f6d8f13989194da66,414202776,958,57d3c5b66f2b4a585bb0778be13ea231b19704db86f88575993c5d20a2ea7813
9ee9e6ad33de01d1f0e514ce46e146f973c40cb7f82b0f9fb4037fed8f59d8e6,414492509,959,e9ae4e86301b44ddb47e776047b5c8ff0bfbc99908b39ee53953144d920ea8f0
9facfbafceb4ccfb884dc781c1c13cea252a6c40ce8cf7b3afc51e6ec0e27432,413969964,958,2d138a06df21ab031ce797a65930517fc1bf96a6eb7d3f6288a465db0343665d
a0bff06747a687bd54afec24ef4e70329960ac960c6ff54e7acd7855755ca4d2,414432800,959,ae8ace7b75639b5569a0d5238b85aad85fc3fa6a1e67a591c7468f22d8bef893
a0c3fbc888164e5e99947829ea265a266660b194f577775a60c2f473ade531a4,413619166,957,374393451670d53d9a1ddc5a5c888220b2c5001375072cabacf6a2f2d31847fb
a113f04c8002edf164d1c438f68cbd740d3367c34798547ae5d69fa564552f04,414949056,960,44ad12c6275f938eca934ce42e243aab5c4b008b9beb3a0c3430a5957360a949
a15bcd9d9a88813ebe5163cb31fc27941f8e4d64caae3e444f651dccc6ca9dc0,414526117,959,8cdaa590658c6bdd1f0560dd7e3aada98cf8ac4f990b2fb67f1e6621fb4a81a6
a1a338d1d0f149f395f1c88502e5dc2a636854d2775630b8ad8965d977a4844c,414373101,959,f1ec6a502d39b9ac61e60ce44f140011d655e7c1e50dedc1a1bed44ecfd2cb25
a1e8f3300a256b33628ce41248cd859e68227a345b31f6c4f383095b797b8333,413620572,957,66a111c3a67482dea63dbf62d779ca27306f88d847a7b2e22a636639a195c8f4
a26f76fef9dafe08fce91a4c0ef1a1bc57d100eba5807361ffd98225fece7698,414813588,960,8db502d97543400b80d8367204755318e3a3127ffad7e1a800a68192802aed04
a27bf123f5e528347ab5319122a6dc8e7564cec3436e25fab8f2381da14331d6,413559969,957,070d3c4570837992ef8e9c57ff8e189c9a47b676d1c78377225f2243e9cd4208
a2e5b71a311218cd9545d2bbd6f96cf27f86dda063c5343f12262e945d6a0f0b,413987990,958,f422ee379b83665ec5acb48db30e48c312cc9a2d8f32f15b8f173ad1ba7c8758
a3384e12fede11f7e9db09fad28fc997486fe454320f34ce7ee60683fe35729e,410776240,950,4d2eb2fdf4648c3cefb151bc56885441695b70075d0df5bcd4f82245261aecfc
a35d8e3c3819d135ed95a4d7d9fe457dd4b5a12b47714eda71bee8dc916b31d6,414457185,959,a5c3ac4b66dcec1d9ce660e1b50679a82d9a10580045029b019d9414e23de5a3
a391f260574681fb01b8f705498edd222f63d59574ef98dc02e3b72265ac91e2,413989226,958,bb06740ba89f9517c605d96ed970d74a4cbf81c123a03887c4f689237a2737ab
a3b4d96dd87c6ffbb09909f5bf92ca2d0fbf7ecf791e3ff5fcc6b738a2453f10,413252045,956,6ed0adf5b3e89f6733e707140585e2b2f46ef45dc6030b8aa713df630d61002e
a3cc9ec3a65d84d91e26a7b117aff72ea0f8cb9eadb8e9bd75800cbbea627123,414904189,960,15084a2f23246a50d3724a135c48ccc5490f0d2419886e09f8a0974806aeabb0
a41de6bda01a945fdb78b4c5e987b61f84d5f36303a9874fa10470c5bd128a61,413698756,957,d42ec47ded0929d5f512d67e4584e97f2df3024e1e120c3bec7dadd04fbda1f8
a46317fc28f0e6a4e617552923e6de8e0a26be44592491709c4e5e1b7c00cd46,414479344,959,ba901e4ca02dda9c3fb39dd3e3efeb5adbf0ffe0c241f5c2c838429f9f75d101
a4dfa0147b9454a5d66c3701b303fd86f4f4e3a94934216c204a935764f7c46c,414372513,959,5db7201e6b746cd5bcf0ddb8f7c122660b690864f1b262f4ccc54de8940beb90
a51ac8ddca9745372d82409343d39dfcd2a47ce03130ae9bdd961b64d1e0582c,412932539,955,eb7ab0974d573a6394d43078bf140834812da1694e10e4ab374ff324f823f484
a572e0745fefde520ed52c2f3e102453619b91df22457ac4f9139a122e2549da,413982681,958,0a3cb81c50d00be0f1d5eb5179316f5a685690bf582234a1b9b1d9b5847088a9
a57a1617562c1ca0804fe674c94427838116bad6eaa9abe3c74f50fe453102a0,410675759,950,9bcfec24b54b956ef6dcb2eab8999ed44b9c0caf2834fdbc8064fe0cdac26988
a6bbddd3231922a3cf54efbeaa5bf3d88a8668bff11bafced0b70a77f16baf8d,411533165,952,8af71d8f7365935886e6efd0c25c64680a863610989d87a14551d7a924060887
a79884381749e64972dddac028e30ee55d17b5fb58f153c026df5a65b63d3ad2,415041368,960,7a80843bcfe48bb703e059f14ea70548402ee72ce3e309c0d51d8786d9855a4a
a7dbe590aa7f8cf19bdc8141b039a9fa2775207cb50647d83a2f36c6d69c6fab,409347479,947,af0d2c78ec56da650afcc253439ee67902011928f1fa4aa2bb9fcee4f22cd803
a7f8fb498eed88ab036a1c912547043a45b51dffb87917ba0c21953dbb42f37c,413693824,957,d759340cdb8132f4fd8b5d3617cb46bfc10297769804d76da982b3a7991e26d8
a8370221cb8f8330c1eda4b75f7c313c63ee7f4ac718b3370e5a96278179ae19,415086892,960,fcb55db014c90f7f1b6d2513d7750d54c77a3a59fda5929ad84476bd8938a258
a8ac323a657083d8e0b90afd9bfe9cd8fbddaf000b6024f370d8c683dc41759e,413832029,957,5068361ae59906728e1f5162d0dc4da436d96e11b0f480795f315fe293d1c8c1
a8d2969420e41d8f0f4327c0714534bdf79ca2fb5a4d8bfa4e28d1d0d16a4916,413973599,958,22727a9ff50889ec2fd56da66e2498489ba03c36758ac9f2f4117442b3ad5584
a8d8c2ba68fcd864c64c218407da70e8f690ff2d852098a356d8385d0c8723fe,413642075,957,beead225de86aa9c92fb8744f0669e54961d8e3173eee2135f3b808169635f61
a8e4452ba4a7389fb09fe654430cc8da44490b024f1f4884962159f9b1079f62,408991128,946,7a2af4f0e8d4391cff90cf2fc34c3f3a6903c036dcadfff7d91e2056490d92e2
a93521c6db574cd7acde1d5da2b3610051c07b04fc7887a023b4f4c14d468ee3,413136688,956,a451e3b3efe2e84766175ca5144abb36e4b90f549ee2e8d6348f6a22ac16fc7f
a94435389fdca215fb93c702940ebf6a2628b9e9cb6bad43f74ca94176e9112a,413966764,958,20627e80f86171ce1c9ed536d47d37775872d2ca8c9046fb559a8b35638737f9
a99904b55fadd99e7efa167ac398d1ca84658f74944060cf8866193663aea269,412302106,954,7d5fb6c5d5a7e4c668c138fefaea8ecb3041b6e060463978ab6da9f92157e52d
aa19706d86bbdaa1a475f9b83a833ad3667d383bbf881bc80386086c8ded364d,413989177,958,5c12c528a9dc73d579e4073872e70e0f29dd5ee2233ab3a9d2916dabdac09ede
aa9b59d43b121a993b84ddbe0e7fe5f6a913f75cfbf223d53c366cfb653b5dd8,412847761,955,6edd7db962d1b74af98953b533d7e85b5edcaf913a204682d59e4a57b1b01ddf
ab729fab23bf0db2baae3b09ceef24ec77c4e6e7ce723e932e6afad62cfc3a60,413959200,958,eae9aef5d586e6a4b19d048d3657cc112a3d5e051e227e3c0ac40e3699a2d678
ab7a4944e7f9383f4c77348f1fbd5ed7dfbf1d1b310379b784ae2ea012adf947,414610910,959,1d826e4e7cb9aa9e1463d099ef4cb1173d17702f1b9dee978894a5528600152c
ab8787f2734cc754e92629348a8e44132f4931df37652925f02f417f744b88b5,410684238,950,c38d37fe8b12b6cfd4694859dbfd3689fc3a20548cf656275be3a3cf4170ddba
aba1e765c64d22e36483e6fc7f4abf80ae5b3a9283aef8f298d494976cd3ffc9,409244727,947,b5c0b4d09b299b246ecf54f4d3bdafc22692c6f87a0dc89251f7bb67198c20e4
abf461481d341cdd52a4736cb88295b323521d06746e8cec8c854a657256932d,409729786,948,dfec7e9d61e634739022610310db917a19519734e1bac1986b22f5949e9c4736
acce759ad54ea9ce442fe73f0c7a93c6376e90d86def4d738c2e2eeb637495a5,414122403,958,79cb9a466daafd293644faaaf380603f85f3b0b7df4ac0f2be5e5c72a11557ab
ace7325f6c0cea4e84bd3c73bae2b2f1309b93b0267ffafc940daf0731a1f80d,413777073,957,773e6a57fa5b1a221bf2ecdc12ad6870d639db1647246221c9469e9698090d23
aceedc973ff0dcc6b01f723bde80188330e6e8819da8c1812408bdf26a321d81,414948772,960,4ae3be2d703b40870718095ca2352c4d1a9499bb17905d0648f63df02ff37a58
ad1c82095c7a1b7524a46c42b3225c5aaff75ccbd6bb6a942bb562bf216c930a,413952068,958,b8d8a0fcd3fa13909700ffd45d7ce1b3be2b40c4c37edaed4a955d77e0f6fea6
ad1d64b156feff858215437879524f078b321ae1ab8da4d0a393431422e8fce1,413626526,957,b86c8aa184ec670e5e09100b5da8a41f6a92e34662008aa92d86e603cc0ab9bd
ad46ec02dfc501fe3539c5f8fb5194a9b1aa45fe5345f7ad4a64f60bf78de33d,411179207,951,e206b700c13ddeea27e6743d55f054bbd6cffe98ab5fa1d5c46151d1a6e74bef
ae4c5b8b3108e7767dad7fe509e7665312d8571160ddfb12e3194c75262f83ec,414632972,959,6d94ad2744e73ad5a75a05d21e68130247c20640218fcd260d2f1c163bdf34cb
ae81bac04b0597678b9bdda3f42a6969ad972cd7f5b0654abf600e18604cb770,413683966,957,fa660d055b90add342c22fab78e24c4385b12a9fa0b2a677ae42b114a579b4ee
ae9902f95a23f7cfe96fdcfd59de1b7fbdcef9d2628a93c33671075bfd63ba35,414887536,960,e506d19bf3e440b4fc04ff113e9d82c0d57fa972e66716d0a4982bebce4bb773
b027a7852c7c8f6505b94016ec8f9a20a5286f26f586492f76fca58eea906643,414258685,958,bbdf005c8754f3bfbe42003a6bb4ac7ea7f972c0f5bb7fbf802d384967c4533c
b0e925a3a3cf2775a504f8492fecec1dc4252c110e0895eb6bb3a6f4c84ddeb5,414438856,959,25d407aa543185072cd991757801ea2b09aef49b802312daaa731cb0dd80530e
b1394ca5a33574312541f2bab50a26b1076919e995612464a5e5c871d0eaae54,414137450,958,aefa146e025c2f61bb6bb71e4bc647b4d05ac20070d52849b1fa46098478854c
b229beb830b262f4ab59327d41755dbe4262a4c38125ed46f2ead88bf7f4d5e6,414471422,959,74adc7dceed3668c28adc9d295b89c567bee3386584481c15a70d11ff3808ee8
b231b2bc5492b0430cbc397b3cbde25faf43c334678d257c1534ee66ac9cb196,414338467,959,1700c9b0b7e8bd8801f1a81abb78f9978d8e96d4b4147f05da151f32d043b6b2
b2a2ff757c400444ddb6fe4ff268b4e87e324118ac5ff474baf8c9e9f026695a,414199371,958,84855fd0b4a6feae705764c3f38b2039d20dd5e9352dd10723692fc231db7c29
b2ac1fe0902d2d4cf2be3a44370e3b30cb9c7b65a0049dd46ae7f7a6a2d632e6,414898437,960,cb1da32a3241f8d09f31c6c717c7f1ea73c262fd3db3f0fdfe8efe2d03ea5413
b2b11c9c0ea25aa714435ef5629ed67ce229195e9823ae6606468cf5ac6d813a,413961855,958,a0d4aff406f2073331f22f93a374082087707a0e8fb973eee5bdc05b4382fe98
b30717023649b15c46c5284ed445ef36a77e8e64ca15f3ca5a7cfb81d19251ac,410032214,949,21b565d65dc81fedd89e42ffa513a0f3b3e2a7fa1cc0bf246de3608903743d52
b33493292f99817e036135da413bad14fd523390ab13a70e51e779ef75aab9b0,413795214,957,ed5e157b60eb87ca78a5bd2ff3233534dcdf69607e4dad5ef8a31b2de42dde79
b342bfc93a66358e3256998d560cb29a78fa7a0ab3fa62845d09711f7a38d4cc,414108158,958,4040271c27b6ff7070dc7880e0f07df58f868f2ac41aaf98f79c74030204a49d
b3722ec181d6e1a4132682cd34972fc6fab59d0305b88285833842495e8cfd80,409249424,947,c2d5d710f5965d27167fc53c69504edb5628ac68c5399eeed41340a9c6cc5b65
b3866453261fb5ddd6309bc54ce6ebe97d79f781beea8ea13e698a171e68823c,414353390,959,82d3de8549bbb38702f1720dc53af60b5a6511eecd6acad13d5e7421708af041
b3f75a39ac0b25ecf4959d9faf2e783571d4b961bffc73d1e3fcd048b6a91383,414155796,958,7824824624f6bc45a580a46026733d5f0bae3482ad4de89a57f06f91ac02589d
b49899ca9d050546e4d17f1d79e1def2aa694e86a2b3c5e12312b1476e6737b8,413951280,958,b0dc0237c9218111f06d8c42746b43e21fbf0e7c4b43fe8ecc037cfc186c0073
b4a7013512817b78ca11103e4dc6535c26d39f7facacdf16c01ade56740623ab,413622848,957,3b0dbe356ad713ddbdedd1b6eeb5ba785f844626248f0e6c9d2e7ec33c6519e9
b4b4a931ba7615871e5fcd29871730496c59cc6ff1a52572b8c13b66b27ea963,414646343,959,e01c326632c40338c7ddef929c3f1aac6386c4b215d8d682eae99b0ff2ec596c
b55af5e0cf98ed8879a8b7a45a6ec155a1ea6b2d3670a313c0065e9b2be01002,414350002,959,63d7520ffb497d864f1e272e27c7a2e2bd1f5bae411d96fbdb26c40211aea1de
b570f7a1a609c3e2980e89914f151f936e35ebd3d1a2aed84446a102011118f4,414851845,960,fd7ae9227f4d63a12f3c7954acb73aad75cb649e9f8ca686e434107cfc4e98b4
b5ebdae6e149995ea98825276acf8918f5bb17e5391567ed9e2663c2ae900bc9,413999013,958,39448d240e44c4ec848a6b86273081d8925962516c41666361d54fdaea84fc89
b60346f5d16daf85601bded5c181864806a032b0334aff4f5a5be9502ba87f42,413712561,957,c9e707b9f9adb6d75b1a9169fd244834a4609118cff688e88fc2ac143746e86f
b604812b6cce60a7e4c515d3ba0ce308a3ed905e61aab84009467f35915c3eb2,415045205,960,4c3648f31f90d87adfbabfb9cd0c5fa6d5f09b4fe26094dd9094e752eb1c3fce
b613e2d731214c3621017634fccc1a56a35b01b3611eebfcd45a193da54f6c5e,409096358,946,e70844ba791dcddb66925abab8a3ead3f5bd6baec265dfedbf8df0c6102efc1b
b6300af809292ceae82041d266d138dee3a9a64751a6687e8f7567081e364723,414499408,959,380dea847c1135d9d662ea8fc9d1ed44d07ca680464d82c00f0066f0783eb374
b674b1b2a779269cddf50569b17a231aec289f1ff0277b26661f81304d81b8f0,413741164,957,42ae7fc431d5e6f6186f30b27426a036ba83fb065189c466f38acfcaa92f085c
b6cb90dc94e7772dbe8eb210e9a4aa75fe4bcf5450bdd64abf9c870a1d8b7be1,410789030,950,fbc7667cea636a2ffc101d748169a5f7400230ea1c74d404e3fc373332a30274
b71f6a3b6c9efc639949f5ffdf2f89d151257af4d2f3cadb5672168a25ffb84b,412895165,955,a664beaac98975c4e285ed9e4f202a0e1d8b7fc70aabf9f04f8fdf211710f02a
b72abf3fd9d0b69b2b95ea44740c9e67b2dc3d40f138f0e56c320735cab7c5ed,409054412,946,969c1a9054e7abc4f2db0770e5d8d671ab8e150a84749136d0bed2fcc4d4afd6
b7cc854c34b4bcd8921a4af009b1a77bf640d54ee7614f7b77d062ccbe1aafcb,414846932,960,3720fe6a8d1e0e11e490f38ccbf0f8c37556dda4c2b9d524e9ec24b9a74bdfbd
b7cd462e46b9000586692183efcbf419e4de63cbea6f8f88cb3c808106fd27e6,414877679,960,c574e53c7b572fa0b1d05bd2370ea130aaae50c46d4a2fe3934b3eb84441f3d1
b87d0fa4a262e9bb27223048b6f2ea40558bb640af6453c554a444f2e71bb53f,413204174,956,8fdcdc1223144b3e2e8c36e36ca4fcd3ee26f7cf85e7fd3469b8d35e847c590b
b8bde6bcb57397c9d0609bb5390089fc06c0fa3fced29e1fa494cb221fe5d0f4,412497420,954,ea946999e8d903874815e9d29b64e73abf0aff7840c37934e67f97ea894b28e5
b8c10cf84aae323f2a3f4cd1700f9bc41524c9f3e414b689d39283573a6b40e4,413941508,958,6204b80f47459ded9859a4bbf4aeec4f9a324cd9d145e643b3d619cbef9be02b
b9467909912a15ac75092d2666df8d0a3e8f887c2934da0063ed012319a5b765,413629429,957,fcd16794e68e83f74e37f379422685716127af57d08f2d53a0984f4352231068
b979077131444c3388d4307fc8ebde88d7e2f757f9a1dbd570fbc79ee255e4b8,414899743,960,d383d10de815e25c3130a2a77fa9f40614f7e9a32209963e68b1dc4a348fe5b4
b9b3c3500fc0182c4d1bda1502cde0788cf62045dc540edf71c8e1e52412ae69,413512569,957,5e8198bd9f842261092abc687221eacc883afa22f1da6addd6c21eac8b3c1a1c
b9d69945d1f6f59a176d1650d66c1fdaddcb47960712c22adbcacdfa033e080d,413589208,957,751e6b870022db25f81914c04f059381d979c5d17f083d79acb17b0c6b86109a
b9f5d942c465b19ba4368f361a2cddbfffb31ef4523da7bf1eed737a6c2c08a2,414155777,958,e3f41f7dd035ae26f514d0073909a87812a220e485cf44bbca93c0846a5f198c
ba05143ddfda57106d897ed6427c4838c661fad3ff2fac1397afdf592328853d,409298679,947,afcd3660d54c171ee9626a606e6194c53b8fe098f54b94fe3e0c6d7071164a78
ba4469e1aa0d5b97bf3ca599d2ea9f82980f937effc317d701c8472b346a525d,414137416,958,14ba30f7c9c9655ea70cc374bd91ac5139d98f0b814b94062325d10c21483ee3
ba4960370c77e9e3478a89c9e00e54df9a41d3a4df866c8788d765a07a64af72,414204106,958,5787d6ab13b1afa2a5b39c5e80eca5a0ef3bda06114c7e7513c5f3f32ea890da
babb81330b560f69b35af75155071c6968d2b6c1b00799b73e7e765b1c83a17d,411911709,953,1b23d31e827adf25dfae4e7023bd5ed17d02943f4fca98b1257d31b1f20f34c9
bb18ae97b9fed60b0cb16457b12ba992dd23df425a4627b4a338d927ba95432e,413966371,958,bc39bc4e3b023dc43e807a7f77f46989f5cb59733a8424da05e2eec61fa96fe7
bb74c816048ef00bb7259a88767ef9932d0351ae9a5eb9aba8ef8a8181c67fa5,409085518,946,41eeca02b101cce2678897c884c4b64e47059adccc8c9f1c7a7f1830b9e05a05
bbc73f0132efc5b5ab849a9e71092c31563f40d5d32b79bd5aa56f6c42ecc55d,413914026,958,7b60a6112f861b8fb9233d91a7f0af45b970b5a8c75b14bdc222d4772413efec
bc3032a6d247d7c3fd6463f5ba88579fceebec570f7b6a4d94850b6887b0f39d,413163132,956,67ec8fd46f8f0496dec4a965861fe615e400c9914acd91a6332e286424065d17
bc809d73c9bb111456a6dd1b21a41403b5a7766f083edeae5df1f8b65e712536,414891647,960,c1c6db521bc23656dcdf9a9fae62c8307ff0044a477be014d99842b2b43b7cf2
bcfeb5ef8605ccd5f6785a2b65fcac2fc739b485170266942c5bd2d00dd7c09a,411198616,951,dc2bef73fae40e69f613c3e5f1e726ccb3f08c03368cc8ebc066bbeb186f134f
bdead001c5141975c49b323b24e35c558f6b92690878ddc39b0889df84b28dfd,413388170,956,745baf960ff9d3058f5a3714f7e1f1a25e03606f91cebc19184b76c8127bc6ce
be0502ce8167186a0d349075d7884b7f5cf79afe9b76d7249e081ea4dd1800dd,414065228,958,e52c02876b9e10c70ab68d9ada818a5ca393470789fa6a01d44d6739dcc9d7d8
be1d6f7694a3cf21c2672cc71c5962d8bb0b3c2b0b4fa7b6ca288d1c27153267,414022299,958,5271e29ce6afe1e3bbe5d225647a0229ef57ab6d8a22211a4aea76f907ce4b24
be1f519817c3d74727321a50f9364998cf450a5d52fc4a21d53a16015933e7f9,413628991,957,1dfa531d735a3fb826cf5ee1f04174cf771e22d77344381c243f0216b59ddb1a
be27dd3d7d58be76777d7da9476d95c1a9fedf53b4ef65b5e8aa6fae912fbbad,413626731,957,6430682ba50f1372b23d415b88020ee76cc848fdd20154e480db85063881c474
be5c5e052b3d1dbbcf137a2970ad7a26bafad493ca02445f632fee7ccd336642,414876394,960,91fc48cf4c933f34fec0cd9ce658e70f8dafe391b63e47cd3d724a12fb0df142
bee1675c6ca3528a6ab030ad23a503ccc07daec0f7937e95d86b4e56d1d04c23,413454996,957,edd42b9e303b7d1062633a2279e7d686b9f1908fb77e67d9582b75f38b6bf12c
bf35e0a5d4b2c9c96ea2a7bc1590a488296f4367071e0de6e559100e19fdc511,414923425,960,8410940511abb90efd7084e287b6e74418274d85e05a45e19a1d0dfcf2ce3616
c00d08f1d9672cf72be10fe2608cb3220d7c55417fd4431285404340be5a2b8b,409438180,947,d561fbd75a6c8787668fed7542f48914935ff9c4205ed9af724bf6503a5d0be9
c036ceb98f37935553820a97c719ae8a64f18d7abe5e05a43cbff196a272b409,409239635,947,1075793d065ef686c89685d54ad1f19a2f3d7038cbbacf0b16ca15cdd93bc54b
c0d60d83a3d614e191fbea75b3953c7bc25b1803eebdb69a99bbce29d109ca61,413714586,957,a50ad5a0465eaa2c8deb4015630e885ed63283758dc8b4cc33f9df2e560acb61
c1018e5c9cd1cdc956458223ceefafcd312f0b3b6f47c5226f32a5b5825883ab,413884517,958,820a4abca4e1c0e6206332411cb6ba0035a8c56a4d60b464c2cfe7d3cd4cb930
c170b619be252f846d183f5b4eae113696377e4a6dc9aa318b77af38d226a131,413836792,957,46f1577b3e963b53338ab1db7b521bab8748ba0d289479cbe7229500362c2800
c171e89d0f66ec03038799df410a5232fb53f8b3305331a2187118391a312225,414616595,959,775f493b0e7a81a97f29d5728cbd738c3ddccc9d6d962c7ecfbfaa115fb423c0
c193cfc2dd51aa370a67d242212cb997e5b9257f8fde03685347a3f46275226a,413185008,956,b9c29c57f0660834cb7380e5c00fa038191c60bef7b431954268ef14c3973269
c1b3d2239134e8279394614003719a94c634479846b5ecf69437b20195a53ead,413683972,957,010bcd5072eab3cf1a0cae242641e5d3bf0299d094c9f103c365cd9139fc1f1d
c2cbdc85cbde04b472ae0d04117895913490be017bb92db2f9d149e46ec8f8b7,414179666,958,6be702c6c32b306e744b71606d44ca5a656390ad1b76905d8cd753c3e9d6741b
c334355d515112144061402303c958e4783e765523b9582d48d8457a86157313,414931710,960,c6af1bfb39945096503c7207d6eb5f654bd627d960de5231265553a529fc6ce9
c4cb90000da3eec4499d7b7b02d93425ef8718de2ae529c90bf0c16372272b5c,414331901,959,079807b534fc3ed8544e1159e0711a8e3c93620a878f6deb1ef7a710f57f4ba3
c4ed50c2142cc41ac14ef2902d15c7c3ffaab36dfa2e03b8d53816da446dba1c,414501504,959,e3645a42ed219df73e7bae4a1248387f3bcbd884a0515495ebe8efd05d839857
c5240a07846ac560d4d2c487b319602632fbf4d4baa40d0d204e845b8e7a02e5,410905509,951,1b5f9fd389888e721772fb209b187da80dc0c778a6bc8faac9c1c4d849dc2b2f
c53b3fc8cf1e0927b0b82dab54586a9da67c9e785535ec179cb6f9b9e0e5763a,412570333,955,5683331f1e3218290321f5c46666d76f1c5fcf60e81e407e8fb7f737677764a8
c553b4d0ad3cc536ef20e9d4c2afd4a31b4a9f0bc67fb415d9046f5adc23adc6,411671625,952,e603c105906ad0d93d8b3034f2d0bbd2d1be6a3984688e04b5852183fc7d8a7a
c70b18b299e3b88202b3dc60892a5d05a2ee1849eb17cbf234022f4101776787,414880547,960,cc21b053c5e23e7435a258da6653f6e56fac16203e648b7db2d2869ab3eea133
c713be9bb40e249a9463e60ae25a9e50c71286f7bbb32d630afccbd5475457a6,413512884,957,226c2b142da17e04c1648e3632d3b68fa7dbd6c147b145da4f18e3f3cf7a0958
c7e6dde4e5dadfb0069d12fc1db9c8acad36f93519ee8c5525fd17fad3dab5a2,411475906,952,f3d7d32d7b41af343c0b738eb2a353eb9703691df8067c53704953e7a93e39b6
c870549a8f74e540f83aa46c8acb5ac4d032b153d40371ebd14c19671a11c51a,414485973,959,988ad4f55f20a42a052868b739a58d0a13e281c22f32a7a96dff7c51cbd62ddd
c92a4eab5913841e0ab74684bfe796e39dbc236eb4d8b94a1e47838fced25192,413545707,957,86c19a74ee7714acdcb903f96f3573e4a78afeef5a5c2dfd295f202f5038cec4
c931c56e3e128006365a71dc41f571ebd16795b9e56f1e4a07b819d54d78fbd1,414884753,960,e2dd9aa96bfed0d00b0af522b31e11aa5598efacffde860653d04e482fdb8ade
c96637e83e02c5239f386fc32d0f6c4e7591d8d6c9ea23386f6dca7b11d9b5f8,413963846,958,58dac0816b241364720ffdf66c5af025dc58975186aa5e4195e968421a64b95b
c987cf6cfa11841121a130d1acc22503a823e43e132f9a4e448da5d861ddd4c3,414167549,958,097b5df59ee80b3487da23476de930b6fef14c2f7a7287c16241350f881cbaab
ca85189585aef7544dc0718ccd2637ae5ad7c539256322f26ac4cd6f3374e744,410934559,951,d5179e0bd8e22277be6dca6133c9fdfb06c0534ff4d9762cd32dfac065a4a171
caaf3f7681d620c5298fa2e488d077c9cc3959738c3f83d47436b6422289d23c,413084041,956,39e6f56e59637105a7e2645a622c470b2d2b2b8f41c9ab13e1a764dbfea46cf0
cb7667610dd1045a4115555718f0a2da8ad71277425a3812897ee2cac10372dd,414379085,959,540f3f7ceceb0e2e57db51234d5a6d312c6f2baa93fed63ec5bb578008c72292
cbaf87c710b494585b8ef2a02f728fe791cf6637bfba7b8b66ac9553d7f17346,414325018,959,4cea7a9f5730dd57e69a09fa68d474819beeed359450ea8d129f70e694ecdcef
cbda2e614b47c776cedf60936639a8cdb6cb3f4f62669303f49e855611c01f94,413979418,958,4b3efbe192258071928ee1410b55f62b9d5a535f5643cbc701052b892136a604
cbfbc33b70de9ea55122519092404427842b50921b634884a0d671eb5729d34f,413960420,958,676c0bf9a506584bb42c634d956e3531dffdad70cb118cab2b193e153c32fe07
cc5c66d17dd22bf113323d8c74d9611a37447a58268a9a126b03a1991448c92c,408810300,946,b25c4c6db2a001c7de154506deead998f7853120e18b16274f4e8a10006e4887
cc606260cabeab6eb0cca7d33831567749c36814ccef8742255bae1c8b26611a,414976110,960,1fb8356d746359ce9e0dde0758030400378644f6fc55ae777499ddccb929e367
ccfc3ce99fa642bf26699c22472f6189b09c029661418c92503f62a7089aac57,414131665,958,c89239f7e0df644425e74f1e073d17a4e68fabafa4b9940314eefdfe0b8cb1e7
cd36bafcb849cbf8b785a8960a4d3074d33e0542d4f2c6609402b1031c8c156c,410731231,950,099c923db87273245b12c2a9ca7d0ac06b109bed98ba3f820f2564c9f3036142
cd8c1e2fee192812240730b5aafcdb0683da6052fb5513315cd6441374e70c75,413970222,958,1f617fb7257939c6b23361044b7e1b1cb6a158a981b286364b289ff95ed83699
cd94dc24f92258944584fc4050d0785bee241636cbe544b10e3638bc2dd580d1,414359910,959,74e449ad8b47eb8ed41d632bad86ed28c545d91291d8f31d49c9bac9bc18abeb
cdffff729c2f96d0af588cfccf7b8cc38638201b340c602390084167131c6c6f,414316744,959,77e833c5bb2f116b17857fb119cdddec30670b735e70adccf0b38f0b33a5e42d
ce1bf0eadd1aedfc0ea475cc6e6c0eeea4cd34b2168afeac2a91aaa3c2041fff,414630336,959,99a276e93cdd99dbf17cd74d73dd4f3dacb2247744df4997eee98a26355dba54
ce5cd524fca3ce35d497308af5e99187e97d4a9e08d6f28851b361593a572171,414117616,958,b2eb1df4db5c731aeb547ed000a0196c7ee6e86ef231b9f0b7e188f333646892
cf229b6abdc1f19a52a9c7196673cead74d81ef083fe285573cf5881c0c18cc1,413713207,957,254ae16ba89795ef532eac3535ec7208735093e0ea9ce900da23c0228111d3b9
cf606a6017217477ae8fc17d6695c30896ade205c50b2062507fde6965e1a9e5,409352348,947,7eeecf25f4265644d3423820c2cfb053c0a8107377e176d479db99c34fe13432
cf67e38a4b0cc07511eb90a6fa34435835fe9685de68d1e7902ed773f6bea7f2,412016753,953,55a5e169e7b4a811cd08ec1dd029c872b135de96e556d916c6c43fef5c78a66f
cfa8afcca5b57b5dec417a59ee13d6569415726d80dae53f54ce4874832f8df1,414891482,960,51a8713e1d55f8d02bcc3e8b2c87ff44c8885d2ebb51abad26a2de4ecf72f34c
cfbe6a61793527f69080fbc7169b965d639481e90a443e2663f01f763a3de44a,414974111,960,2a57aec2d8522bb7fe4daf8f2c946ce8300d74ba1a71550d0f242ac782fa8655
cfd20615a650a0acc1bfc8fd37659fb123e73e0c61f47f003163367efb7f7315,413812592,957,dc0a17eb0c49bc9d8dc78026b8643677f2694ad33e1f63c795dea4a7f7c6ecbd
d04a574a711f1eafff18e783e67f702a6a163801f91be8ed9504ddd549b0eb84,414885898,960,0302ffa4de3d1053c48c045e0e43038dbb5747a271423e7d4e1c29b5ab500e93
d0e302cadf7bd40e29bc82e97280dad7da5125d13304279e53f3d3b526031810,410506974,950,3326c9ed3590faf2ed541730e11291507b267ecd9e3eb6d5e835fefdf18714bb
d0f092838832602d2f5cb1c72b2b70b3f3a52e3451adb75ea99d425dc32ee86b,414214898,958,5f84c52bbcc5a631afc26f3ac63c63506651f96cb2b5824530cda13a2bbbc295
d143d7c58b01efe6a5f8b559fed1e789b082ca7b377ebc45dadde758020ae9f6,412951268,955,e61a2730611c59b7d04a40c094066db9637b1e7731493abe9c48352ea69a9e53
d1f3a9968773c394cd3ed6ca866d606b6be76d753963b556a14a6ceacf47dd4b,414439599,959,332e93f4cfd7ef280624963ebd4fbbf38b3b8d061bb97416a7f2aabd3db8afcb
d203a74cbb83af3f74a7cf7596ab4cedaf45b4f72ce0498a0196b9570a96386b,410612124,950,399cb920f6e8c8d4ab157a348fc13781ea4cb9341801a4b1ddb639c072618c0e
d258e5d645ba10761feedc0b3e127f0d4e8b60137c146b5afca8e2d99c1d2c32,414511026,959,bf9120dbc599ddf074a66d6cc42e1200a417e949ea0935285cb109fdbfceea03
d25dc2cd35c509be2cc3372e8b0d7dd9a0a9cb5346ff4975f4e4f8eda9a82a1e,414320747,959,ed6f619745deeb26e944ff2b8815e7862d5f1a2c09b60f7309dca6f0dca4fef5
d293618870b632e8e94d20a3f07fe129a9c48f5be6eb39a9ed4294fced5be428,413972912,958,2e982007c9832ecc24f75b7a882d4539c02c3e013f5d5127b2c72bc3824f2fe2
d2f5e5f1524e7cfb380573b713aecf63152cbc3c3c0b6c7eb18cbc94c05637bc,413544657,957,750bfe7cf885afd34d64452cf58ef6d258c7748388d354bc38d7a8fd5185306d
d451b8aea26e918604d56feade9a36e231bc8f3a31b2680f095843f12052589e,409251750,947,941c3f56036edc082285b2a69086e8c171b9adb181e0bdb6fdc066ac90cac4cc
d4d6668f5c05075425c1bd8d5294c29e92b648743ab0463e49cd4949d96aa3a4,413588584,957,536a6810bc19b0afe164e20d6bc70bc03ffb8dbbfeb1432b67b2d2cccf8421f6
d539c36707c34dac7e9f5210b2291d1a4908fef6e088b1d18fa77d98205f49d1,414509054,959,7a34ccfd6d2717a108ed7a55e3e9a41aa11f87757d50bf54032c37f08bc9b257
d55733aeda5f163fe49919f5cd796dd1df67d19f2a8af4087273f39a84fc504f,409221333,947,b2cc6ecbc3fdab9220ce14e75f2197b2b85e60b389d0d84cac075a53856ee28c
d5b00b47446594da3de9f1c8b106c5eecd4f628192bf7bc890e7eb36402ebc3a,415091531,960,845770c3dd6cd9f3e71f8b4b01d2b212b1a01bcd17145eb10acabff295f8659d
d5ee8c36ec7f5946dc39bb81c944430761610b4e9bda4f69a48c61330930f3e6,414070310,958,6adcd93e91d7ede391628ab3ca39873672b812afdbb1bdaa1c7afb9bc6dce034
d5f2c55daf519d51d84986d97f83fd70f1c112ba64c6cc21a1644f117c274ac6,413727758,957,db2e1c1dae9023e40ba8ba8b67094ca0a3619a7e78fe3376dba71a8d9fa56a92
d5fd866a6feed5372386ffefc9dbe2ae8e674cc00d95124bdb17663caef09baf,414900401,960,d3fcded3911b73bb35cf4829cd3d3e35738d4b930a8500b621c8dabba9793863
d601a29c3c3b5f47528c12778a7a7f395873df8d60a1af02d161d6e8791a524a,409071038,946,03f30073496bc34535df294fd963815bbf7dede84fdbb51d311411139382d422
d705401ab7f6007cabc828032f550488cb8fde699899c62b151f6b7425f0045f,414079539,958,98e1a0a952c4515a1a1881896cfdfc710fb00e69eef56ceb9f8729b9217d112d
d729acd32ebaa4ecc0d8d47bde49c93557fbb7396eed13f094e02aa47d3fba7e,411692817,952,4f206ab441118a913e98b67f23d22f8997fe3c1bc7daaa68842606084400cc84
d7476e4aa345d39bc70ee939d60f51387db0ab4c49b15dfd7e6d967b7ef9195d,415010359,960,887d1a2f06a7782a6bd98f9563fd8d697dd5bf36c9a656d8697d123c9f2b9d6b
d75e426720cffbd48cba284162fd08a0f541b1a462c96247ba151acdaa556be4,414364353,959,c5f46e5be638ae78d55c9db78dc14fb9bade84a9ccf6eddf38a9cf8568d98f29
d76e1d70c6984c7c9e7a122717bf593fb10d73a7f782e70cbaddfb04ec66957a,414000410,958,50f9cdbe3a9b9ad2da9905f547469ead87f8a1f55cdc01b59cc0547c331526fd
d7b957ddbcb48d36e70cb4de39f53347dba3b32520ff5f04832b866edadd1055,414886880,960,13457ef72aec6a4593320c157d742bf7e2abfd17d1d9c61c805581df19cf7484
d7cd5cf3015cd382e724f03741e6b246dfd4f947a3bd4e6256eb935c91f6e991,414028078,958,0e683420ccb66f6484c94bbbe320e928743a2766338b3598e6714d9ae9d01ffd
d7da23425638e0576ab5a45f4a6f79c42b8841414638ec8f196899943c7d4466,413988895,958,a079e8695a3308156a651d7d23c8c781854b6fa246c427c36df25a9a0fd8208d
d7f2977f6626c92869a40d29041a95fdd699b1853075e5742e0494a6349c26bb,413985093,958,0b75757bd7336dc2e344381901d7572967126114945fe95865f1801fb816d0ba
d819834906f0c028b36218aafb3ef843214c872ded57fab2f564f0c74f7d8d37,415003663,960,b1c9e01712fa988581bf5aa4d6d68e8e0141883c185e3d4468f23a7fae516e12
d8776c603775d09f673ac94318acb7c6a56f70d95b97dab70e1bec76addeea91,413347490,956,0d31b5d129e452190f2d2c07ad9ce2736acdb9018b31055fac698d6fc5db6b3e
d9086b44df917ad4d1d27a7e7fc28e31dbbe56ba98e9a8e5675a0298511319f1,414475530,959,b627500b959cc08b296c293beb84cb06c5eb8d99c1261745f657ae1e370a84ed
d90ab1e14e0065b06f457a33b5c532110c88182ba2a219d0a8485888224d6738,411934096,953,6353d15fba788f01b4fef6ddd12ba885046d9f6663fd9f1e55c9f2aeb04b35a5
d91eaf8da57d8c1397aaf371be258cab79106f17b10c59b1394405694696f6ab,414490951,959,6d81dc4c99ffb3b32f6d63f96e6d0cd0219e83bc139dae1f9c777d62aec59833
da423d6be6f0b54c97d00ae85ce214847fe9f618b711476787fbfa8b02f2bfae,413285635,956,5e9798a90c6ccbcd12af7851974b41570aae01c49b86f3a2a6ed56fb7704bb16
da5c843dd2eafac1a15353b84b451fbeb3630a9a7653e9c57d676a9631a15631,414950854,960,589096a99fc5d3b2184cce6898b9476ec296da41e19c3ab0ce8866ddf616e0d2
da7b4fa2a46f0e5325ed17b8ce9dbc11f9bbd3aaa5976d85149059bd1b87fbe2,413555241,957,c6d825d8946395175a3786ce544ea93ca5348ce424e2daaed0cbcb6ea6f0ac3a
da986424029a70282dd1033514882a780ed74019326aff914de39a2e92934800,414137035,958,7df63c3ad404b7b30fb9a740874aff0ade63cf691a7b76924abb08f217198671
dac63815709e08914f1bda521b5a8c58505ea1adf1d2e99292dd969469f13eff,413741134,957,c49f4bd9477e905189508d53a5ea24b1decc52b754dab01476aeba41596b1f02
dae1f20444ca30ae3c99fc8919357655890bf1b078e292b9a650b514abc3d514,408891996,946,58af93ee697a7a8a9a36017387cc12c21194cb8211f6457dd172eeea7a6dfb02
daef7b8b3c6549338ee7756c97a488512d8d52eec1e0339d31f10e553b4e28c8,413653614,957,22cc169613d3e1ed9d274ec8aebe9556ef0a6122a952a99c667a76251992e831
db8fbd73cf0e7b90942ee61602a203588eda9f995d8395eeac8903cc0de96c73,414184766,958,19d4ce2f046f459745f590854ee4843158b9da50d9641a364d381826ac7a18ef
dbc59245bb1406e351b2676326f4b434c557308fc581a3f6cddc20e7e14ba029,413531994,957,fc6655827ce29e74d4faf47d5838b3db3a81b2539b3da7ce01c4ed334138c822
dd6708f7257e7712aa6198bd0be3edd1f929948491db39c71032ce88894cf85d,415039934,960,9565a27e926314f84b840f5927babe3d0d74bb9099a0a6dde7128095ae84e1ea
de0d1e4d4ab40ca9754cb10ea824df2cb4431913b65be7e971a6bc50e625ed2a,415061809,960,71fe5534cb6601efcae47f5dbf8814f6a8596d5f547e2130016d8efcfe224daa
de25dd58cfa19ad2a3b974f5fa80d4e2fdc82a7035712f7fa1671c8bf6f7bd4d,411485224,952,be8353db192a7ea6f17b9199fa22bcf1ba4b4a43ec9098c7bc781d7811e8a3c4
de3ad07f53e2014f3a0eaabb5764a8b25eb408eca95f1a10c6bf09c2d4e8ca00,414401987,959,457e9cfb24219eaa5d7172df6be5477c338a63733bfa5a15b088d6b227c45c57
de8a8da563d028d5620e75d5c40690a7dfe83566de62c3868c7efad2d11e3f8c,413703008,957,27cbf0a0eb6001e48f95f05dc49ce3cc46982da730a45c0a3bbb3a14656146b4
de8ad00b4828865184abb36b1e8b783bf87c8b3b76aeabbad334eb8647d67483,414012786,958,9900882662cc307d388d133c985c1f62f28612d4e0a1ee5a411f18736cb7d861
df08705673653643ee98621ee3825398df5c86395234f2647e0c29fef001586b,414642874,959,38af87a667e2e54f8adb0fc5675b0eff315f014ea79b68f36664c67e90339876
df7d55b0f185d4f35816101a9a0efd2ae9944d51f8064018a9c8ef627c5853a8,413478904,957,144229f3e808fc0300a85bd0f5ae79727de61718c45e820b10aae88afc28eaeb
dfec9243c550a9ae49c645d35ced58797a5acae494a0a618f67772bdd78b39bf,413969820,958,64096f52ba1011a2730f797641b3349f228fc19786392a9d02beb5cf7e20ee68
e00f82dd6131e92f19b07c2759e749db275ff6da3fe9fd710449baa362d1d1e9,409253791,947,04e69f462da1ed0fcffc665e0308d527a4a266d3e86c12336e989ce63b400576
e025a25585f3f52fe4eb793541836b0a7bc8b1142f09ee7e304bf09ae3b6d1e6,413675295,957,35e01f96b0493aee5dc78ceeea70ce7739479778c3d21ac1f36c4ec57d597946
e02f3fcabdeb0fa5fdd5994614a3135dce59f4599775fa8a42979271f83c8cd4,414201746,958,3759feb64a4262e390c8ab8f0fa2cf884445a9832cac0826273fdd426621e59c
e0549d46b60a88896a8c1ae39e88f27d1b7216c4903be2c47aabde5ec3ba03fd,414310558,959,68fa04e613a59fe4925af705b7cb31d65efb397a68b8e10df23f310363a7a766
e068e248de8fb760a9707be7f29970548331ce690a854885a38abf453601daff,412872412,955,60ea964ef284b934b3137e4f13473005b096c9b3d01ffd9af9353c6e183e47a4
e08d36f08f77b05d48bd736cb2175c54226e596d314e1c55949094587e14a161,413502724,957,0c924d6447d2857f081bf9020015f089f1c220b0fd45fd3a16154c663fa4e7c5
e0e55c0cbbb97a188dfdb54993db3d58a5f4f9b369713f90229ad16b64748fbc,413745885,957,37331766876149a4e4808215fef6775c02ea27bf5e2c31b83854a3201b5d4d6d
e1cbe16511e977f8318893d1a98fa24387c484f31edcb558381fb8df9ab4b39a,415016056,960,7809892301a914738355bdf56819d20cdc700ed9372bf2ee0c05511018eacc4f
e28d2b3e5333cea7f99dd54680e237eac1de583f81c503052b838feb3a7c17c4,410709015,950,2e33c1030534adb3ec054919f562522cf4da89e1f1e4dd6f60201f4384edb058
e2d8710bbed14f5f8b6ce14b1c063aec355fe1b6efc1099f0edb84903ad88b4e,409565572,948,05dd70786197128b9d97f4d6cacd1c548a4322e39a14ff93f17e0433dcb49a74
e2f8519abd1be30f9c2925fb3b7e5cdf1f060a94badeef6edbb7e45b13c767d6,414136571,958,82eba94e40f8baa94f9d57e75c37a56ed06087e657a5477dad3d342a57d8f88c
e3707d9e38278b859d2cf0e8823f83007d8ebe1b9f7b62c56c9f6db0902b1a52,413998444,958,e8b07c1626979e509d80720f1feafca12aa897b20581712bb111f8e4c096e8da
e3af6f3cc59de9ef3b2e3266112f8014144a08657da8cf114e5668e1df07a484,413964933,958,870a7342107f261a209e5ce5ee32138fa57136b81de3da66e2f0ff45afc8c2f6
e3d10430b37831387d2ffc9fdc7159edaed1d503e36d860377e565e2fb09d45c,414198794,958,2a6d5099e2e7177fd392f67490cc1f87e44ea64a676d31ed5e6299f361ef65a5
e4a064445c049e5751917ccf7d8393d21201a0759d1050e75faca16333c5b252,409233538,947,83036be7813aca872affec09c952fb312a4d70ea8c73925c5734ddd640213ac1
e5978a2ded79d3e35bc6a4532c5d95c506acf30dfd9cc9f7cbee741061c3e37e,414422661,959,56ebd4cea065beaea21542185e0a044593a3cf58db949f4d74164878699f9fcc
e652ae9f00a384d3134380972d5144b9cd7ce4c5d8713de9a854cb12d470fb10,409247594,947,b6f01a87f00468f4818c44e5baebb68e479c1f6f636b6c9aa8ee08953d5acdca
e6c339a58320d560fbfc8fb7c28cea60107b4ccc473d8ae6eb658c59d19177fa,409562711,948,b9295ce7736ec9b983f18a851f60551a0068455fc25e963487c9f19186b2a9c7
e701a614f13955b8485d8d6fbcf1b617fffed4bf62011d27c7e13a3ddd83182e,412952600,955,b8cf86d67cec48ea5a4e04577529db4cb599fa9c86c8d3c4a16670e458da25b1
e730fff4726f2cacefffae47e9a4a989ce494744b60c8380c936e9bce65f26c7,411597891,952,f4ef8721d038ebac0aabfd812894553895ccd7d77fbbc29aa5749a44b2221828
e7ccd510035d84bd9f2e39796d1813c3fcb50fc1afad30845f3faa8c8e7f24f5,414952673,960,d3f0ce94f5284bc21a4b6982b2087409b9d6b632bc133c2e593ab6b405f6de61
e80a16a6b1d34d5d8d6839000ebd429ba0366683ca448969736e03552eb2998b,414648708,959,b1bd6077470e2f93d876ac238d32f269fa1b10bffbd5c3e0f4a9e4e99840dc3a
e8b05acc58235d766df7c256c6580a6ffb202d715c8ea2341f86751505a996ef,413617198,957,9dd0c86195fd614d9eae4370d138cafc775cb849144772952d2d20b530630e4e
ead69c5340e1b46cc8ed7c6fd2212f6f186e74e92c70db5094e9cc1e6764047b,412745648,955,878089a078ba4c23162ce0a9e2c6976023a7082c42c1f4188dc9b5071f183906
eb66dcfaf7ddc553b50ccc679f9ed25c5926ea329d44ead3210b68e2fe5eb412,413607684,957,c672fafb2dcc2d34b525cf51e52058d7410cb165cc61b8f3c256dae43cef5116
eb99fa120c994847776401222bd7874b5017789ed6a717a9f10f1efdc75ea0b1,413251750,956,22e1f5b4fb21c1fe70dc79f5cd0401e84e8bda5c249d493469670c04bc843a20
ebc51345a79ee66b3190d832928eb7f9511a625019dd082d387e780be1ad9d53,414517840,959,3aa0a37fa4de298995f51e3979ac3437cf7301f884f818f0864e0651749a7645
ec060b8d4c59e1c9e65969b4954d01baff2c9e40ab96cfcc97e70babf2af98b7,408860977,946,da8636487aa3b0d398e6cc65d03358c51877d0d8aededff7e0d2c6f7ab89d6c1
ec191e98bf54d9528d316381a2b6ce763427f297533197315ef2753ba8e0f566,410753821,950,bb017b3ec984527091f75156ca9cb0edb1700f2e91619aba29b2c54b55c18d5e
ec474608f018c7836532679c492360170173d195bc7b7f94c0de6351321cc028,414935965,960,b545905c905d402c838fb417c9036da0f9c35aba112ffb9b3d0e9fbfb01f91cb
ec7554f890f65db5253cf885214be0eb20a35deb4b7e3e16c7cb78ac350bf00a,410163458,949,b6571fec424b742884d5ce38d0b4282b3ffecaeceb93a933e7f422d6c77cd07e
ec98fa4b87ef956d9d6f28afd037393241f45c3c23f7a0d7bcc037ce9c03dc9f,413119394,956,e4e02635b70e8cf98d4af02cf2ab800bcb78b652dbed5c4edd309de1d65d48cc
ed9a2c45f951e57deffed142ca5472a86a7a39f0ca893e192359b72a33ab029b,410122017,949,3b57f3e52ee55bae2d7832925036f4bbcd01084098fd89511f18c2b9d828d076
eda8d4989ca4e2b4b40ebccea43e6ec3367d83c9ac95cc26a007f84f356e4864,413641681,957,71adf3368552cfe4b48c09017a33dd0bd5080438db9764b6036430e599360864
edadba4323c2251e02bf435884457fac595f0b3b2d7fc63605e69a4046936acc,409377781,947,dc89b26218d6f6142731074cd487c5011b59f79d37a06512c697d97acbd55eea
ee0c8076b4d72478344a8a426d894a8d9a297fd3923f3d45e60186bc2b469dc2,413789140,957,2f003a767fea0c161b15bb46faeca0e1929be50a605e8b245c8ae305ef00e493
ee1ccdb6e757b5e140f389b9779d2878308a216ae4e304f873f9549db38b2ba3,413712688,957,5a05f1a60a9ad553723cd84a85b975797938f935e5f5c856667f882c184db28a
ee223957556edd4c578bac8af6eec77cd325a587abdd441c0bba59661f8f40ea,413702625,957,7f52edf7315635b9afa286376b1e4508a217f26c1ea39f6e25199450d6f6f709
ee47316830bddbf2d4387082cbe692be41c241ae9fe9f4c2b736dfe4147776a9,410934644,951,58143dd663c1447ede9c052f0c2a3923dd91a2c71b7e9168eeb0c94321da5772
ee6a65b369b20db69430543056bd263c875b3dc1290af137704b3845b235e9f3,414759693,960,d8e9647cb714a0b02f62e7bb91797dadea490d7ba5349b229d363e4a0f0bbc46
ee9bbc8884109ed3dd000c8d507198bf46ef181dce1ef2ff862288147d2b6b59,413598178,957,f0aee0b4bda7d80e67e87eda3615ea7cade589c3c9c1b3c36f4fb367637a481a
eeceb02029aa9bfe02e546eeccacad725537cb4ed041ed4b8f2cb21ba38a26a8,414525663,959,d62ad8b2d804abf3da58b047cd096a45b55f71bf05adbf786a0d95cfbb265e3f
eee69b15d9e84cf514e88f307b052d0bf530aa03da31e41d2e7e3d41675cb84b,413654581,957,a29db94c7fdbc40afcddcdcb85cdaf6dcbb7d2929d11d8f43d610f002f7dfe9d
eeeba60df423595cb700d3f83cb1c08e59845e35204cc026ef5b802308f0580d,409420804,947,fb5a31e45dea939210265d7bfa7785b693f7507ca5de9c01fa972f0118e87c35
ef065d95c9dc15c208359ce53f35d7e830d24355769363e7119baad9410e0901,414646021,959,81efab7b48b356815151c4a59575506a9bb027d838386a97fe3cc1df90568fbe
ef78beed6351b2a4c34e26cede8310cfc9fa38aced11e4d60679c541edf3a93f,414019826,958,5fa06ec20bd40fbcbf852c0cb5d30cfb2cc50ca323d1b602a0bad55fd37d6548
ef8af2e12e362e804d7fcdba24dbf3d498f9592bf66a0f49729e375f2bec0627,415062384,960,cb29ecb7b03cbe5fdb17b446f2d015f7b3649883cf957cfabd952139bc67e0bf
ef9aa88d149696f998907918f8089faacf512c05b0c8ccbbd7756f940ae6f51d,413675781,957,6be0be58312586d82721c6d474675c944ded92e87639da69c96e901f343e650a
efac76eab8b8e65cc5579052b5e3d524403b715a08459d56a8568336142e9aec,413698243,957,c2c24df7231e42b6674c6e2586b8ea185740d33ae66688ee1d7fb0df2a704281
f0540d068598be605235fd9b7a228da0f63ab569cea421b4a328dd0bdc628376,413936356,958,b0c37cd4fe0686062d96fdf42257a52d63157a335545bd78ab8f16c97765e4df
f0560cfe7b693100f4e68d94125c995e090988978e40bdf53a9eefcffb69573e,412026080,953,2ea431fb7ec73aeebdf70a57536f214cbff2672254df7f3de2c0632133747a15
f0bf30d68dc540b3fdc8c3d0b579a6ec9a6b2ca7b62ada538923901eac74c946,410852332,951,672d7ff970e83a8693796c148fe1efe944175938176aedc47d2e234aad79e50d
f0c962bcd09bc3ef7e487c58631410b9df3ffec8b2a776988d77edc685f32279,414092882,958,8a63e8b796fee33b7535bcab6f2f49da055f292a1d33a3edd177f9a75c1cf6bb
f14631032f999ac2211c957c1365e922a2f36137afaffcc6855c5871bbc693f7,413583877,957,63e99e6a66ca4e03cc936985bdc95895b4accc5af8b38cca0af5e7dfce796f45
f1938b6d4c3cf1a8f391f9325b4087dc0433db60ea48e6daab8c89ca109adb61,413620869,957,76d3e14a3817acf5856e55bb33c63c2585ad1a1cd3884afffa4fb09ae3f61c2f
f1ec0bd0ec3eb867170836126ea506b2b63c8026448421acc0799ac63eb153bf,413803747,957,1a52895e286b4cab9d9ff60159a81155a4d5a74be9fd19c2c6b0830629c8a024
f231647b30dd7a05b97456a6e1a44b0ac57f34b92464c6682721f25a4b7ecc19,414218076,958,6445b6f5e74c4b2904c75cdef28500409ec117f5a26da9bd7edf8583aea6c3f1
f27bfe5734a2c9808f44caba3733a234d4bacb1cda787b88bd9df5a26d766ab6,413624084,957,609ccbf2e05ba09942d6fd3a1b2b1e65606373a573802751c1ba54635b8c83d8
f2b09f34104ae09b3388105f962cae8eac84d251dbc34ec74897ec56129ae5c4,414956764,960,0b103833c543c706acf5a06821a07247e0a7dee7fbc4d366df3d7a63c9a162dd
f2cf9587384fe39c5d11c937cec10235fd5cf9ba669ffd9e3ea2534d1ee297f5,413498263,957,744f53826752438587df16e9f25111b294f6979ec74e08bb28a12ec491be3dcb
f2d15fc31997c14652d120874a2e3f1a27e1cfa3c6445dde0b29bd922ea404a4,413152962,956,53d0e35154e8bf83a6a6d5772d356a44c638fccd71160b1fc6f27bbb16749b6e
f2fb1760d71e40cbcc3b3691e8f77481e85de8e5d0176033d6f525a04e4a0789,413874512,958,aa25b13e662f547eb544b651159445d7563a07f53db18f8d1e238815776eb4c0
f2fc48b08a0a5ca1da55a9b53b64d3882aef644759f53950f2b89622aeb3b485,414896786,960,2bf35c6f9eec89baa8865907feea2fd465e562ad33a47c84010c22cb215e65ce
f3bab6becff6335658955f574823f0f6d8c499b189412eca38542266a3c71439,411798429,953,449ea09ed435386ba02c7fc6fcd26734262b7c4a02188dc0ae269a5dea76500f
f486730489f795dfc5ac33a8ccd4d12173943762b24445a7017e3658b5a8e3e0,413672868,957,c53ccd02e1348db1496e5181f8e9ea131c3354d80eddb20bea50eee8c2e66dcd
f49a5d18251fe5a33a6d363aa7a1b9a6a3db5bcffad4330a4bb8f127bfb629ba,413712556,957,5bdd0d8651cd33f6b68e230e4154368ad80b4aa25dfc6b72ab7b5c247897e839
f49fdc92531a23e75fe31fb9ec80a2fe6ede4ad82858c3e9b7226b25489f7e29,412813998,955,d3101217d45a37c83dbdf00e1073df262cc437b045b60c128d5406cda13eaba4
f52645842eeb1464599bced8e3d62a439a7af7d00ea4b62c6ff6f9246f6ede93,414970712,960,612deaf3892c57f3bd9ab46451d4c2e14a5ea23b05109da023c1675e3f51c341
f5345bd02cc8cfa0b9e13adcea4cfb3ecfe62b98e472dec1d7d8d611c2f165bd,414823145,960,e08387e8aee0d808f6427ec90292b8d60fab6c0989fa609e700a94277a85445d
f55f7d53df1187c6bc9c125ca7306f2f6b171dfdc22203fedb80b0783643b77e,414152259,958,726e61fce324bfe7aa4592710dac26f6618152a596d2f5a03d1bcc54f6a60806
f5834391c846d45f45f3f88aae60295cb451b5c1f5c29aa7f34f3122a0f36494,413529353,957,54725d635f169fd9b102f255baf36b6ed8e6abcf430c3e6b92da6234ef6beba4
f58eaa46833efa66bfeccd6ca04799d56b83c0c4725554c3fa70af1b1f996efd,414944065,960,ff3ca325a091fa111894c65c5bd0c78b2707900558015102f8b322105e100037
f599e83d94330f8e0d91797871491ba94583c8ffa9fa3fa9336c5310d1c7e0d1,413818584,957,f684218302c90ad389c45049ca52ebdba04e441390ffc6635c34688a37cfb611
f59d2872af33b8c00497c82a5511f4203edd47508e566c34b6a8a1ef6385a074,414980067,960,6d883324e92b9f05b531e0ff33c774227e9c027c63bc4d30832511bed2a84b6f
f5cefc016ba0eb940ae6ce89392cb8610988695a92d35152b5536e3a3210aca9,410660530,950,c6b820bc637eb012e7c65c76c40031b59636af704da7abaf90e6c88eef904120
f6109e9d4b0c523f24c96aeeaf94829381e1432a11a2732a1baba228a70f812f,414208948,958,45aa1d7ef6cfbaad3133b6d96d01023fcbbe88adbe7742fdc7ff6597d9037627
f620a21c1755de4a02fe96257f83b7e250cc6441783f62c128a05b7954b31c38,413588597,957,1148aaabaa1ef24ad996da813b984d6c5a82fa2c07416ffc359fe3cf255e8087
f62c24a0775b3ccd2238488de0e12fd68fe13791db18780c11763ea7e6f02b6a,413579387,957,78fa2e1531e6a027f514b21ce872f8736103cf056fc03b372a0ce6ab6773211a
f7c895c0d661ae048f59ab676f8344cd5bce8c2efd430a5314904d21d08f717a,413950509,958,27880b40a8518f46263c7b7e47c8defc1207861e9d6a01f454a925f501c5e6b2
f7e76f409a0172c0e557c366b4034b4817183a31263706d2d73e4257cc84e7f5,413369127,956,86a2eaef0f65fadcd5cc5d2deb1781aa7f19b0eb5efa7d0940890d23dcf1c988
f8158a2066b1c394311cfc50e0cb8e1f41c02990b24c44de58790e68f632f28f,410037416,949,570a04854e93cef8a1f59466049f4b3662895ea2a030a310e97db2aa2bb83720
f86c5456d56ac80451f42f42d6f2a2cb46b49e208c1997f7f7f130876be5dd11,412528655,954,369536b71bc5638830831f344559dc31aae8fac22405701aa0bac8d7271d16c8
f88edd1f81a4f1b543eaf57a2a6b6a14a0bc6f44ba521cdbe47a0ffa5ba935c6,414888347,960,10120fca8f229ee49c662ca5561897399b83db2bf8e60cad50e7278e4e9ab53f
f8a5e4f73ba76b2126022f2e916c79adf5d814d0abf880527fdc78629b282397,413971185,958,a7fe8568e491f1c14e107db8382879d7867ce321f47e90f5f02c33e2bc5b126b
f95b036b20c0a0665fbe13c18c979e5051cb154aa694e1ded1636d0270361526,409478452,947,08b13fda1d519f8e92be1387a0f96d80056889fd9ecafd989f28f31c1f9ec4b6
f9c0cb784c5d3211c8a03bd100eef30651f7315e06618bb39bdb64f6b967f404,413893846,958,00b315862337573570f325cb422cc4275ce43550b19202e851ef3d686040fe2b
fa2db58f2778e1d1b0ae12cd60e099bd27864788218f255183c6e4e51b611128,412000519,953,922c617d31cc6c2b4a678dde37b9e32d8592ad3f1846b3c151178c85215ddc12
fa70ca1361d2282fa9ab653316091f166ff053bcbc7c4f391ab6f4c355f7120d,413841138,957,761c8743b4507c5ddabd981559dfc603c620c45a60867a758083b67640957ee2
fa824c1d16d33f9bd5f52ba55a14af0f3733cb0f03ca9fd09dd499a60295469c,413653134,957,18ef3dd1826ac4e0d358690626ed586087402fb140b35e42d50bc167ac74579d
faa0dcd9ed0e93c826ac9ee264c00cbfc75a2d444e71798d8554a604f68de984,410518100,950,512e18e0c61f791adbdbeb496456d774928947d0afa012932ee30c19c12557c8
fac7ed875b3629458e0188f2913ce918637d70b1348c0fca16d5cc0b7838f442,414032433,958,16ed53fbb904bc8e8339cca2a0643dc5730ace72a1be9305e495d9abf7028419
faf23658241a90d51a515b3fb6f0681193222f1c144d08e946fa765b5d8454fb,413564766,957,a103bf632703889f16956a7a27952eee063ab5d196f7f9a0e722fa302e13d51a
fb33799212efc29c65a945b8506802654f585900e3cd710b3cc165f9236923b6,413961392,958,c9ee92be41bd4c3168e3eabe8bee0c25d1d0e47cd6d7a2593ad2a318e07040cf
fbd383d42df1546bb1011cf85718e43527ee201ea3ce99752310bcd36b3cc027,414139874,958,83430bbe945db6b2d046ddd500f597861a912719f9eb516260db5bf154133e21
fbef9a6298d9ac7b2c8f0f7c2dbfaf000c3ddb4322509d28056d937502a80d2a,413261543,956,70b206060900525b7b8531a994dd706b6d7814fa35d0cc33a1f797ec72f17a50
fc03c87e9ceca6494ee67549089c14f7b7a9692c9ac6fa1f38620eccb97225bc,414168754,958,2ab3afddc6031dcc0ff42eb8213add3811d09daec42fd7a1f9ca6dce3f3d16ed
fc125b79dcd523d6be8740221b0951c1319e81a6706f3ade561b7a15100ddc8d,414036656,958,c3d990610ef7fefc04954b335f41d3f7b4f2939c3a6e19457709cd1b4dffeac3
fc9e9a325e477410347f1dba974b812c177dc942445272789352b16e4a63d021,414641353,959,d5519f7832a8b41ea96d25e09086aadfb335aae0a680dd1efa95fe5204bf1245
fcabbd81cf8fad012cee5bb79dc89b46635f00c6f1da69683c5f81662903d7bb,413635535,957,c1a67f04e144a73aa79725d558af69257efe6a39780db60551652f7803837c91
fcd4c29b862eebf29de86713ef15537e925013264ed98115e0a2a58dbe8e33c5,414203557,958,6ca93fbe2e4cdc398e6a3bb69e4b02902b8263f3c8e1fb784b120102dce622ff
fcd71dbd54b67889f9a056510d0c30d23f0677da62e4c50f038c272674ae6a04,414477029,959,c991f3c6d97acfd98c310797489e9a81bf1b8c53be8713f06f736d10ee364168
fd29823dc0d4d8592b65d43e181b00ffa98c27baad068bdce15a6f0a46ae312c,414901228,960,29a750ba037019aa6e1c6d67af4dad8ed31591e85c6693ef1db22839cc08b342
fd43a3f4dd233b82b46cfefba65d7164063ac60a3fb72769e6e6d28e7f77bb52,409609440,948,da1baa6a3e7f074831646d6fec2464d509bf3ce5cbbe5fcbaccc867b6dd27431
fd518b823d2fe553e5c95d5654084dd2667e78b9700f542273ed8209dda86ff7,411671535,952,1ba839ab1261aaa0fb8dd65c937ecf5214f006320cc326e69a711d9a0a860938
fd54eb83006b65e5bd3cf4ec453c8a81a6ed156f2e809bf4300736b762207a34,410789050,950,cfeefe1cfb38c46f27c60b03a78b9b2d84a6b156878aae51f81e148b85092427
fd88251503e5a97ab6cfba3d72ac20210503034feacec76792e37c1b67907feb,413938129,958,78387a145f8ba3949b5e99daa9c895d3ee551f7a187ddf7838eb79b2d539263b
fdb6869d75d3dcaba65a5a716bdafd03fac7083ff2d55db4e18e7813656df6df,414129022,958,f4f697aea8c5a4df03798e365a36456f8dda4cef51004f374e488cd23ae6f93d
fdbc61373767962f70bf3494a81ee36d224cf81f28a7d5fbd5389640bd1afab2,414867138,960,8af494774107d941f3419532bee5b1010468019daba4d7abc0ceec899150c3f4
fde52bbca04e6c725a0b40d15c09e9c4218bca70b9ebe9e00e148b1a22f58c7d,414089065,958,af5ab30270d9bdb69f07a21164c9d2edc14cfb0d6f7ca93fc1d0ec62360135d3
fdffed0084c7e7414de0f62303e1a3fced0bad43d08375bae5e542f0ed4607d1,413960866,958,7ab742d0a6af65147d3379e13d79bb481d6d552fb2e33798558e4fddc33da9c4
fe0b07f93134aacd257ae5982fdd2bcf41f788a6901cd78cb3a9857f279c2319,413067704,956,4285c4ecd4ddd4d72b010460e59457f222ee031f5d5e92dedc22d41098990c8d
fe1e0bb7360a59751c3a1f8f7687a6884fd71c2d2b1d8b712ab7e3bb864b120d,413604976,957,505924549d6095621b2b02e4687dc31f962cfd333ae97bd9a90075a6141728f7
fe6a27110a9f689b688768d70dc03b86b8d80e8ced9ecacfe51ef2b1ee7e00d0,412530540,954,4a1a7b5d9bbe57defcbf88569cfb67f0eeca32a83c2d2feeeefa8c5c76a42f23
fe8b6e47939e07ba0dc5f6b3a9326cefaf119e35ec8905be0b0bc46131e9a9ec,410934892,951,1c4d66c92b362eb269f1d23a89a666ec0abefdc21a244b04b36685f76eafd96a
fe9357b9db9dba1c6f045e8924cf518d3564f500a54aed4c5790290ea8094937,409119122,947,a75097681f28cb3a9ff34fba1994678bc4be63eaf2d306583a1dda792375bf37
fed53fe8e49626690ca3e7c52c8986e0ecc39c054c424923600a044f2892b397,414733431,960,1ab9dfd5b70366e68c0d43bc7857cd57f2fde40f735ef028953b8627a294d3b7
ff2dd2b7cd2ae510f2018b1cd696333aadb2161a664da763056fdba009e8b25d,414234792,958,2c380c30d203644f7780ad79b7a12813fcab40cd743c2701ee3bbd960f6b81a6
ff346bd17e46bfe3b1800ab76f5e32f74543abcdddfe53ef084e4bd2c7e78cd8,414439656,959,05dc6d16eca3202eb453930ac6b4cdaf709b7ae1bb118da37f243583f135c8be
ff80b3fece78f4a73c1a9ab3a866583f91848784da7f096e36595581f764582f,415031808,960,c401b3666c19c9f9c26de84f4e1b91a31ef9712dbdd9256e4f39f7192fccfb0c
ff95a476b7982630a25ae7135b2b9573bb078fbc42cd6869e5e4e9dd2b3b5725,411047823,951,1dff02678647c3b1cb86c17eab30275cf6260bde140baf6472cf3ba4502e2ca2
ff9d276d0270a44a2431852cdeeed2f8c96627b37a02a81bf01f8afb8bfe976a,414526249,959,18e949a07b720caa54d36dea0aee7ed76862afad9b07206cb1884c435b28cea9
