sandwichId,slot,epoch,bundle_id
0029c4c1329388f13d04da241ff180c22669fe2c1cb6b15347bd4baeb85a9bc5,416460635,964,c4cd5486cf911c6f748c1e3ad6287e14d3b6acc5d3c56f836e09550409194c06
008557aaf54efb6f06878471c96193ea5131964c39f17816001a243f34e58bee,415425920,961,04a8e2a6ee85149e1d724e9d12e3bfef8cbe5ad2c6ba0c4d2ce0a7e3bb8d875d
00e20c6974c82df177154d656367965ff7eb32b29ab9a6c0cf84dd97f9f6f5e9,415212242,961,16f71124224aae4a364f5928fc488a921e643a8b52b34a0df0952c820b8e991b
00ec7627f4e43a80eb12fa886ec9748c68b1249f26fdf9daa333753ed46f0591,415184564,961,f59f6976a3fc06c29a21aa544aecda25cfeb3b87d0fca6f5d7d04966e4e0cab2
010102b069637ecea231c28c29b56a979d815d87133e7de956801ed16d07ba49,420166494,972,80c474c5bc65c24c78995bdbd740ee2fe9b1dee1e9d85e72159b9a58e8ce3536
012c537cf3fdc0e7163fc4715f5b410fa65bbac5be05b46367eb230c576d4f7f,418988188,969,209700fa0d2f30a442fa7300875178ca2a79c1d82e1a073ed7ca2504210b4321
014e343b346c4d758fa94830341dfebca4506e2aed282adf47f3abcf58dfd80d,416112746,963,e9538fca94802493da774e03d752ccf35d2605a71693ddff1c1163835c3ae56d
016d29b1d6297155e8c143335956f68f39f093fb3d35a4c5c89d5df50c19d6ce,417835463,967,fd3ce7e2e30673866f4cd73ac3a02f98d93e1fcd85856280603a5195fcad7e78
018446982cd30abe959adfc4b061db7497b4339c50b813aa96a3ccabb54084a7,415427460,961,385117cdf64183b21bf50df71a1a48b008284a9e0ddbdf14f90107f6a4e320cb
018ab63b3be0bc8bfc770e000bd8ae93c5369faf95e3ab531a7065947e36f988,415568163,961,12ec39f70e4857852afb24914a3e9625e2f679df4f768f1275855d7b0430ac61
023b995a9ecf812b9cad707b6f9f53495cdd272f2a4b14ac1380c0c005bea8d0,415389366,961,a3ab89ef9aeae86aad9c048a6eabc41fc46022a64c35f0c9afe6f290e2f667d7
028d90b550b0ad038edb973bea933eaf7b2660bc79fdd17543c70f79faa44ba1,416355955,963,195bf8f2372b96af759f1fc9b0002bcd8f038f9f2fedd60ba1b0120f625f57bf
02acc0f15970ea3b061924ca9c80ed26c350c8e3d6c564de7617ced33b998e56,415187038,961,0bac01bad98994701857f1048c02e55f5127abfe8bc847806d70f23b8c0174ac
02bd03c7afb1d6b9346f77031c23c6ae9d4408ffb4972b61fa8ba97797127370,417135614,965,a163072e35470fc16c8f4c8e038f807419874768a0dfd81c851fe1675f797c0e
033bbae97f81edcd3cfe45b84225adb2b32bbae71c3037dacbe1c924bdd46bdf,415276704,961,8f8564a88d1f56d1d7e41e96c407c0fd22eec00b6806b0151ba9cff533e61d1c
034838209e2c7d6cf7139dc6cc00f38768566e872075e3464bdb1de31763442f,419694510,971,6731970234beaf325cb941c2203ad17c57531ce8b39cf814253a5de0893a81af
043d38232c99f1ccbd8661d5e24453b306e1f74e9fa91fef83126e09ea9decc1,416005915,962,6b6fa0aaedc3ce83736f3f1acc90e1dd002e953740f4d20065b244889b783ac6
049cbd07a5bd21e8794d9e13d33318286b84ca28084a54ce49b4d6566b58f58c,418967243,969,b6c55c8c029412692335f0a7b7b0872c4a1bbc93785b5db978b6942b47164ea2
056d1b7ce8b7dcca28b3335f4f0467864f4c5de98d500a6c79f0406445f86468,415175642,961,7dc6e66d704a0216fc57738a0c929fbc6811fbed6c84b7215aa7ce92b9a4671e
05a1c3143cd9a915a4a08e1ff6f6c5802fcac2c08c7a06441f7e276824e561b4,415186076,961,afe0a9bc663854dfd4e6c51873bb3fd22900ec2eb4ffd8c3b67170689e52da51
05c998b539d7917ea323e6b5abc62d8b99350fb06a74ef7bf79ef357f6d68698,415285951,961,836ff0cf281554c166616313373596afe22b07756c61aec796be62be255168fa
0617b09eb526c0e4dc54747742e3ba1e456e0fa0c20703632a0b13923ac3b7df,415491551,961,30229403d155c862aa1753a7cffa8b4592c5a79c8c03b84315ea2da8362d8b43
064de8dd159ab0c77e2b4e83fbec80ddef275da31ffa1047d883e79b4b240fc5,419692938,971,8833f36e125c7acacdda59f27cda3cd654bd6104125a365dbadbc39e5c1dd571
0667cb7852bd982d3a461ae715a4d2adc4ff5808bdcc81d36ad45c098af6df62,415246786,961,959cc6bcfc02e66af0667be2beed3c752e13bb8ad7b2cf835f81175dc51474be
067ae8f2c3b6e5fe37521e499e18e94540732abded746ea838c20b0117bac359,418997028,969,2b2acafbee93c364c08b7a0bdae8cd06c6fb3dbef55fe774e6c2a31c8359dc98
06930b76ee075632a45dd1462ffe0e9082a875fe597958b901a50f2f8108a32a,416442408,963,63f8448c3365ef5e2b347acd418b61707b4b3e3d43b1bc96cbef6c0361752b2f
0696d70a3695b3037f40a0d416e03cddd790324ad7dec52a3d8baf5f3094ec1a,418653407,969,fa02a754f733cb59370dd749fb80d1b4833390d8fd343327e83ddd51b9dec0d9
069748650e1ac2ececa466ca569dac574b55ea020013141530a147fa1c17021d,415575983,961,c9fc5e60bb6b375a1d63807666a7daad410be846f6e93c2711f91d0d90b6d025
069ea16422058c16b190333a61ad73b58f75b02f6adc439747b33a8ee5736e16,416376104,963,98b8b69e48f93cb076b1f096843476b0c9b16c4fd95dc07f5e6c97499408f7a2
06b83a2aa82e07053264799548bed1b1d822c7faddc6b0a5d476f77a85a097a1,415181498,961,f431267ff772b06f8be062fa2cb6398b5029b60c486be7d82c0f1a6929e75a72
06ba49d0040a01ce768e301b9dffb462d624322a76f552ed1d92a3a1a3cec461,416086914,963,d20521f8b24af2d91fd789ba65dc157e3aea8d18e5c0ec1c60527af37b8cc139
06f3fa657eb405e8c6cf147753dcf9c58ef6708238ac6385d31ff41e655bb22a,415186271,961,b1cdd7efc57bed38382ec01a6039645f29c2d24511c7e6d723fcb2316a5e7055
072e3b55a66ec0c36a6069f82fcd88e8384045d22faa584d760c7bf9dab758e4,420530316,973,d637a03ba42152f4c48c7c60a44dd56cad16fe65a1e18d6d99143042ac1fa9cc
072f22ee2b9de31b490c7dac94771c43de4dec3fb98f94a4cdda550ccfef9e58,418352180,968,35cabdd00757b9ced2252dfa31aeba9c7a72889551164c3fe3ba0aea7d5ab524
077f6a1ff7a0830e3ff4a82c1623b0858066df9d7f578b8b3b928eaafe79b494,416733454,964,1d0c07b9df2374cab3ac7789d87d916138a5094e6e80cb2937749d9db84f58ac
07a7e90cf5500e7db7a24afd0e63d9e181fd8e9663714f16e03d7b275b3baebf,416369107,963,de1ecb3a372853cb1fa7fc8c3ac8a238531c38f216d17f2b19372c72dc25d698
07a8418045950be2f35efb24c1f491777f57b6b88a864a98872761aa1932ada6,415284362,961,2e482dd999469bf7b345d8bb669efa85de848c33c18b508ed319ef830ca1f806
07af36960af13d64f6d5f027aecc3064f7bd6a86212a7ba8407bd3f34ce1ed08,415173743,961,8736b8cdb84a9912412f89453677a6778a26707bff596c29147aa4ec47e9a8cc
088922b5695c11c4ee54b32ede9889cd628ef147b85ac88d0da87b2fb1b9f348,416033662,963,1ec9dfd2deba25a129b63d8fcf87c459283cedcd74bd3b578f6d37e4c04e42f7
08ab23ab440e29759af177c5f6cf9df9845f2252a8983d7f1cf4005004bc9f6f,417261286,965,0f61dc0ff107d0e4006c690911cef4aab0b873a45dbc1b9b91221bb8fd67ae98
0924f46f9a52121f8c049073c9d4cef460571e34fe4317c191b2aa0e0dd4784c,415258746,961,64dae8d50b8a063a99ab6f76a7bd8cc46facbad69048e432779ddacbfbda771e
094018bccb8a3f6603a5e6088aaf10b33476f2430b0610794ed88f1bb313018f,415718195,962,17a5beca53e86d83901020273f4ba7a3add70560b2d39a954ddde6f6432b6f66
094578affa6003dcd4073ff5af9d2e68e0c97ed07ad1dcddcf832d72b78d5c25,415365013,961,98c8769117386d1a49feeed01a080b5d17408a35839f976e02f7d29f9fcd95a8
09add552d68be0da2c6878ee210e9e4f5fe2ba1db3a8dd75aeaa25a15798e766,417910226,967,d05185e42eddabc67bc121e05b3bf7e7e5318e31b13b77fa952061ac258304cf
09ec6bceb1a80b94862b798b3145135cc074be503be715844c500d7e1e3984ab,416629936,964,a05fbdab5cdf67d401f76f88b8d0c9be96c1b82c14fe11474c832ddee70978c2
0a5d44fa301a150d202495ddc181ae2e4a35f255a1d4e64f795affc4a629c722,419867260,971,667621ea345d5bde3169e6f3008a5296dcbe71fdf1d4fa14b06348b95a6d60a3
0ba4b5041675c1b4b1ed74b335e5fd4be2a2bf95c2bbfbc33517e7815d27597b,419093186,970,4a79320f168fa1866b830c97c1fc6849359feadd9acbc74e48575b31a68a9c9c
0bff7371f9299d28578f1be7559ff48a4eb451b8d4585a85e7d27471491cf378,415275272,961,bc2ff9ef5b26fc001a2ed002d4a63daf6b40a6dd585858804747aebf2662d3fd
0c052eeec23cb63dd65b55ebcb35e832f08ff0165d06cb28918e5e3ad8d1dad9,419722199,971,fc491c9c421c4a1c43aabe4c56a25496acd7622e0c6a470d581a4990cbaf797f
0c46b4d7abce8f1d2ed871f0e46ca74287c798acb24d2672724913c6ffbcd77d,418991762,969,4d7ac4630880da9a3dad5095905f1fdb3bd993dba1e232bb79ed016d5c631585
0c9f610c4926c693654150db98f2ca7e946087ae2c9bf12a22812907dd48a461,416033385,963,9c5d8061a73d31409219902d8f4731472ff978b7b4269ad1c80cc31bd7d549a7
0cfbbc10a2f7a20a24865398accde65002235ef244702225dbb8164a8339f3f4,415544916,961,bd4e9229dcf4bdfce268187c6e072b0eee2a15fe08fd862b65518845cdb28c84
0d4694095284c21b6fd55c10baaa9827159f5f3580c0acce713bc8334b0d1f82,416083286,963,d26a386f07ee06685b1854f482da3bdc06268e1758f9c22e1162558771896bbc
0db3505c4bf29a325c87b57d7cb2b48cc7f734e9a76e99da30a064d7e30ef9c8,418981350,969,7a5a00262873c34453d6092f5b1564097acd22eac43510e137c5386a5233bd1b
0e0652c4c5cd9dd379bac461bd060b3e961888cc550940e3f4fcf4295b6f901f,415411653,961,6e849b198e7b6082c45fed8addfc6333f66097cb7fa10172c989eb2e5f235b97
0e394b74bcf3700679d3269ea5a71b347f8997c8cbd23bca7810d8d5149bb3eb,416314970,963,81d9e5a0a9bc68d701e4b2b81fdb976c048c816044c0674aea313372737659a1
0e6ca27d6b4bb62b0792560f0c537630c4fa7ebaab95741bac1273bf5b1aa8ad,416080759,963,6c87c4725b0acbfc143a334d8d09142cc9ca58e06c5919756cdc83810dc5f8f3
0e735dd3425c41c9b8abfe032711e78be5d760bcfe88e2e5c8bab373f4ae1979,415279226,961,890ba3e523318eb85d4b959b91e8c573f46465fe223d61a5607d9008a2e246ab
0e8b8796fa101cfb84ba97731a31c0faae29c091b983390e568fd6fa4c5df6eb,418614144,969,1ea118efcf7dbf2b7d4e7f989a9d92c9e9323a2da492f22466e0c799f433dba7
0ec21c4b3e2205cb038dff1c111aabd42039414f82425917e7c183cffc8fac9b,415933597,962,5a3588a74f0df3d1b86c4b7c8abf907d42115c3328edca3e3253084f452e817b
0f1ffccf90308e9ce75913e5f6c4527246567afb5ed8de112747ce54cb234131,419679182,971,e25e610822d441b2f84607064f73933d78beac77d611e643b7c023347a207cef
0f75d95f6110b7866734ea13243e4cc3decbe4c5ff4d842fa85097ef0e871205,420577719,973,63f04a5798b7580a7277561ee2f6b6607dccaab0c15fc2ad60d63077fea56b1d
0f9b6c768c425812e04c814695f15a99589e90450c82ec0fff1d92f6cdc4567a,417719130,966,fdad47b87135f09ca66946c625fbf6edcacaa1d13c5b5662bf8ccbaa6d09ff1f
0fbc48116b860bfa95bb3ada05a5a8b92593f948893996cbc40f4ced7669cbde,420034305,972,271768323b3d5da7fffccced91a6b0cbbd4f44e13952526bd9f74fa84c3030c4
0fd01387bb60df3041b69c18ed8ee2c841aee450933e3139b1684aeb46bb3817,417943140,967,66e5d882a8626dc38efff4c5ab6fa80dd8e99d3f2df83749af1b438097cdfc12
0fdce129de716d8c9ecd679d6defda163c3a8f290f0bca263f0513ee276d6cf2,415260084,961,3532dd072270575040ec3c02dd3280d0b31ab969fa6dd4f2a9ca70cd6493b7ec
1038a76ff9163ccea4e9c22937f2ec95617748e4a78ae846ba300e7e9dc2c584,415385745,961,e0934b97945ad0d1a71b32ab602b57e2e610c80ba2c4f06fe74025f4166c54c5
1049ee567c52c65e19c555b6a7fe346eccedf4cd4c18a4c8c03c59daa0d07f0e,415532943,961,53fab0bf2e387a85ee3447c43106eda9e39535c40027684b27a0d3c635aff957
1072b2b54859c9d71392582b0447a2e40cbf738a372a612b4e95c8f236107bb7,417836393,967,e63c045c6f24ddcaddad8bacabc7212d9cd50aa8233c586e93ca3f229ee3dd9f
107f5db1f11ff4537bd1b8b8d65568924c1fd46b86a7dd07c64deb82820053ed,415716418,962,c697741b5517bb74d43d5b44c13548587349a3fe6cd85b2d1354b7a6422681a6
10a8851f47d8214276ee9bf6b46940f03e324556be8bb355dfc8afc704b61a7f,415325743,961,31b73666cf014eae9c2c578b3b98d14ccb13382b6991755bdd167b0c5c97e73a
11036a935135f5be75d9f2841d1f7f63a33720b4bcf502df2a75dfe8eee0cad3,420225234,972,0cc90b446cfa7ee56206f691213e17e2e422131faf974b27ce2ae24ff4a85657
11607e4d31ae595ea9c5a9ef32101bb492747b9c49d360909a5eb623419f53b2,417290480,965,fe89922ac284c59283fa57341fb1b68e3db63057a69d72f97872122c4c2a3947
11728fe1f32fa18ccc7384d1e7dc5d37c45fe787b479c6f28a9c9d99ab893f62,415284952,961,0f90a7e4c0677979263982d7b02ce16063588be33d65262c2291637d15e45cb1
11897f3768cc8588c3d3b1e1aa731d2418aa476ad68e9e57d22c581cec36becc,415371999,961,7c8b5a10547f4681c89ed9c58a52821fb19c32b067e70101e66b921eacaa3988
122690faea9b4c16d7f9d496141fb881c234d94ba1cde4d5ef62dfb70596ee25,416096198,963,60adda43e60036c4828842be5d0d26083b9fa7da0969b835bde0550e586543e1
1268b0c08ac07a0777ad1658493abf78d728c509a245b796a427c5d224d8483a,415161900,961,498be45b5f951946291406ce74564d4ec8faf584f46dad209b34ff15279d3973
129cc0c9f2583f4b533393ce774f3536061ce9810cd00e31de3c7f2599ca8675,415206311,961,26a9e71a8cf166191004ce7ea76a75f0e4cd106df8da0a24c8dea8b2e8fa0fd4
12b3ddaf11f91e7e825dbf15c6e5251ef567a951da7bd29b9789314c470dde59,415715579,962,7943889361428f2528cae25407c225bf02f684364164fe34710efc19772e166a
133ba6b3a980bb5d94d0878357ae8fbc6ca301f52a173e3e8dc77fb3073d9875,415298860,961,b896c9d416e039aac4e6a7a9d7b90ae962ecada02d1f838fb25352a15c551d95
134723b6e19032ad34780c59af0e0717c55ed1f39bcec1f024e048b56031c183,420580804,973,27bfc68be8018b9bc47f9d3d49930b361d22656b7b26d17f82ecd6995f394001
13dfca42ea4378b76a00d5c3525806b5c349245e396269d12da4dfcd6c2ced87,416375926,963,990bc0412dfc3fa48d0662d2c5a93e34725c53ce63dbb0473e0cc0b5d91db9f6
14e62f091bd2ddbb4ee05c6b6675b39d859d36e9bd64f980f66fa20f0fb3f0a8,418993844,969,8d5f449172475f28ce7f12be1c8f2788ff9c5b018c2c8557023cf2ab6475d5fe
14e9270b5e55b49f49ee954bd7b666dba5e47a2bd3c5909646f50a45fa82ef25,416420540,963,54574ddd67cf52c84517e91dd88837ce8bf6fa2720f02ecea5d7433a9e745540
14f2e18d4f61964cba04950f798468f3939e042633aa6f02bb613bc2646f2c09,419003629,969,cc8d684d767afae4973d3bcbc9558209442140bdf2f6973f6ca8986f2da1c305
15153b1cfd75f25bfba1aa77d97c049aca5bf79d61684acbed3f9c0094b28ccd,415212999,961,3b825498220bcdc4a2a38415f117013cae19d221eea5a12aa00dd44b4fadf8ed
1562188cce71eeee827215707382d7d1d3d07931253edee7fe862afbde8cef9d,415196448,961,ea174d34239c0445704cbc486c793523e9e70df2b91e0478dc143bfa780c336a
159536675297477c637a076d23f100ecd446465ea78d521c20b7aa8e5b124773,415176451,961,fe2b7feabaee9892c1b288c6df4654d0c4d0105e649c3ec9fdd94b8a8b781fbf
15bdfab07b98088a5c6752030dda5d05bc2431ed3ea60a37ead77065cfe0afa0,415549376,961,8d84fe951fae5f41527fff9b1d9aa43cd2b8d0166a5bc30f48111100027f05bb
15e11dd077ad8e5356a933301d2ffff8063801ac86757f1c484c067ecb88978c,415262008,961,77a41b72b0878cae81e0b9cd4c18d782f00f8fe620220ecd757fbdcb58d34e52
15ee173e9d3220441a6c38018d16353c5b955bbfc4d39311ac3f4df1342519a8,416795555,964,f4f4e8e85e9005c27f50e076f30088fa0354196d12b21a0decd394bc0b39081b
16141f21284d2188c70f349ad129dcf3f37b1ad1f38720e6939b67324e78cbf7,418615903,969,403b2eb7b5b53975f3c2f538042507ee3f4a9de3576eac0f7019659563ef5078
16707311b950f531cd96a11e24f77dbce734acc82b0f26e61ce62307dde13b14,415385914,961,220fffc666a1d32bc1be718d62caec48cf3d9c5005004e28c889bdf2162bd27c
1686ba5136fcbfe46b27669ee0a2b76f9076659c0767a649238c0fc7117d7129,415471471,961,db4d29265b21661c2a1546316816e3959180acc9ba8d5ba5ab635b9f64793f09
170a7449382b3b202c8232f83b52d62219bf7fcc77f133b3ee4e42dcdc33b2e2,415285651,961,4a17c8d8217e57ab0c07e5eea2685c63c6e6a4297f6c9bfd4cc51a83b20c8e59
1792f6ac0a2a3cf6ebf998a64d25f38cc1e89671e319602a7a1d7a8d542b9ea8,415534848,961,a63dc202eb2af5b1d465a7a550e82c19b4a564b275377deeb93fbec571352751
182a4f04f02086ec9928744c35c937b527aab63d1b50258700a09ade0afef2d0,418617724,969,101bbcbd22055839350d3827addafbb33a0fe008e749529737bfc0ef41537ba4
19537fe9ccc3e8f16a34bedc67e4cf3b3118b1b2a536080c058db9dca9351b7d,415684786,962,eb5cc3d8fce3fb5b18daba46c78290ddf9aa3e803174cabd5a2eb9ccadee16b3
1966e08305415993461ae93b5553d9b16c9f882c248a3d82a19eadf7dc5a203b,418969632,969,372ac3083e5b0f58c737d080ae1868b720469b448c1b4567b2b8fdd60a2872dd
19834459c8592bec5a75d8bf46614fa8cd9139bca9e0bbd1b3db1c48cb6b5875,415529948,961,ee0b45f53588c01dfe6ae961dea40a6ec9b240a20ed194a29c80f8f93c6e33d4
19a9728718fd510858a0f4dce0f9fa35a0119e0462833f4f80634d748294126b,417264032,965,780df691544dc26e07bdb270e331144dd3266856552ea5838a9423a31bc9ddc5
1a3962e49d6901db078fb706a97f0fa6961f6b549beb102d5cfc9e8706a59cc5,416125757,963,e2f0dc929d0b24c451282bce6f549d239ce241d076d99ede2456e58bb319caca
1a416b1f208fbacb95ac90608f1fe7961be21211d21028b909efcf40d698466d,415287627,961,f0ada1c27df20a5e228072964026bc20b07cd098df03a5e879176a453095f7a3
1adc9bbb310a0f0e577904aee9a8223c5a5155e094a53aa5cfd3db5c9aa832dc,419685523,971,58f24a18c1d7ed4a2c411840d8fb1ae9ec682c1c1ac268357184f2b521ef97dc
1ae449f22c2a197a5ff12033be00a93f646bd915c38722911585024db0b26faf,415191394,961,5bbcc918f0c1af6adc7d1e78e6898cd91267f384191555d4bf8b4fa89e03a44a
1afdf4597b99cab4eb58ccdebf6c74c0d064776846af19b95eaaa241a8131402,419876619,971,7e17d98a974173c5a55ce68d4cdfefb93225c7cb88f3f23fe686fc0aaf8d193c
1b1b6f94d761fdb819b48663e39d8fb5b74196ee54e9d8ccbb7d0b542da2641b,415716409,962,18e2794d148783b8d8996c4f090aeba492d2f4c4255822051be56b299defc31e
1b6e59e4358b53b457728dbd63737fbd854d0535ba8c1a37aca28dcbe0212594,416014676,962,415dab6316a0514159f1d7619aae4077d2f2dc522abc09dde10b9711f2ef7f7c
1be4b4ff79cadf60de6744e861ee6aeb4faf9135a747c8b0eb892c2143f65e50,415176171,961,372db0579c4abbfe71d8d3fe164bdabb7f388758c045fde82a951f93b85f6f4e
1c1071afdac59b1eaccd158e96a308a7c5707adcbd05a78a3b90a0454d143d13,415872306,962,b87dea52eda9b0a8c11b6703077239d72858eaa73cec3a7680b626e0b0873da9
1c6c42d23dc34ef26cb7b38e96c60d3b28b297be519f0cc40c9707c2cdebf61d,415174952,961,7b3a837d7a84f0af6c4f1c48183d8e2633c620b1b3cce17de2a67829320f36aa
1ce9f5f3f6e7d4fc7ee4fa4e695d7841586c77464661300b54a1c95fc1e19d8b,415430246,961,b7a56177d3cf03d5e9cb715c126bb34f331e073844d01672543d4d93e6f72c96
1e7cacb476866eb8a1c4c87118579496409463a0e35e7a52bd933a49a7d68e99,415285353,961,b6c98f50f95918b0a587240bcf776c899cf0692def62dba00e557189872ca4ff
1eda86c5ba836d8f67aee841653c7940a4e988325cfe532d2adeea04c211af5e,415379659,961,07e22772ac032f539ba636e2cceaf081081c23c5f53e84743122808ee475b78d
1efac7c6c687293c54f303cefd54138906763d3b3d10d3b70371e9f8fb0fd12b,415728245,962,25dac0d592702adf7eaeaa7d8e4275a9d81f426981f7d76a46bd58e95af34c3e
1fa88571d45e3eeb1f282e74f50199baac79aaf60b8f414de8190dc5325d4d6c,419394352,970,7b2d652d6dc73bca37c9bc62324974c45b78acaed5c1324bff5e27c4132aab34
207363e8e794263bb60c7230a71f58a51f5c8ef4a68f6c8db4715412675ebce8,418169840,967,ebcf0fb2f78f5489497d5c23c1af6060997b9d0725a9dc1506e19a46494cde16
20dd97a5719deffbdabfdbaa949a72bffaf2c46773d77b3b009fc25015df55a1,420694448,973,1b779fd03de038aa4bec247d2e7b0063a3c3b746382205c990a71097428ce554
2110498b37234238880f5270d65d350b4e12d54b9715a186ee09903f522f7e3f,415192940,961,6833ee1a2365763bbb85de18f34b026f4b2a89ce08b1f4e0cb17e692077cf18a
214cf4cb827d2652bc442599cff70a151b88c708629a2260774c544bf17ae3c8,415189355,961,3c2c6b129a58bab402c7317f6c986bb3d4c51ac9f7c3b157eb9dcdb90189f0d0
2169e4c3f99dde95439015ba951ec27128f2c3d64f4ab6b5e130156498715552,415300274,961,f8ed5fbb40c75b29779a8ab1c6a3e759205fe4c873dfb0e6e10fe2c123cee2ac
218ced9c7be241aa5f69ccb7c7fc1857d30eaeb94d883d44f9e58829013f287e,415999980,962,a99cf6b07f828f09eb11940b06d44b8894711529f9794104103674fd3e51ec9c
21ad844d63e1e6afffa04b9213526569783c31a41839342a62e485fe5b380ffb,415190917,961,e3bcce52e68bd3800a723a3d4957186c97b7041c894df7f8173b347371439ae6
2298626e2f27db287a97a54ef30fa486d2b7a33cc0f093649b4f40ba09de20fa,420121571,972,4fd0600e50b1b269c456f92e51a86e4c8c617115e54f9706593d36450e360b14
22a5770b215b3e1cccda4f41242b0c5cfd19d2c51bc61efab08718462708b385,416130359,963,fa7e6cbb73de0fa94d4a95db314ed7431b0877b7249edaca790d584104ab211e
22caa4f410030cabe1056f3ad29419d970ff2d2e03cbbf8278bc5f0895f425c5,419686336,971,8b8e19237564316715d914fe2d1ef411f58e6cceefd29201b87c4fe31bf8af46
22de73fd48e97f5d7b161d3715ceb75e7fba91c2619188b8ec74a9dedf0fc181,416135160,963,c1899fd1eab90c70782485aca83b6a188db509bf98c8a29a492ffc80b28e03bc
2335269134a03fd1c2d4bf48cbaafdf4e84b9755c3e5fcadcb481c5d260ef8ff,415171072,961,f3acbf6fcd6a23e52fc298a4d186c058a17394fe590050a69c6abcb69d049e71
2386ed2c6a6c9a0521dad13f02466a09c174b06eadd35e09ab9097ab824db894,418975676,969,f17a53b077e08c7b16bee68743b62f4f482bb50debad92b23a264d0520f9dd93
23d2c42db35fd86bc52bf359a564cd00b77fd4f14f94a10a851540ee6eac0e5c,418357623,968,7f482f5b1a0a7a7fd17adce9babc8d8bc2cb5c9c899de7b93cc839e63c67f686
241bba538bd8d401bc08d104a26534503b159c05527234ef5155fb6ed155b300,420547833,973,2e6c3bf332e0fd93c33cfb968fb138c54948a2be850cc8ab21936a87e8587b86
2437b2d739b0aa1c37449cdb88f43ebe1ae1f0227b959f9e7504dba97e38807c,420536305,973,94dad690929821ffb623dccb5affffeedb8114af29d6887c8550c54f7e4de679
24c6bda85a0a558382f4b99513df82e4200c75f2223a11bdfcfce48490253a48,419869146,971,7e8b304a602da5491427874f7f38c2546edc2d2f72de9a215bc3332c3f9755fe
25007b14ff88edcbd497a30457f73046fa7231cfc1b6d87e26792cbd592e4bea,416068276,963,3c8beb2e39f1df53ffac984e3cef9c7184cfac32f019e5ebd36943a0a0f939e1
259840d9666b93abde349cf5e296ede35142c0a7f3320d922b9fb29ff3fa6068,415202424,961,3f763c81a5c4808f5cf692d636517719912d5f56d57a3cc60883788ecc7706aa
2689eb45dfbd0cec648f37a09cb36bfe2410c71074eb65bac8bb584fc0bdfae2,417321151,966,3713f4e20efce0df0e4a10804a22a24bfdedb94b2541362e0eae2784b8174a19
269d3522fa01e34b2a3b4811fd53c75cc7b9c41e709fa0493fa3e92ce7c5f66e,415285082,961,da5252ff6734d9502880f53cc3d4bf55c90bd98dad2f060c6d212aa271185512
26b565504fc34904ed8c17ffe9aefc2c0039de638fedf2133388ab9983413daa,418257070,968,ea2899e26ec8656dc24986dd00530ea227a6f9d19a03180c9808d03c9f054f34
27dac9ba38f82a9cca6eba0bd91ad0a02709066593d7ede8e771a60a3277fe4d,415286071,961,1e9bae36e97d857213c8dfe260ec123f17e8b111613419c49ccf2475c65d6780
2858f6bbe8dcf52d422a0e58e5e7af8794907b7b23a577c386862eea80548980,415770806,962,74a988a6508a37f5221bf2fe49f1404bbedc373f3e2f43f021bdb2534081ea29
28cdd9eb0893c2bb0fb712cf966b43aaa0df88ea9729bae3dd2fc4d61dcf4c42,418978974,969,b95d0ded5f55dc51e948cc0479ca6a7c37b131a92a88988a5b5c09dbf9816839
294238449898f5947c0d65f83e1ba3a6d4b3f66bb0c846e6c1372c93e437dfc1,415174731,961,70ac3282bfab926b9dec3da0f93a1ca81e718bd77274b87b01b66d69b3d7b0da
2973644d5b45bb2a4daecd1846027b75ea3892acdf440a678639b38921c271c1,416346865,963,89902ca7b1ed21a50d9867ec412c3636cffbc2ecd704773d0f2e2db0b121cf0f
29ac57075faf4a9445d5d1f43646eabbb8cb9ba0a98db7254d9e2d2bf3d662f0,420174232,972,19ecbbd69884049fc2f344bcc0dba585ecfd34eeb4b4c02c95317a5f3f5b9084
29e23158f43034068d8074d47a7e3b0d85c1a741486d5f04bb003ebfb57c37e3,415397035,961,73ace9b8451cf0c9dc11cf640e23e557525bb2e2d94e7b648783b3145fa13292
2a04161d110b19623b53811a7856ed5739373640c24cd94b171398b2afa6d671,415163006,961,669293afdc4a1140ed170e2dd4e5239e1f15c39cd47bde117af972766df29c7f
2a4aa9591bb19e1ab10be64b0b21e711eea364ad1e46acf23165edb7525c6562,416035058,963,06b0d74e1f1cc32933e4e424d36d0c47ab08a67eee8643542ffee90979fb6685
2a5c1a608279ad0390909315a8c2becdefc962696c483db3c1dec95f27a6d6c7,415287497,961,8139fa577611ded7674cc5239eee6690a02695e53255d8a414c658d7a750a661
2a7a98839b8c0046bcfd04ff2a60acb1a10e0b6ee6370e8328d4e6b8c859efc3,415643865,962,35e11154340228c049c625bcfb7c13f26f2355234fa024d4acccd0759276a089
2a904f44f2d5c10cc228ef0c1b6da4dbdbf48c59886a13f9279bdd80e79d3e8b,415386249,961,e148a170d0626eb7dd692bed3b4472a2b6e5087c70069ca62fe4046eb129f2a8
2add54572d496bd51037b6d6d556f6ebeb3cfc2f2687084916ae16b0e7ca975f,418995665,969,3ab3b1612bd9b613811a978a66e12d36d751f6cfaf28b607f814368897810f1e
2b815252b203d77ed2645f773e157bfa2787cfd27a43c7e5e958bae55e34f6bf,416685688,964,ba19364e1933b5722be0dd4b200999228a627fef2d4d54e8a0c44e2cb9d582fd
2bb51bdbc1fbf5c979175b34282a80a5175a3b080446f7b8b93789d2cf6eeeb2,420738070,973,0a2a80d9ea281e3e9db38062d6154bbe4048627385183caa7c7d120ee18a7ba0
2c1ac317f6ea064ce517cc895fd151f572ab035ec44daa7344b50ad1ea1246e7,418997181,969,856c82ca8d2aae8f593b3c52bb8be5783913e0f6cd102f931c5d8191d42c79f7
2c5e71d9f10da233a327df32690718a5d70140b94c8a77d1590b97cc572a94d2,419709182,971,01c22e76012469e936511360304de904d1df5d02164bbc62b283cc2e17cca004
2ca31d6490960f2c1d137d310870f1354640bf4bbe0dafb3af9ae312182463dc,415166244,961,1410347519f6ef2bfc15c9ad43d166f36d7c4ff8eaf9e85783da32873ff9e194
2d6fa647f305305c0c94949110b01f4153fce29140bbc5a8a83a0c31a6aae7de,415324584,961,46317ab839cf62ca8d22bb5555b58695eb68eca5f41fdf34fe888abdd7643c9a
2dbc6cfafa8c71b533adaff9d618e100ad176e9ae0cb3c0fdba7e085a538c1fc,417710940,966,cbd3329bd263eb501e149cbb57614dc8b55bb8ec701747e60a621bc53265bd29
2de88867e60fe80ca9c0ad2596cc00e3eaed33c14902bfa0ac9df555b9bd90a9,415283591,961,4732c3dbaac579d6a0e7c96ae4861d80b63a7dcb67252fc1f5287657ad458b08
2e1d89898caa2a37de158ad1b415be53ba52220a4be21d14f0ca472921cd083f,420538064,973,cc7e68ebce1d99454a46e59c523bc790b40403d85e436393375106689ee978c0
2ef4d50c439fe28f66ea3713a22e93100aa560c11aa5c3c90995ede42789f5ea,415285486,961,966afc515d5308f387e21a7134a0b35b214424c84897ffbb6182c8a586a991e9
2f194d9a02a702515a44630cc7e76ca59dbc1d7bcf0e88c40c264e753862afe7,416113025,963,b8fbe8ed22ce2cf2824502661fb02d1eb01b62126deb7c6c9fe4d40a23d6f93e
2f94937b277f8b61a441c106b7b6ec8323bbf2bc8fafbaa126beec1cef8575e9,415186915,961,5d2041fb1935d1c2b4d74128ec99b2bc3f3ba99eb92f7a79b55a1a0761ba052b
2fa5c355a49c8b3784e635c62ce1ecb3fd5254f1e059f4964262aa724275ac8c,418986818,969,b1f11ed882f059dcaaea8efcbe828c21f5b1f522e9ed37f801fcabcca1a42474
2fae99b202fc173d02285136b76daf2aab93102b88b3f32643751dccf2276cbf,415202348,961,8361e3439cd530399a27ce9be2545ce913d8159b1eda500fd15a175bc6aac18e
2ffe45699734bbca316882b364e5cd813d6b8ff76b8a0faba742bdc67b92d282,415462835,961,e753decc892581888d4c0b44a620557880df0d78441329ff8b419c5fd8aba860
30461ac2f1db985ed223da8d5fafd915044be6668a8921ad20ceaca32a149d73,415199300,961,ab24d412a81b5e60c82dcd5f5dbe01ccb734efced48dee5fa300f8e0a82078ec
30cc4ba04b58b4cb996ea27972e2a3499eec784b42f02c9393ca46c6f132b326,416329136,963,236eff9a829a1eca66d0c8fa55023b39e0391e5638ecd872fcbe1edb6ca45fa6
3100b4768d8b710db29c109c84b5896e2e9fdb2f48659ef5880f7b77d53652fd,420616181,973,219010b1c0e2785ab2dba2fa3aeeb0a040a97836c26fef7a95d5ef0e91d00f92
310ae004a5206ea7b1e6b4d85672fc75c31d8120a5dcf99b100b1b5b5fe16265,415408639,961,37e8a35ead0fc4302a3193019db7c1125e5152d3bac0a9b76f8963f2e06f64c4
314f768887b5b20ad0768984595df603031a2edd06de7c02fd598d9f2f1c4085,415943487,962,1e84553f586cdc5ed08689d1de38970ef4e73c7edc4c45219e85ffee5b2ee043
317db5dec441330a4e8782c465a4ad7238a8c810e306dce2cb242207082e8fcd,419430192,970,5bdc94b7d30311208c079fbb04c930e1130c3e129639d692e7bd15b246afd8a9
32029ac2ddc025c339105e11d8f2eac91df2407b4353bf4b66a98d6fa93004a5,419876900,971,8bcc7bd293913f861c72644a5e7147da1b96337472173821267923ad72e137b1
32b3876183053cebf6e44fa0076e3a7e00b7c6639340e95642a0a80238cfcf3a,415284028,961,34cf5c7f9250843f27f8f74f01d93db881246775f0230e641cce01f16828b14f
32bdb432ab3a645e1bee2556b19fc8ed37f357276ea8c9088c38f78d5f76f9f3,415253176,961,9475011c573fbb08bde8f5de2f1fa783256a1b5e7b0ee49a41f5abf13364d6dd
32d5d2e36c7e1aaec8e647f4fac585bff1bcdaba628f35661a136dd265ab78c8,415407125,961,6f2a833af5e9db2bb817822cbd47b71d40dfaf9bbe60986ad95d6d0e02d8a3f8
32dab9c2a904a7d5938c5462ac08e2c8c36ae26526a0d8a324d3da6cec077ba7,419630253,971,514e34bf687c26d4a192e653b3a1be256a349380062e63cac67169fa1f870ef4
32fc98d68010f616277d5ef58b1272a71bffd9b04ec5a9e4fab9e03fb43e898f,419703079,971,cae02fc35004d3e9f514b46d0fd14d96f929a6db1f262322717b983bb2e8d4bb
338a2271f3874c7b37e21cce2b709712fa2d4b0094c3e9715e6afea382f9e442,415187842,961,6b8507e48d569974065a75a6710e9af4bd3e9c76e4e600b4dc7718e13ce62de6
338c8ee962c91999b9d40c6f6f06b1c85f4fca66d67896db67d974111b1e2981,415683826,962,716d210bd52ef88af0130e6d5d9ffaa711ef9642501aa5682ea40b8024485a73
33ab117a43a47522ec1814e998323de68c5afc0a37d62b1ad2fe6014c96b0658,415999119,962,b1870a2ae7fef782cba6471c0f1aadcb23674637a776aa7d8a7f996a73e8bf66
33c8856c0d7c8758224c4746ca5280893f853ddaf68f445653b5d4942f5ecf72,416105159,963,1818fb8ff554b82e3dd836abd73a99d95ce92d2f86541929f1bf62d9f17c191b
33d21a166fbf1d32df91154977a39418f3b79cde67c40ce46ac0b8c6001c4723,415590216,962,3c81e6a5135a8ffbaa5f2a02bc743a1261cebc1c95689f7d90a71a7dd43c0c3a
34b911f6fb6b032592ba1b88d8ebe58ef99eae00823d59196beb154d923fbecf,416134501,963,6b8d63dfe502404f3238c225ca497cc37361cc56c23e624f2343f3b4133bfbe5
34be93d0347f82ee3a572b8e689df37a050ce64c08ffe3ae8c1a9b22f52d5abe,419670984,971,1e2bd160107ad52610adfaf14116d14d85c7859d3ac645d35af41238501d4108
351d835c1257e1e4ce956bf251b2d9e9cb5422d822944f1dde7ba7960a4a7087,419435322,970,c079d555dab76fc48bd95ed4f153b9af743503de03e01dbff91feee641d42ced
3562a9b787ee16be9490b05106356bb1f785721245595e3a00772df23351395b,415175799,961,8f085565ef112e9be331d5b66f5b95a479f21d5874fb76800f5682dd07ce07ec
3679182451bd887dbf4906aae60fc90d21967d8b379bfb013f9277cbfcbcc63e,419175783,970,0ea799b444de3a3b1e93d6f3b2c6c1abe624dccfe052cd4a415d38abf3dcfb1e
367a00129e47ffe3c7bc97c56d2b0f0d33304325c4b0253778033d5d66bbcf29,415772891,962,c98d3b28a6b0b878d5795b8e1b72dbf0341f578a5e11c0df42f74500ee031f45
368690c5d2f5afc92afda0bda0d1dd870bb0db9576a9b283765efea1f73cf7d9,415586947,962,67ab7c0dcc8b9d3b701c28502f3b941a74c05057aaa37b6bf438b3733df359dc
36c25592ccfbff3b1ba9af8bab7f306bd9058c46e18c0778e3274ab4da076c5c,415298578,961,9c094de92a2d15d72b72691598f66dc3ce483bce9effdb2d6278ce6788817410
37344d8a1c2f934374149f8bd4ada6ec8c47af46a63516dc11588b2de8586949,418978224,969,64f734bcfb8445d93793cedd2b0dc12459ef9359d34b587a16a297f369fbadba
373fa76e47d33dd5bfe7ec4167524697a9801f91b21469f2152bade55d6c999a,415321000,961,3822fbccc57655e0a1daa5b656264a0ae577af940ab547c0aa9691bfdf758b63
377931af1d9e58183296089ec5ce58c742660c3aca03bc3dc96589f0b0635244,415374011,961,dc7f0a5088d83975b88a8f15606147c7831541028c2d32cd76aa756123c21f34
3787a192812062328e2dd28944be6539b3cc3c232c2eb86d1cde930f020763db,416369788,963,d08c104bc59d6d0c5904982e7f81f978ce163fb2036561f8410fa85ae4bbf97e
37891eb706aab67cfa282c3158b9cb43f5ba5fc520b47b7b3cbdd02da71f8b1d,415868252,962,36ecd3c227542f485f16dd561fc4360542960917207518bd5e384c127baa5880
37c5c8d4e1b1375fcdc1840b29b66196e6e3af789d683b0c2b4971e0c9d77815,415189200,961,1d1e99852206e1726039cc4d528ffd12f389f090e4b6244b1a214e214d84f3c9
37f46f3347e1a10366190252b6fd45b15cabbe9293e2a8905454d8edfabc43f0,417768070,967,730ae97ba3e4a735676b403c7d79d5484aebb12cbb3267624596e19c90669e10
383fbc2fa0cf3140ace2446f5601d2dbe5cc51eef52a1f6e89f4c225b44525ff,416070539,963,f1185ea40b7f161a1ea8a92f705eacdcc051ddd0b6b37c76d0254e9d2f2872ec
38dce5fcc4e7ab601fb05e1b0d9a5c3c146da095e7ee585b92c8eb85b558f82b,415527974,961,6e3cd6ac8983f8dd3d18e81a2284da625030a7f151659bbb3f68af810bb079d2
392f5d49a8ac542480d027b28778eb4769bd02c8d867d540beba87016486972c,415479741,961,e7dc4b5a9061e2d063ab1926d025dd18c74f9479d0e47783f5d7324c26ccad7d
395aaef49ef469caa2ded5b9895a11ef367e68c74e318ac608adfe0eb8ce7fb1,415244416,961,2a9d91fbb3f2851c3b58955438bc21b585c22dd777eb2cee8425c6dd06fca4f5
39ebb1f9ac8d698961831e36315d44c7dcd0ed070a184efba90088615b83eaae,415595741,962,ccaa284b9133ac7e50bc2219a63cd46c91428c651116aa23374d7a3efe2d75fb
3a3c2d428358d7478bbe04a248f086258fb9044f57fcabf88ec963205ddb24ea,415170604,961,71dc19df5ea7c8ac89c8db9ea231884ef39f9f55e9597a290a055f2c87a03dfb
3b20b422c4266c2df19ea7f55fae70654d5e875c88603c05d0a601d6590d6a31,415285220,961,fcb866222bdc93875135def76d9957ff03d9cbf3adbc6136d0e1207ad571215e
3b8eccbbfbd6bab0d9124205f9c146ba29a43ac42fdd72a813f5b2347a23ed23,415278120,961,359dd0b002c252a314e8d76486fe5787ea40b6daa5ed660c6e2133f1e2f3e268
3bc599ad3ff6933521708fd77a6d67f871f20dcc2e34d3dd3780abd7ed32e648,419886615,971,9f7ee9ddcff10f2f6ebc5c4d7ac8048ac3c6ea8882a740e697c7c9a8471ee95f
3c0fc32445f09ff674ec728001354f07819cdf13b7f0b5855ac441c517582ca4,419953844,972,b169b47fffb2e11740afda57119f571725a3fc0e15cbd780db0fa4aa2c43ea05
3c824ba1490b6eb3ffc59383ceb57b52b7b690c542a73d1b209b41bb89b60e5e,415473137,961,0de4ef8feb3216bc40cf541a5d648cf2dfebc20550c4cbe01349310c63065df0
3d15dfc9b17e16f80c0180bc1d8e37ce7f485aa5a5727bc1873bf827617cac11,420342044,973,8123791a9b40eb50ccd88cfd65d8bf10e0d8ec2d528f36e9ec85d42215fa4a0f
3d3276fa93d5142a27a38714f32fe9bf6eef35d7be4fc45e3cbbfc3fe12039d6,416622072,964,32cd9b76a9e928aac3bc0bcc42a13da52d026825f726b6e64a30ed9842550bf2
3da1e28b7ac74f444c575d3071bbaf311845f4000cbf8321b28b6a33f0a1cf29,415466019,961,2c0f9a43cb8513402e1eb8367e2c5285d8042cad091c491163e18478cac84e0b
3da8ffeeee33f2d034652791b11bd08072188e0392130a4938c1529e59adcded,416087195,963,ff902a15a867dbf53304756aa1896f34a0432fe542a5e3945554e5423c6d519a
3df6a79c70890704b5b3877162e5f6335a2c46e6def73b3dd4dc4bd56f40106a,417836820,967,45c32a21cc97736888ec2160e8542a42b7b240084847302f1dca788829c72043
3e44060bf59e6be31d4bd3532eb1b131f5650f2d8d1ff77584b2c0d5f0d6ebb2,420128228,972,d02ee04eada984bd35cf564e1ec467a00111dc95de2777e98a199ecc4d38e87a
3e9f95cf8cf39d416868432d51d57860d2d8bd333c6e5074bd51b9e34253d67d,419651831,971,f80c284f9b08f473e680dd4c4e85c5e65aea6ebb4006c49856b9438509fc4e9f
3ed15ace53988585038a4b216e292c78bf68979b57fd49d55bc3e64e3862c7e0,415560648,961,db8e670469dba5d0a495fbb9ae8d05a8be29d911e8c2674de99c6cbe1c10d8a8
3edaca7327cbea5a2b5550be26c84dac1ab6a9ebc0ab20474325e5cae707289d,416108810,963,d7cba9d712fdc7f7ab1a1e356b737a083c98893a09c0c6272ebc3f6f0229d177
3efad77daded6d196d5736d6ac5c322fff8e29a2480bbb72e7277ae727e37543,415785567,962,087b878055196e9f35fac3ef2737f7e6a7f6daf9cb031c5aad02b435f258077d
3f219dbcf9b79f1a7014b61e44e761388e45a17f9fcc92eb032f66a8eda00754,415287360,961,c08330119d1fe5fc07692a59c35d455b334db71a3414f6182ca3287c10ec56b5
3f85193a31e1caf52640d590bc52e89bc2fab0f65ac92da19ff2de40e800ae19,415913799,962,9ab6d36ecfbcb82ba38e24d9e276b45f7c61105f43eeb6030edce166feb246d0
3fb0eef7ce45b19563aa2875fc302598cb55acaf72255f4b9c80cbfd86da4406,420540945,973,3641b8752a665a4e5ea1352d810a7a2576ad7801146959343ac80c95b425f842
3fb21745c0156f390b92de778bbb09121c4f2609f6049b292629ed7752fb63bf,415235070,961,fe40cfa4231d080b9874e416a3d48498c7a10f1975bfe8bb18e96c5efcc5f77d
40324327683865c3889f2a916736d53c00d18e00c9c7e07081fdb8917c079ac5,415470664,961,0630cad42a1859ae7c847b6bbab54ef408773bf3bc0a9a96031f16c2a954bfcb
40689c23843817b71e67c892bf208e8dec14de98d4c4ccc0706040b3750d27e6,415170313,961,c0b88633add5e57894e1cd3836863d7d6aa581ec7eadea8d3e5c9cdfec53dead
40988865cfc99978053b741d6844af6a1694e7c5fa2f579f06171e59a4d0963f,415185518,961,fbc35351b767ff65344d2f311291698aa31844de5d549fd60ad79c1809535f7f
40b47d35fccb3c987c21c6221ba6f0b741c64d3f98decb6e23c10afede7cd4f9,415709441,962,c1f3c0c652151d16c396d6fe599ede6e54bcd1817fc137df05c00afde415e38c
41c5db482a80e8a7b09bc5f6ef8d257568c46f55df9faca41e161e6d025c6fa0,417802311,967,6ad91807aee250fd11fce3bf650150c4e51920b8f97ce936ab1d0be71f0aa075
41fc6da1d10d1547de0a2ec2c63d8efabef26ad5ed4d42f41ba77b971aa0b3c6,415582034,961,334ab67a5712890107f6de625f082223bd7e9e3bafda22993eedd5f204b4eada
423cab9e8d07a0e965073f4fb8cc1cbeec612fa51d2b3cc1125eb7a16e419312,416876744,964,0e05a7d6946dfcca266c5f852307df2ae6809ad151ea19dd23ee0126371866fd
428df5a8066626d1c29da7ba5875c1a44dc087a2ced4eba2f425f8a061c881a9,420664950,973,1cb9c5359e0ce5c971ef24a5413f4b8b8803a06f020fc2cb6392959fb19ac6a2
4295539583259fcaa1d74cbe05d30df9c608cd5579a36bbbe4f670687069924f,420209032,972,23c2e5558590628f4c7807040d848ca4e9995bc64cffddc856731ef6763ffe8c
42e38a0c4920c646c205b9db292f971c1727d080f1d97c9063b7ad9d6fbf8f7d,415479972,961,d189f96b944ad8eeea6aa2c5a185027e95fcf9f136f60a0594e22871a04de4eb
4358ac34b6ce0cc82c87bd37fa724e544d8960208c4efe21e1b5ee2a99684590,415287107,961,2a46c5f4d3444318660472f2ae85029a2db7895bd653bcd1023de43193fdfbc1
43f08159e680e674e410a48ae678c00434e4eeafb40a957a8a9926f03570c5fc,415201794,961,295ed175bb46f359accc116e3b24dd9996a45f6aab882d1092df0638288e4ad6
43ff5efd682d3245a9bcace74756b730c96acc8ea62cbbae0d225ffeba37b078,415282404,961,f85bb569038a58f365f5d9167649db2d709587d58fd44253a44af121c6e64400
45c522a63f60484e1572846a87cb421ca62ef19d6e8d675548b29fd07e5708f3,415440330,961,dc8a84976e3aed3e1be25f7abe62b5a6ae4a4d14c95255f0f2bec5a6cf12153b
46269a15d684a6e2acf71886cc60bb4d249004c7f8fcaf057627932222b06acb,415470332,961,b41bec8734341780d8bf0fceb359e775c1b4f63a512e738f488105f0f76dd53c
4708aa5c8a08ed1c3690c0a6c9c81647543bc0d84a74fcf288f40bed4131489a,415283753,961,6be2de8d1fd416d00b4b756b6197d90b1db42eea12d348d0e4c1fc1728325d48
475f664445c32af4420a88a05da0c7c8da1120445e3e8ca9776b5e7ea7b32745,420053238,972,3acb81f868edd4e4c61ce5d03923f1f59a1a27545a468d30d6f86e979c2c98d9
4783feaf911f495ca71658b6c8bed8d2976e3c3e604211ac7c76e846ff519972,416011004,962,33121dac58410f1ca7d3429dec6f4a36dac24458f021c3f829c8c18db0ec2c92
47e1cbf47e7906d7df2ede5687e1979fb981bf296b0ab64a974277c50300d3cf,420214885,972,4575ecc6a0d72334e151a9e1841806cea312eb984841d954c34b7821f8a04d3c
47f249dd7ba7a1bf8b086e31ee80b142fd1181d918f1777103e0a4add3b036f1,418392856,968,7f62952852d6f4fcd2fb316d0d6635cec6ca2aff4cb11c86d8b17b0668c1c287
4855e76d8b99fa8e9aece3d0f08d1b7d1bd7ea2e038a9fb82a5056269e9b5f3a,416062339,963,d443ff098c714704241560498ea30a0d7141603b6a205df775488d582bd785eb
4857e8d01d7364757477d7237c0e6e8e6c600dbdce1875844e4a76ba66d52fb8,420540516,973,32f9821abfd8f26e8371081e1e4ac0a60e5b4ec82faf0bfff2d8d77b36095a15
487efb5a5b763c35e47b9601598aef091ab79b871cc9653b62c7bb93104dfabc,415394519,961,9db4a80b52def9caa73f0dc8daed0719a092a296fb95b3cf84024512604faa60
49061c2cd1764163d2f6625e50de8a5a2255ee5f196399b8364e25a4a981fe72,415175525,961,607871a741e1f722ffd3493f0271b0cb24616bcbd43e9732359bc8d5dd462a0d
49b8423feb4274f44a34755c386d761022d23a77ff2d9b17566575b130061f56,418784846,969,f0d8d43e590b97798dc0c76e216f5272d950a6947c0a7f04c701a7041a76cb30
49f344ada4eef6397ecf9ec99b47b72599aa6d79ca5d64acca6d178b1c5d45ca,416055764,963,d0033c83f9f6a66e12fc84888cfd67a976bec6a08a31c84bd3ced73f309440a7
49f4f0a265ae97352ff3a6334f46b3ec00f72d703fbf2c965a5f339e801b179f,416378687,963,6e26074765ef228909d41108d236f12696152e8d9993fa0b272e1fb57552b611
49f70a4865e758d6821c289ec137028fa6a043c7a068d00bd0de44d36849a9bc,415569825,961,10bd54c7841dbcaaf0a0839cca77b754ab507c244c4fb6227dd104702df33236
4a18643c2b8f62c85350807c35d2dac2612406f9d4481a481e16f404b0870975,415286579,961,4d6a604f1b134475a23dfd07ef5f59db3b844a9029b3a79827a7cd27d5143d2a
4a30e6d844d80eb3322ee93783fddf796b3220231186398f1fddfa050c119add,415474937,961,084d8228ee9730ebf8d9d175e092cde1bdb1bc87c398c65f41c0cbdaaa0a1487
4a4a0a47c38483254e9b704188b1d9bc3a233c4dc3699f04b80aa9593572a99f,416376495,963,d1e554ff48860d811ebe195c08f2d4970745be9b325199b9b3c3a9ae5c47cdbf
4aade307f6d4f6fe1478a6943a75bf388d8eac161f065d1557bd6ff792e2f9f3,415573453,961,42dd36f1606f14db208622032c0e9625684b4ed2d1e7775ac6b030874c59da41
4b1a215e46e4d4f123d5cdf603673b40d900115ce6ddf0400f86b0f49fb357e8,415419830,961,ea94f429a326821d35ab9a7e65885f4cafe0a02ab88abbd30352f114db3f3c48
4bada6768f5dd1309f4499b899f2c39d0e5ea9030ddd2a0debf82541591a6998,419947208,972,fbe8976c45e5bfddd05b943e60078549f05e48727e3438fff7d2894a5635e50d
4c5aae7760504bb7a128877be0bddb0dbffada03362bc1842e93ac0c91d38c94,415722292,962,8735b73d66354d4e282a9f0690054cb9e34f26215edaaed15ed68c5c4e456376
4c78a0b4a3dddd08a7b89f460759d72f80372b9bb101215973596bb1eb2fd168,420166059,972,3915146974fbf6ffcda8b2c5c400048bcfaff1c6bcd93b22c8eeed1ae06084c9
4cb140f994be4103debbb57ecfcecec7538dc1bf22fa8313a39cbebf135dce0e,416069977,963,231311a1fd1c29ff98547388ad23738666c38916ee9a4c3ec530fb3c6567242c
4ce84e51ab0088ddaf346d99e2128ae21c2bbd81942ebbca664a960c59eab093,420546188,973,be48f756b062ff95f4a5a305d0410ec805603b4f500139dab3341d82cdc0c67a
4cfd7b208607a4ba7b78a0785b3f0e9cba061c8f9931cd3a38865deceb6d152f,415471644,961,42e3bfe7cdd56dc5a63ed323f2efbb944467312cacc1b7870413465b80b61d1b
4d2bd0c90d33252ee8050fe737ce790261e1957af8147fd28a5bb855578a0f79,416089470,963,b54dd0e2f139e79577501c84e5eaa771d4c85566831fc23f63b71241f1aed8ee
4d39ac596c066a519c996519a0f3119b1328bf184f8f79929a395fc0389411a9,415194015,961,1a177d24496789a8d5a6c38314d0fa76ab0f93145d546293e26d276508115f80
4d3cfd577c419a7e9bf5c60987f4d164c53710464086d1b4f280b1bbdd493c86,420084412,972,f18cd83409fbde21841179af82192497a08889bde66719adf20c6dd1ac2e87de
4d4193a39c938cefb07c77b83eb161d6d40d44feb5c860fa3b426eee93db2d8c,415584484,962,13c330cfa12420d45e401240d0176057a3bae9f35485c835579895a9ff2bf085
4d7e20f8a7dcae1a5760649d54ce27391a9a9bad3f58fd8c0863efa9a271cf86,415287752,961,6a7e2088f1f8b72854fd6c63c8812c34b4d4ec6cfa3b33eec7dda751ff45b391
4db017d14953e0fa9f7e4b0f4c13f1ed788fe89925b8da4ae1d8587a20de5418,415709427,962,3e5e1fa91ff8a68ee795cc6c6af13127ed5c91b584db0d0ab4414fb3aecdb407
4dcf6dda6819529022a32816102bc7459358c86ebb3c089849e3885c6f9683e4,418984323,969,7662f80d5cfb5a7b1a338bf16c715c859ebb8b271704d754173858f11cfdbcee
4dd891f6b85c9853f3a34a500e96c660962ea0cca2b5c006716dfe5bbbd767c6,415389020,961,cba13890d4b64a95625d2d1f09acd6c3f9062d4d8f7cffa0eccaa7b53accb19e
4e0cbe4399c3dfeabad677554f143cbf355b92b4fc505c2a1613611d99dc1089,415187116,961,6955ea711dda4c58a3856489091ba775664bc2828ee441f148526e4872f905c7
4e635c2840658b95f38b7f93120df19f083cd1d988bc73e87bb873d3d7668ada,415174622,961,900dabced156fb92c9a1048b2b1ca890e467a06f47517de8024d31fc90b7160c
4e87bb7f774d1a9f744cf213f866aac2ff907774c0ffa84718d5153e65ea1bc4,418961041,969,d56f7efd884f206557fe0ce247a960c9d95309bb0001ce257b16621770a39b0a
4eb6b929848c19119f86459381529e7c19fa786180b229072bd07da33436a79e,418783429,969,82aca074d34251dd599b0628182cce230ceb94662967eda6a0699e06b8f66b89
4ec1f4ce313f6dd48903cb133b0a16ae01b7b82c875c9fe0e3e5a4e138f54ed2,418653442,969,5de7646214914f33bba8fa3e77dfcdbeecfc1922ed212e0764a24496c0be64a0
4f30e3faf74b3ce7b4fddefb06de8ca7131efd0485ad83348657e65da33ddb78,416587849,964,b14ce95b61b143d31ffdc806dc43862f3acdf89f3e44e54b7e2de80d1888ce45
4f5ad6d77ad5c3047783234a49c4def12f52c7a63f46d5bb094e53c122575fec,416346097,963,2cf107ad3f5051928adbd0c94d086c515c1a4f95996b2b4502efbfc52680eb78
4f5c1f77cfb4cc6d30a572aff421988392c72a8a6e1daeabaa8b3eb11c9a03d3,415295316,961,ba2679b18ee845ce8437ef777338d8114a7a082507b3171067e832337c2d0fdc
4f83c6eb6b0593e4ee19871513598e1beffa47cb98c6b040bcca08f0b2433d3d,415567334,961,b83634c0a4ab7e70b7c631376b36350da6157d4f0d31136f2473af3219e248c3
5089005b149ec9b5adf987bbb002d02f64f3909dfd4d93593e62525e1b54f025,415294844,961,5af882ed66657b1bc84ff395875eb04c6277de8bbf89d6c37dc48cac15b94620
50b871d4e36ebcc755ea71a3951fc3a01e11b8156378632a2febfab216471d90,419793401,971,9da2c3bbd29d1a3fbc11012964088bd108f0ecb0a66318bb42a8d85db7f33731
5114ea45e908e305d98dc0452de2127168ea65830f8f5c71b534b04f560e25b1,415342200,961,66d8e47f4259b2355c524b854e4ffc1b06eec0b3a3f2f34bab650b88fc67ea47
51aa3d568fcb8fa1591d3008cf27787ec818fd0d62ba52318d2f75c238fbf0e1,415269911,961,4652df8924257f538c92a313b495e10acfe037870c90073b241240021f3cbf33
51c98e730401872f1b146cdee7839d6e7b962b53fbbe5dc35db14a9b27014bed,416014958,962,c6e58ea0c3cb2b1ebe78a3925a843f32132ad9c83567dbcf3ed0a6609a077da3
51e958d72054f9828ecbfd1f8205023df64e8d252575baa288ae3d94f7a1ef80,418607389,968,f6d16161c7a656c72ac13f149f704efe23e13b4b54c82e7b5929a2831a714477
51f2ca95e1c3f7ac160a58dbcf5fedaea36b25c8bfc9ea7524bd6eb8c91101cc,415170889,961,cfea49a2346d1943047a1df906b887cbea831d717794316a2774a63a48331656
52541348c16e4e6160f2e486bbabdd611920f3b490049d5399f10c3b13507294,415567504,961,6f63954744435a4433da58b8318e7c2c0e3d9959e0e68d65a2229677f7325cf4
526901a8c70df75d4032f43a30602db2f8a50705be445cb10bc291d235926f82,418998681,969,69f0831b7e1c98f7178797348d37646f1397db7a85eb50815437460daa406a81
52d141ae2fe9c880fff6a68860c2c048fe74c5632ea1b40c8e0aac22b62c5ea1,415189793,961,52852d3d9eaa122522e9efad81be024b1c89e4026ce9418eb1a0cb6800500cd0
53288df0b72db9b5cfe41123d29158109b03427eb74197d34bfc4d0a8e7645c9,418974624,969,8830b65b4d928a0f9e6778936f329933c44b66cb4175e111cf56a2a715a0e302
53e592faf923b1e409f8268d1f2f3fdf48941851612b94ac0268ec1ddb5c113b,415594147,962,39f5e1de5ea5ad2798c261c919a139ced9a43168bf575543b9f94f03ca4e9685
5433d4dfd6e6bb3afcfc32052d0a145b79838bd25ff9f26834e37e86546d88ea,416008441,962,b6a6fb2e6519e6560894f796b9d54c75cdb702c323536d9973b8199b82d6dff6
548f6dc2347d9338d94a8608f85a70e463f148e231409e99f6254eec4d768c0e,415596432,962,f50b4603de925653f3c2c51e03990d573f41229a6d7a671d3d5a251fc169e605
555ddf877d597a2e2f35d28062ed1da6ba80a46dd915ec72214b2a34f6e5d0b9,419615497,971,e6e1172024ca68fe80aa0d1a4e862d305d177feabc6daa79deff66110fe4887b
557714547bc04577efcff397b62c2eea1984f6ae374a2b725fdd4b695b3d9b73,415469330,961,930767486fb6e8b873654b499f6da22b2e0ff3cfaf24b7455f225d40595f86af
55e01af0d85375772ba5147902f4a33e1f0660933eb0660360e4c0c4bd7d9f3f,416776452,964,354b36ca5ba3f4d4dc39df6e3bab33abc204709ff84266ab6117104b1c2d536d
56747bee0c7780aaf1964325825c7b95ba1c00c87afe6fdb00e383b89ea33289,417837590,967,a1c22c5796900058f56d59dbeb840960963edffae76b1da27a2d675cd158cc18
56878b4030c5e1378acfdedac1ca50bb6489755856af79026f1697c4610da028,418992648,969,882abdcddb90ca00d4b0a53edd8cb1393ab8a2eeee55828a8c2b8313682ccc9f
56dccffade0ccf9ad541229c8b8654d9ca6d6830db3ca3794d67869e0923a0c5,419844385,971,40b1510b26c4ae9838bbef61171acac5aac9224accdf8364f4707259089bcda8
570aa066c4f6e67c2c25f99fc8b7224172fe046784a37b710ba6eefebe4f7f78,418977175,969,17ef0f8e0c196cc7488d8ac5b02a5bbdd36d6901a90ebdab24f8494027e45a03
57bbff71d589c5eace25e75b64b6d87e1d373b1d335bf12f1fdabf3ee7e13cc6,415569716,961,747e4a07270246e0551fffd323a54d565e9efe95844ebf6e7fdf1981fceb1c35
581fc4ca433c0069723c85ce354bbbdbb118fad48972a5bdde01ff2bdb89dc0b,417818592,967,8b501f2311ae538a286fba0cd94979d2f1e25c5d6793e15802d37f4cadec91b0
5831bce3cbc9afe4ee7a035b4f2c649e1cbf79bd33010e65e483f95809b55e50,418988036,969,02670dd8bc926819e24df4aa79e14b36ae221295b0b90720e2cd3051aefdda4c
58642d1687313cd488d48af8be19dea4eae472cd874fcbf0871fd2d0c27969b3,417268744,965,80026937314978b215f1de041b4b0c1c7731e62e84ede5ba45f43aa67861e640
5866af03e01ab60e950401c4162ad7dfd5fe912123f54836ea3f8237f2ceb312,420694032,973,85c7bda0ce7b418a59db79dae5241cbef54cd82c27a5ed1d52bb2a56ae3e1947
592bd0d33ea4536d16ef4f3e9ef8e18462d9187c51d8b62ce07a6abc52a35dd2,420050178,972,097b52327a5a53127a645ce8070d9736f2ff2d4bdf4bad2875c2000428f83b4e
5977606cd81e7a14d8f555ccc7e41a5efe832e9b3cf62b667b3b178e467756b0,420666130,973,9f9263b0f3bca77cffb28f599c05003f5c185d71b204573aabea40bae42b7510
599b661dcf815ccea853e486dff15cd6d401aa4b16f1e701a5fcbf120c575ecf,416359054,963,74527785b7bb8c9ace5a7ba50dc710231a80e21b0594ca64b2edb52a37c015d8
59b5f297875d7d90f74ef0f8d7866e3447095ff20ba23adba5a3ee943449b597,415554713,961,7abeafa1956c2ebde6c42b20016729f152335b37b4fca1762f6da5ee5bc84ee1
5a2f7dd7cd72ea01e56faf776e9591dd688b4eb3eadcf213badfa75f71b4112e,420667962,973,6270d9c489b05ee2f9b8ccca90d8504a43f9b0bc11788141d3a25aceaa40b6ae
5a3815995720b7c967e8ed5facc458ffd6406e23072bd8dc4d94b633601eb9bd,416348378,963,6d4077723b53cc6df6d20c948eb05f394282f8bee7b0c948775a1c40b734a9e2
5a7eeaafed0c0780e1f639679fff9a242329ef9c361371b25cdd04f1865d2753,416017485,963,e188e0a114c0bd727beee066cabcce9381121e5a55c1afd688f539800188f532
5af7c64d62d1f753128d6c2356f9befb696dbc60a6766b4bd7bbddd065bb7fe1,416900646,965,694e506430ff5f4c4f729219c3b01b859d48ba635b32de2b143aef7e68d2f62d
5b222c72904b61454102485f0cc0ab87137cf739c0b4ff2610d230d268c77d10,417059364,965,6bc07addd2454608b007a12b4e8282c4f91086e608c567b345fdd2b36126bad5
5b5274e9e2c0351edad9190a15c9f116d51cfe1aa58efb8e2200491346a9fb4a,419002292,969,52baef4c1470b441e620951166d3e4b0ae6601521bc23ba86c83dd00d3fe8648
5bb8fc1b234ee110b73bf76396ff301f015c54a115d51a1c0ac4a7de73c11779,418342303,968,fb5ea7dabb3d2ce0cecea12ffd663c3a372f9cdf8ff90ce9664117afa6f6f12d
5bf6b1da16260dbadca9b3c85a69b9e817788bfd633dee19fcb88a365ca4383d,420157929,972,be003affbbea1867e7386c1af0bbaee7cbcd458db41877b4f852b6121dc0aeea
5c169c5bade151ba57d66146a4a2383a19396fdb601b0ded485906242979b183,415284834,961,eee60c763a69aed6346ae26eb05f0c28f7624942162493048a3945cd9a6bfcb2
5c1ab3b39cbe0f79b346e7feeaa2f51baef4ac34320075ee11c6fee275c09981,415546206,961,166c8950f5fceffb910cd4028391b0f216c2fe2b89aff4017ef2d2ede452f91e
5d23e44716400759d916bcd58e2b722802daf1b0766ff45c1b3d6355cadda017,415175918,961,c188f5489eaed1ab98e8fcd79de76497ca370138d0843077e34436144bf5f81e
5d2eddcf43bc2d237a0128dbfd87d2521c4a3c3f7e6bbe4bde7a0041314fc4f5,417266999,965,bc622c7c1a65682f9edb60ca2026e2674a76eb4188783436554e1d6df0f3611d
5d64c5633aadba8135f1d6130c6578bd1b47ec9a6255bb0ad963e6e2643230d0,419797160,971,957fcfd6ebc65ad5484289a73ed6c6e3b07426f49a9fe60970b1e3ad46b8d453
5dbb26fe1863867a869ee78afe05e12aca680d8fc6574e167dd0ce1c72c81dcb,415718182,962,5a7ba26cd38d76d6bb21899841b94522e76acd8662aa1cfae0dfd8945096ab3b
5de2439e726568440edb720ee4ff7bae71e8b6f3c9265cf6af71ec5b32ed9d82,415254328,961,104fb7ec9d58c28e037a66026c7a25e6144bffc099b9daac5d8c6d05736c1ada
5e4bd4a6554912965fede9c46ba65a6c3f1e94dff7e8dab20a2b97ab01730299,416374885,963,4221c9ff0aa88114bf0a22773bc98612fd722bf05608d43dbbab2c3077086267
5e4ffb5798e01563afd7c115046e19be2bc9b06f260860693a1d8b3d2fc4c5f7,415270096,961,91746a4d71e0e04248ac24a5a1eda5937e348804ad3a3ae64a38fcac3f68aa2b
5e78c92cbe87ea9e3ec08bb64b25139a55a769c76e25e6aef0227341574067e5,419010366,969,4dae5776572055155e22e532d589ce70584555767edd2c5735fc5020931cc407
5ea6d7bb4132ccb2aa8f01a2eaaa35e9dfa0e0ff3d39329947abe3f67ad98afd,416146654,963,b633e4a0c2d048f3913939080ee50a62af125fadcc5607e04dc221a7e175c7a6
5eb0ad51ce30a3f0e5881d7d3efd62c377dbfca9b0b1c61def32d0b0f95df833,415216493,961,6af79680bbb2c56d19ec9e4ebfa48eb87ee08bc15cbdc506639a2b39f95fc9ef
5f97dfdf548503c6dd42d7aeab75eee22d3ee35bf16e8819f5219ff2588d2187,419418709,970,e4ff8d8321618bac7faa3dc6fd7887412e0bfd3c1b2050030b032dcdb678b2de
5fe670d5b35500f243b51c1a9419395b220a567e21e66206d47075c1f69c5e03,415202605,961,084aed034912737a12ee9c4068237d79b60c511914b70b8b2662d62268325b0d
5ff1c1a7ad35ef0fd8a6c670a253c77faf50ab12e8783a84342abac1fff6330b,415579817,961,c13e6c002a76d708e5101a5fe1876d292a4c0501e2a0fc6590e074c7d37a6579
6036d4d21c0230ab9451a25a070fbeddb2130d6d1c14253fce9ab1eecc797091,416903336,965,44445f55625042b655a7af4fe0ad51e2e95661e9fb35226e7b650c791c283320
60659fcf3dbaa28dd807b7f8d53ee82f0e2e5f367eaf34891f1aa5e7d3e06fe3,416107127,963,57da5158e90e107727a3f5ab411c0018341f6f2b563170f4c53df4f0ef6fb260
60992c87d69ba6bb0f860d7d068434e4557f173b791ac2db5e9e02d49a1f9ade,415283883,961,f71ec4527fa825040113d8ac458fe2f0e177eb14ea422a31a39b5f09a139903b
60ba619eb4d5e56118030f5425fc81702ca9457a62bf444c89f7b65047b131ca,419794576,971,deea0568cf2874ec0fe0ccf0042a253b1eb80010796a0743fafabc8869443332
611277e4c95d8f8cef9b3768a0b64aeca0d9d52af594d22f67731ca704916977,415867028,962,73e9535b358fafd6b66d091786c2446cc7c062a77f254d475cf03bf8cc93ce7e
614f588bf70d4ce1a6fc5257bf67284b9d49956f8e06015c60c3b8b3d0cac7c8,415562040,961,dc536b3bedf63d7be66f6a8352af09a6be9f9f0cbf325fb5d31b1bfe63651894
61795e83aa0c9295029a68dcccc2ca36a7a35c68cf7274c8f323a814f11e319b,415284442,961,ac94b8caa011cb59a0ebefe06c5b06d51b442918bbe1ad481dae2a881203c191
622f07254af3d820263e744b16b82c20eebc04948c32f4116f682086049de697,415525648,961,c9e31b380c34b53048e65eff6782f965ca157f1b8f217c488f060bd892ce7ec9
624d864c3aa339e788b84a6ab11d53f30eff1cb661b127c99924df285f7af491,416375523,963,be33466c9094d61d5c24e526487ba7109209f3009b1362b5431d6a77ee880442
6266af2ef2552cf4941d3ff2f72454db30b0df9b3e48d3be8fb291834813e648,415451327,961,53ac5f2fd98a869f083709b72905ce5ae9e5a63b68e90ffc02e37e7a9db472b3
62f4a59847c147c30252b70838485245d559b8904b31315d9bc85925b8b0024b,419925365,972,129689f59a20c01d1027dccc37e322450049b8a6b0982dc48048931b9afabab4
6375704d12e97f5a3bbbac04afb4e4ee4c1db6d4ed43d57c45fdfc26f3bdf086,417764803,967,572b4b44fee96ebc076894afaea1f8a59d3595abc216d81a5536c6448c897f9c
642323d86cf273d14b6d2ce079d1fdfbcbab3085ddb572984dc48685c6637f0c,415867781,962,473735a33f6181e20af04f3214995b03482697eaf65f77ae5535eb62386c0b9e
64671bb7a6626baf507cf9970df388956642da104922384621425f74c4a056c1,415647228,962,f885329f35a4909628b9de8f829e65087d873fa64b486c284a017f48435e80f0
64d9320636b27e373151b12e4e3d55b650c96ddd38c1c242da4ac2e878111011,418168354,967,2d8e11263abe95bccebca708f8fe12163c4a944faf9d449292e24da6f10ba7cb
64e1b89b513b770b4e8d8f432980fdc3720a9330890393163b4490a02f3ae8b9,415672266,962,d835e9fe2589b207b0e6f7f2fe95e65468e92a56bd867f148b7d6b4701d09848
658ca267fe8e6720bc8ebd50538e5b101001208f5067b6ebe82b62b464330b2e,419952177,972,532072b7eca238bcaed88f85e13d740b2af5b1dc39a98be0e8b24facb84c2f7d
662c0b39d3260a495fd82f248dcbc6aad449efefa09407e6223481342b2326cb,416038996,963,c6fe515b413d29cdadd12068c4e885e4bb10013e862053862fbd8c3143c5d62c
666f6a6080cc429939e5783bc1a430782280cb2388e7aa7692ef739c20cef901,415236640,961,40706a4e608b9935cfece56bfc48cd3adb60a4647aee6c88f689214358878dc1
66bd5b25a168ab4fdc1814196156162e57848ebecb88902432d91468966f0eef,419682466,971,2598a177e579611b23d4a050aef8538aa318173f36745a57385cb7dd53e9dfbf
67937275b687a94ded364be36192834615aa00868266096c18106e077dbc9365,416421235,963,2320c8c65a12fc0e8a3bff1212f2a078ec8c85b1579a76779cf9bb83d617d0fe
67a62c8c070da1199c74c463254832d31c81f248b9e0d407e0d3d9a09ef88719,416080187,963,6faf7b46aa56a7082486774497cf8bdf175984d86552d42126b490ba0f8f4cee
67f6007fc276dc25b493668429922072967fa99c5bf4a5c23c07f396595bc428,415923637,962,ae1e5ee1f08821ae0e7522d7d7984df4477a0e4e76be09bc9271f92dd8bceb25
681ac67199c6b0aabc4b6a44bb7ba672cbc9a816a2dc51efca8e66b9cf642b57,415677084,962,a5564620b254e41d78d1d6a15ab069021f0dc423410bc9d9dc3d41fa4f04732d
6840e3898f1669166e8a9e6de676b4bd507e09b5d45147ec12d381dfed0675b4,415378819,961,1610673d0a86a8950ae5547d2219496d2468b0a4d7b91ab0c1d02b109502e080
6863a84c17d9ae87eafeae90ec58e658e531aa9d80db0c259743593fcb2bd1a9,416076520,963,87632e5bd29cd5a506332db856e21983e9f68745830c2c48c3aa35bd954d978b
6888a85996cc04a5533bfd0949cbb2522871e2441ffcb6ca3f1421cc09593ff0,419004233,969,ea7f988b4e71b41294c7ce681f9684353c616dcb9b6900bd2a0a59a5f6e16a59
6893a96c967accc1ce7476cd3ce28107bfe2bdf623c5e09483832084648fa19d,415211943,961,43e308915128c2814565b73eebdf182ac7f6a35a4d3a8da01491b55885aff641
68a8e6c7ee414b5dd59e84672b7d2e36c8aa83ede2f96998a7f6a8db97874277,418565209,968,1ad69eb478768c74059912175ccce66236265f1a276af2bfa7b2a98741262384
6914d6cfda0e95901bf7f87e1d912a7ed48db8d1671e8abb335bc09cebec6662,419932236,972,480523418ae824ece80dc2aa3ce9ce0ce414ddd7e6852b4f929bc0b38619f199
698b3fd41d6e63728dd548b058d8ef190ee7da8d53d640fe32699ce2eb6fdc8f,415578870,961,31b656c17104d485ea4881e122d769a8486d971a999178db1d26e0a4ff8a2b52
6ad19f3bce77432c58263327ca198fe784998484d7f70c1c6230687eb69aaf28,419226824,970,1b796900848eb50ec66ab8d8a8daf3d006df7513f8055115c5921470d747e823
6b0d57443bf51e5030b591c70975d322cb7b78663f18523c49d9afb22eb32a41,417807182,967,e6fbdead781ebebedf4ef868158e7c31057d1289436ca908597aa8bbc34e0ba5
6b2f284ec5f600f8d186c6750fa5ae2f9f8e1f6f226e574859e403de7c08ee96,416340680,963,b65e6dfaaa98afaca52426e418ab3e3fb6a5b9a593548693b5403b9d749d088b
6b5c5e0c7419cf2597a5b5b99f82e1197933fc368cd2a0be2a69c40ea25454cc,415291098,961,e27c350f2cb3c124ba3e1610c0252ec8e1ada26e87d3dabee147e66910b0075b
6b6b5ff1bc8bbede20abc8be9b7870b072d2fecf213e58023d201c1f9d41e665,415179963,961,0ad95a69afa7653a27efc6f72217bf3fec07d899cb56a1916d441a87ef144516
6b6fd565a2bedda2d3303df2a3c3e9063d23be65224f38a549bf62de140f8a0e,415279359,961,a8cbb2af2a88d05dd385b866f3a4ba9cc805116f367ed69ff52762fd4acd8863
6ba01c6bcf387830ef01d7fdeba39e64c4950ace40fad9679fd33d7c613f2f95,415438478,961,c2d76f47f881ec33b4ca6ee5ad53c20e07fa8b5e8df70cb292b15123e53c1086
6bc4fcbc4a47289ac6b0b57f166846e4358b774d24eecbed8a411b659f9f3efe,417325460,966,ababffce75fc11982b59677b5839a63d54b0cc9980e49f5af8bcf2518e24e49c
6bd9b6f2a47643bafeba37eb9d032d62d5e7260592861df9d2f9881a873353ea,416062053,963,da664895bc14e6e2a4a5c577278ca34ed8abe7c8ac358b44007b4af97960448a
6c1d6e10b0ee8e8cf07637a073ba804ead0d0626afcebeea06ecc8e549100a5f,417258345,965,eb2c25d95376da695ac6b66d72ea30b273bedfbdb077a27b2ec1a035a25342cc
6c3ec482fd6a96897fcec5f0e940c5ec0e5cfe23788f932e802c0fddd2c23490,415528955,961,bfa32acf87390b463e0327ca587c9ca58a699d03566825be0c59e19015d21d38
6c7a54db31c5d9809826128ba3cc6d202d12338cfa310b188051368f9bc8344b,415188114,961,91f6c9ddfe81481b5e50fb18d3bf1eaea500d417a25662d6eaf39efaf632ff2d
6d1f7eeadf2ad7878b2900ce4f86bcb3fd9a162a02dc54d902f244bd82030fb4,415631869,962,0f65770da2418a04d50b816f6e373fe0951fa2ae22b52bb82e536498806fdedf
6d9bbaa9b84a7e5ddfb00d990d8ba3d78d2efc590f9971f2ebac3b60c59bc3f7,415872733,962,e3ab65fb9451019d612723eabed1cb8e0b0b00b066de4afbd78b38c31135a52d
6e168b689f7279da91691be0424ce65bf91ab351c54db91516494cfb45a2c00a,415282260,961,6d4da3b78e9cca3af9269adfbdb64fb37aa3e6c420f920ad54931bfea07992a8
6f21ea260c07ad6e3ba87970fde6357a19c6ca71f969b5d123167ca46edf0590,416012691,962,4951c5481e80f0ffa709c9fd6905c956bf1b83fc3687dd8d4a8188ffdb473d3d
6fac9c86e531c1811b93b7a5298040b563d6ac21fedc8aa822a2da6c6e398fae,415541147,961,3fe53606510b38ab4be37e7df73479eab8f36a6228dd2152e02105ac903d0c08
70b9770ee872cf3195cae3bd341765c4c950534eca123528fc48104b08213d40,415220780,961,af9edd346396a7a45e1e66efb3db403030190022bbd7f8a360ff353adb92f238
70ce813d706a5cb8cfbb314dbf369952fa9c0fc886d999d19830658c9ff2cc19,415455596,961,2f2c99cac39e03fab93909876b96e94bc11ee6457699431036db74a1c3d3c6dd
71f9b62ef0cd7179a7db3be54ad5290847a960d827576418c8b58a2e498fbcdc,415297649,961,704cffceda1dc4845be6969e5d6516734858b35c983df7ab81eab4c5719a20c0
72268e703ac3bd24ce7eae929f33f94222fcbaff16b6b1a11c67a6da50136e58,415919982,962,7f3a6960cdff3c26f791dafb4124476c07ebf45fe079649cf93da5ac1411924f
7232d18272e5053fc2bbe4fc765bcf4be94491c5644f1d9454b95b6fe2368d50,419719644,971,57376dc12921cf190cb9806c8b40dea56687206e35c1fbc3d9005ebf574d4438
725f560f9e2e179d0a61c75f0194fd07d0cffbd4236a4123d1b27342c2b95195,417255742,965,d2960a8ef3fe0fc3805758fdb9d6490b6367cf459df372e3b136cb49b5e3cec8
731296f4c8fbb01f5682aa13b063b8b76e1640d039dc1fc9085a9adb1cbe8ec5,416058376,963,548b33f7283c1dd03b125802130399dad7ef23bbd155ec25fa708c955821691c
73b9d63c891e3ae56d6eb8d14e5a6edb50b146528e43d5d78030c5ae409ce67d,418987718,969,352081699bb0cb5387c75474139c03d40a8de78909f3db7c9c2faeea347c1f2f
73c70928c72e90e4e3a27a7d581180e31c15bfdd197ac0e68ce3da3cf5b7ce19,415583284,961,ad784f310be96451e117ef93a697b421efbef656e3caa4c4878b7ca3b4e83ec0
742b89031bf9f15dcb9bb85fd7d20fed0520ba4ead62772fb1a64875a65b1c11,415176052,961,e23dc994eb377c31c115e2d7a4cc5268c174a29f904d27a53a6f7fdbbe01ef8d
747d9d71d03bc3e1dd55b21192b70ff4941b80abf73f139c176fa604b489dac4,416026008,963,00bf0e1059f73a2edcef6dfa4aa2597c9bde2c6d50cbd8f6212649f335e303d1
749474089a4ba3ad1b72f709efcded05e4129acabfd229a5492b06a378b0ff3c,415410651,961,3c675645773450eacf521abfa5d7057640192190b48340672d33bbd1cf31b440
7505a85cf26b949513b85e90a3279134eca71eb1fe283b35555d7d9006943c68,415280465,961,b7dac18b2e9f945b8ca009b5b5379bdc74259450e7c6746682f3f1d55ed62b99
759d779abda110142e5de58a9e87c94faf174b8d4f15da93bd8191a514ee4af5,419219957,970,efdeb85437581cbf390eafe3e224c1454acd39683d8d699a1035a1c0a9362cb6
75e8f0380d2290e7211ffaa4c7cf471d83b9337d054aaa9eb962e82b6e59db4f,415170508,961,4d7d5de9ef9a7deb873a8932cbe87579cb86c527a8114d6765fd46b244c75f9e
77baccbdadc14ba087d18526ce7312311e26573725642c19e76a2b0808da1424,415371835,961,6d6a609ecfd4a129651fbc8bbab69e138d31b46daeb2952967dcf2d030e3388c
77eae6c17f77c6bdf10a601e1935bb42361a04052e5ba13e3758ed9c5dcac8df,418977774,969,dbdf411c5429665e3f5ae65191318e614645da73f93a8d0a4dc3f108cd390357
77f621e68247c1012a689a53e76b095c3de5caa197eb3389416c701df93376e1,416132057,963,58a33f4ad69b18ca689c788fa0f11efa9f5c330af89457de6f74667e0181a690
7876bbde0865665099190e1634908b80d98887e6778e0b87e671efc02116c5f9,416366048,963,ef07b73141e7446d06f21e776b4d81527d27648a129358f2c6e7e062cb4e173d
791ac7fb35e23426fbf1f0d6e18605e52e2d674888fe2d341650d63112489b06,415272367,961,d97e0a3920dda79fb4db521a1796c2e8a254eafa29f425293165f6414c52e012
799daa50914e316ef56609eb90b51f1ff9c96ffd1ef32357f642923edc880013,419000461,969,97f57fbd7ed4b3f523602bf94ad533f240f1b2000eacdc574a02ed0202c5b3b5
79a96f5e445db8aefd7ccccb345ab64133376cdc7cbe21fd86b40fefa6a71ed9,417826739,967,cd592314ad51faa98dedcb5643d58375f4da408ce3b2ff31c007ac98d4556d4a
79bd0adc064df0aaf8e5143042df65bfd5ab870abaca367565744b5db40ea32e,420742323,973,3e8e56501ee6649e62b43b5864353855da18f7cfea01993b5e6e1014c11d2b59
7a461f2a420b587607429de85bf13f1df0dc33f055262cb8fe5bff9f35e0fb51,419093003,970,1daf632a973bc59c9de516a59eab9f63c84c80bfc43a3ff3a8912f82286188c8
7a62c94cedf07cce435bb7a8bf1c04e7745f23e14c925ac26b64a75a8d2b2d82,418993091,969,c8c7ed33bcf33fe396c8fd92ecc54a2d5a738925218054aaeb7f07a4f86bb219
7ac9d21d00a4bd1b68584cb9f06e7444979f380b8ddcbe2f395e4cb414ff6af5,416037872,963,e1b0db8baa3afd20adade7a5f46cb9c9e75a894a32f6d570cb0fe7c3bb2f62f4
7ad3ae3073172df1bb5f696683e64a1dc7862496973a7e3d4d998dfff5eeb655,417700301,966,2c0360683ef870e18207ac5ce58ff75e90b538e3388b468a633f272fa901fcd8
7bf080fd096d7fff91d1e8af42e4399955c5b3c6637633004f841ad46f67a79f,415684310,962,b95739a5e9915b19101314bdfd47007c2132e61dcbb3688371be2cabc4cc4130
7c00080ec0c7d19937f7b61fde7f0249dcad78e9c64c306f755efdc85e6b6a6e,415248665,961,798806d6db71ad05333485596508115e9f5d3574dc8360719051c2cc1556edde
7c5e759c6a2c60c00c33e54f3000baa150b6e47428c16009025d0808633ba210,415567045,961,e6e382b1cd931a9232a081fbb7e4c596870635545dffbbf1d832f1483ea95368
7c7ddc6823c53b4c41744b4032e58b154aece3c867d35aed2cf29bfe91edd209,420523755,973,640c6b71a5addd8a1a2c985b31e47a29d0f54e4a0effb8c04e14a22ba96c5781
7c9895692d331c33bae3b06c71a4ce646e8d53959c8994dcb0b78bab26fe953f,415174836,961,db97cfe4dde38594765fa0634fc880b6d1e1505e7cf27404def7738726bbfd2d
7cf08ba50f0272b763ccb49b8318ced4f79c4325b6ea7165532cf50cb036cf23,416639149,964,8963e868a9001a507a3af28f3412ae5fb2885a24cfa7b400da258849a285a895
7cf58c4742d260c87ed94728edee9f80f730337c00090aff2c669be11c25b306,415284168,961,6f5c0bf6f5299e20f6b7918663f48a3d9123767475380c7fca27248d517678f0
7d07d35db748183f81a9672da41f17592a9a4a5439d852b3d3e4309173567e4a,415331570,961,7d83b1054a68f5c5fff8f227395b2c89ab69f014af124c2ace2eade865f5358f
7d0957a2b8577c2a2537782fdafba065b73f7c3cdb2700578f7fee1bc181ab35,416380459,963,4d9851e1a7987716b8a100855d8435478d009c823af9c21f9fa45f8d538fe702
7d1947d443f5f3da9fa91b639cfebdcec30e1091cd55ad045cb8780a5e635afb,415713791,962,77ab9097c56cfe6246a2718196807ac84e3642e30af99b950ce6beba8925f39b
7d48bae600da565ee0fb070f0dbf5b7947c1fc6d4a9049088ebc3a4121faf930,415187753,961,163dedf2a34062baf0824334f1edf02ee6340673e1764e66fcf37a0bff3f0663
7d55ebdf78a2e189d740fe5a6d1f17da995ec15c9c03a953e5e3c0497dc8935d,418171466,967,7db71aacae76f6cdf14c7d0efc437b7f35d13c5b6e6656ef9ab2b90cbc8d1f42
7d73d40345a94d3d1d34620f08f0d741becf9e5f0ff1953db9cd048adec14ad9,415205371,961,a1795e8cb69f329dda7e1fbeb2322ec42043fef31e7542611081e00dc869791c
7e2325dbbab6cc020a878977611b355152f9032fa7c862dcba6a0b6bfc544242,415455259,961,1a6c7830b6ccf36a772a1ccb0769a77d803692a080eca73f93e60f26ba3ccd49
7e6c469646f638cafc89e8e65859ee9ade7c9a9f101e9997a7093e92f3262cd4,415381641,961,7b90ddabd84140117446ceceebdffb6989f6ba834a553214774b3f1c71970089
7ee5f0f3f54493b69be79444a5fd9385f577f9b4066cedd94e91c63a3b582a54,415199244,961,a93a0c99736877c939e4ff37be855df8903606330d2afbf20f57f445bbf30059
7f1cf316fd4eb7f48a812bfaaaae68bcb2e49d60b19a3951c3d03cf7cfcef0b5,415465691,961,a4aa4fa49e099efc9c5223dffa8c896b972510d96cb37d6d8486290100664783
7f4c9710cf16cc8ade63036915205d89f9e51704ad9c32137ec42c46a79366df,415454761,961,f3853bfb0a1be7f514a72f43a45c26b54f56510e6a195ad0a4f3a9cfde748e97
7f8ad6d4a4075ecc54e36af8fc78615ccd568adb25cf2053433a839b885243f8,420131531,972,cea8cc5e838150807401c8f98f7ef5a3c0287912077da5c0c0390063c8c3078d
80177a836196c4fab0a4ea0e02d09dd266fe5c22f565c115d8b797aabe70198f,417975690,967,8b8eb3c8f9827cbf0473f640d8cf662ad785555ace8c40cd3f6f7fa035174221
80a4f0243e445bb7a4c9b14ce0e9a8f6268dc1eebcce17f8355ad66eed333cc8,415721701,962,111531382a643ec616dcaf48f197a28a23df8d56b3d25faf75f6e65a3a60dd9c
80e621cbe955270fd7d17eb7e7e27258102a3ad259a1679079c3a81c8a5295ad,415280336,961,01db5d2c213c40f6e541fc0131806d7802a1b36cb8178a9c4d26f12f460bf49b
823dbefedb1cc58cdf3d5ef3088480b9c8942bd11953a3ff33c854e63ce06607,419228644,970,c8f48d412977127de81ed2311cdc6f79c720d90e1c77e71af0f1ca7963844a75
82b78004914cc49715d6eb2ad22c75b496cda970263466ed159e08af1c737812,418134996,967,ce4341a96f140c7a7bf9221083e4431027c7a82ab324020e733635e0fa0a5c01
82bb6b25196638d1fbc4917fcd14a96f3743af1ff0170a494e6c58b0e9bcceb6,416435062,963,d0f1d2cd672a1a5f96c60ee9d42175035a61c248fb9069ee6639f86c1508a55f
82c4203c1d5139accf247a067f8149a6b2000b64507a8f477e83091151f071a6,415869506,962,d23e875e6b6d93bdb5c98e9a0656c2d833cce2c90520ac2e6f1738c583eb3cf9
833a5d0c614c6c27c9fb8ee9482b31b1ce652051a80009d38860e00e552a7fcb,420299366,972,6d846b7a5b8453219d4ab6eb159688c660ea9fea807f6cd3bca34e5102159ebd
83807086a722d69068d0a9b0b4eb7874e9ced65eb1c4d33f94419583ca483484,416060082,963,171ff379c652f2a3ca4888f52cb91785afaa5a947d79f6531811499fcbe1c50d
8391cf0f6e459dce5b1311693b34eb591b014786ab3da522b03d06c2ab10c6e3,415321167,961,c717ac25bb3472785c4cc43bca36240cf9b55ef1991ce62b132c9d65e144c685
83b2e9ace2b745062e744003ecaecd11f15a31552bb5f407bf91c2b5abc4b65f,415226426,961,50eecb0edb50df523523060d2b3250895ae2d8617d2add7ba107c58d81138361
83b3ae69018ed0af2757162c89231d58cd09afb73731edc673150c557f4c5cbe,415299991,961,8738a52f51f7344233e241a51ed9be37765d98a31a1223c2857d65bb50ec56d1
83c1c3ce66c4592223ea0176d06386faf5967580d839321f92db2277c99cb936,418983718,969,ee210be36ffab63c8de95c547ccf670c032468d6b0bee2336f494d547ed904a6
8412a177173b1da89a23327932e9b9dfea87a568a2b6998b47deafd4835c8db7,420517474,973,70d57c28b95d568d35f3e0773d9361c11c1dba450cb1fa37db8fa0160ffac736
841319175794604b518baa722c5f0e6ef3b9a802fea13e808f94a916d27f1c4a,416634957,964,e3a4b3d65377bebba6fe78431724eb3e5fb5f4b2fe7f79631bd741e9656469c6
8500c2795fb729f93d3d90b5b9a95076cdbe51f5a0f4b62350d8bce53e7795d0,415276417,961,f78e6d95cfcde380450aa9829c361d40e8880d8688cf32865fc7fff2e6cec4ca
858f44d6a29d994ec20275405bc26b859ec06f891c22be0f85895b304c2d0049,415965920,962,d6d694348ded6caf7c56e1a4dc31edb3e2e3aa0ee2cec304a6d4eb1667a50f17
85e61632f5393bd2edbc2d64962cce3cc0aefba9a946aeeaca0a0809c56572ca,420540016,973,a96012c0f3987c31236585e6db67d2a2681f29d4c1c41bf6dd21a0b6317a2002
860784262b37911b8530b67ac7f0977b193ade3cb64e4b5bbaef937314d40439,415581797,961,6237026faae3b2dd10d8d36c5261b04a5ebf71a3d9afbdfc3e2825660cce6147
863f6f45df53576b5221c46e289a4ca6f55ba91fc6d94200bb16ca160d1ccd1e,415373174,961,81b344dfb540c974808378ce6c3597b3b504dff9aa10d972ec33a6d6ff8574d5
8648efc726271352e346b6768ca5b60840dd1344b69d7d3fbf15664c72267e74,417224008,965,29291f017741e1bede52ec4c5d5ad52b4f4527bd43eb95006bae26b71b07c665
8670f88b3d1cbe15334141ff6a0e8959eb85a79630627ebc38d6433aae96dea7,419004084,969,1f7dd1307c6d5da09c13ba28723826e1c2e6f6698d2cada279e7f1711ea9bcd6
86dc50a9c5208251bced99304c489c3f5e6a239bdf707314d32bbe9c0a06debf,416135784,963,cd181f6f632330a46a7abb4cb1e2cae2df814bfa7ea06046e8b57fdd38ece558
87d705868c810145830ea2af08c1cb6dbdee4ea2494ce70e3832b31f1cfceeb5,418974015,969,25695b4f061cb2cc6f24b56e7967a859dfb9a1de91b951ec063830f5fb72db8c
88bfb76a482c82247494d84e20518bbf95af986b7460bebc11863135ce514b84,415193955,961,2d462334da36e1a3ce2237cda0ec128dd74fbfb53ac68f10564dd2d1c87394a6
896dac7017bea570d3286f113d26dc485b4b41a7236a243834c5c35ccd95f3f9,417039344,965,635ba688413adb9cd50b9d5552ae340583ca046863db58a3833cd08e1488001c
89a4793b14b84583c27b1c949bfc6c5f76a2a0d5ad84d23bb6463c3abbefa367,415252758,961,ea76714d2520049438ead3fcd62631657feb23a3523ab280ce9e1f1c0109984f
89ac2de0c03c79ebaf9458b9f36de70612423f1aa056bbab1758d1c0d2406dff,415722297,962,d18bc255666c91171fbbe3681fb8eef9328c99ffb51362b3d05069082cf8ee98
89ec1bd52e5bd726508a26b81d3ba5c50ebe51dfcfe90341825a7ff0f305deb2,419719621,971,104fcd9d07223714b422d3019fa12b12715457415b331a8899ca4187500c4057
89f283d8801c3cc54103676e50459db257c37ac1bb97fe6b5b06cf0742ec745a,415265745,961,5794788580dd25187ef20dbace0e97ac8267deeca0d31bbbf1ca63839bcc96f3
89ffd9088660e209548c2f7614a63d74f5b55744d1139340e9a3e3f818fa701b,415270947,961,853fa3f7118922a9f8497b7f7eb1651e0c21f7bc60d547c85ecee6faa050e9f1
8a0b828d2bb6cf7deb255942c1937c3792541db7d3659f627ad45dbe42bc3f44,415947420,962,42d527ea35220ceceb7e4bfb860d17cf2ba8ab0f932be27988c56bc35b327463
8a4a58e46c4cc8a64be219222a85da3b8212ed27732728bd362cf661b3fff573,416072549,963,dbe8e949369d9e648dbdc21c0581e0e66d1344fd1e2afb0c69f8ff9e6da7bf09
8a55f10d239c02dfb342ff1c16cbcc54f3e1447ffd3c829bc65694dc3da53532,415864710,962,4c32af97833f28d23547e567530d5ed64c6123272b47625ea882c6c05620f9ce
8a9392c02db3c85f66f4c68f4dc58f154ed866b7e3f6d48829abc09f5e1dc3f3,420665942,973,3a7b5e0a37b9378f4b1fe659d85563da35418b9a0d3fb12b26002e843477d48a
8b2c7c14dac7ce2f10859c5550f8009cafd47c173537defae3c836940027ea55,415286196,961,22dc21ea49295fdd0e6bc0bf28ba10170fb3cc98d371151f6541dde37760891b
8b534e97e4e597e0d83e4d5386b0a37de427a21292e2ef123c8ed54982e24c7a,415312473,961,f456c952b6e3e34f764828a1ec60bcf2bc6ebcc797566bff00e3655c52f95d31
8bf7ad1f0ed7e8fa19fd7daa68c52de374d170f64b351eb0ae57a941513f3d04,417927832,967,518d1f75f0b1d0586e79021e13cf723bea665a3fc84c9dc0b02985a7665e27c8
8c759eb3b2977e0d41797b5a0dd7b25b522163ad3e414a6627e92f26bf2f674a,415432590,961,2a9447b320d9b39219f0589a611cc743e6dd0ec5227d19a8657b0aa2a6b529b2
8cf85c0fcc774a31e4e793a15d0267ea5d259b4786bdeb3980226abc215406c3,415644346,962,9694e3c6b8f73ef21f94923f38e6ca8f8490bb983005b00ac716c1fb6d6c5aff
8d248e6413ebf1165a2f4a069766e75066e45afe6423ef767cb30fc7c0422bbe,415201099,961,3f216c9fe3f22767e0eebc8b15e011d5547113c363186658ddd32db65e4f5907
8df20b877d29f398f2b9685bdd0f73db3b773d4ca3b1f65191bd74dc658dcd17,415194194,961,676246e6dc2afe471c5d4c93e60fdde44b8ef71c65cb1c296a83232e12a2105a
8dfa2323dba77fabf6d067a7934a82349d0e57905ca4091fad237f98e1336e32,419004682,969,f0f15f48a4ed80a99d97f31fa743b263a72f858f65846472b0504780581498e0
8e02ad46c12e15626d8a162ec97a634dd75567de763114e7c89aa5645b515003,415682869,962,b65377864ff1748031eb4bb39d09ca4764e1465e2c106f93881e92fa8f76b43c
8e1c1204b92f01afcf2e6a8026291e8338241520b03abbf8f8ff22dc7e2bf105,415205521,961,449340bff343bc160d72c80a6f6a57dfe9e97b59f8d56ef47588f772c9605ec1
8e457dca84a83db683b2ec172d6f87813a78ac9e5e825816ddffd41e973e0f12,420485925,973,134f64785ec507dab680ce9acb435c9d618a0429dc27cc2d649fb697187b08f9
8e48d6dcd0df312802a276ea4e2685a10b40c5c18959eb30242fd9001125906b,415268220,961,bbb1e7883629b78a332dee1fa929a3f2448bfc15850e172fe82e8f6a083a63d4
8e74e6c6316d76800f9afcdef88473135fc9058f97951710cd2342489265fdc4,420674786,973,b5b70d45cb70e4d20bd31682cf8a084a1fc0b826435715df0fcbe36fd2ab8fac
8ea5402f78fa7b24e2a86f981954590b6d9a51fef3dab08cd94255d0e7e03134,420731355,973,11e375d6f4372bf55e5eae2ce970128b9844d619c3662e40479a2c64ada4b14b
8eb06815826516c1e8ed9ea81be6665563e35d7d207375b3b81e1eb9766c33b2,415670815,962,246cd20dfdd54e8766aeccdcbf53aa12dfccad6b414bfadf9004493dd6f56f0a
8eca3fa43af9392d689d751abb8198e72ebad47bd81ae3157a910eb81d05f417,420331159,972,59505ed6714576b65ebf1df92f0e7b119e2af26f731715dbf4bca9fb505ec786
8f4521e6200c2f1da69fa8dec2b2a5f77c1b8e6036725483bbc30dbaf63d3e59,419634205,971,ce5f86c209c3f63bbc98dac22d86a67e28c4eb3deef49a8f0193ffe5e3af3f93
8f4cbe8f879ce2eddeddd6e01a1e56bc5c71f08756265298a69d702011ca686b,418170576,967,4e21b82c3a80a3f9da743ac7e41d4fc0f0c67972f9a34cd30fce7d5463bb3748
8fb44fc390638e324dd06359e8dfaa8df82e5ea843b76cbcb2b1e2e63acb2160,415632825,962,cadc4ea5f740191aedacbe620e21575890d7ffb58b6631fbe242339ea1cb6da8
8fb88b75fe7825699bb3fc35ed36ba123e93cdee853990ab6115699a1be32555,415395142,961,3e14ae929cb3a6fb44710a6eee5e7fbf5f6da01b93ee159435b59af8bb1fb8e7
9007cbd20a4cde3e4931115f9acb004c4dbaedd3440d92e7e28c3ded8b4b1913,418963811,969,ad1cc4b8ad618ea11e82a7ba46db29f57ba4e7e2cf66fd9efe91c5219aa73a05
902c15d4bbcd90e96fdb772e8b7991acdbddc56d0b201fd537545ba72f943ac9,416003945,962,a4f8282dd3a476b966c8fe95e7192444eaf513f17fc84ae19729167b31881dc4
9033d99229b9d5c1ee9251101a12f3849a73a946654591497594bc732dacd388,420691258,973,7f17265262ee505f6b5275f9ff2d20664789c30451029fbfe8938287c55458f7
903f961acedb1f588e2dcae55d67d7fd4472df29615909c3ffa0dcb9f3eaf15c,419599792,971,5d6f71c3d2791b64592bf5ad21ededd9071bfb0fd74e6baed3e763620bc1b420
90592084711e90e2692ac071c6d8a8e8778e4f69c8f4919e94e4cd17069eb523,415215436,961,438791c8e171d2d8197d05a9065e1688bdcb95081e082400a1ea8ba11566930c
907cf0b79510138d79680fedd747ed920a116935fd0cc22fa68fee94929957be,420336238,973,d90040c59fa08e16c6928ed700e0053532e7e8b955b5096f0589d265bfc8c200
91613e611c6758b0075ca3b5eef9e991f1804d725311a042229aa760ea6ed468,419456986,970,b002623c367e1f6ff07f5d64822ae4d4155194c1362e2b392bdc1dc669b2f4a5
919156c5661a3deeda4a68e3ba3663b1a803096f05703df80e7a4bb81ae2ea63,419006626,969,09bd3b2d043d093832187fd7cd4d6b6f9381f4df1fa658bc28f2012828d47009
9229e646df67792c8b3760d22269ffa7e4bf28385b1e09acc075ae3a9eda3c9f,415549808,961,c69bab3664c425ac90382184384399859f86339eaa452fbf50e74db66210ead0
9284f3c4e83b28a9b592fc795580756d8835e97e7860276cb1a1a26007d5ca36,415557576,961,a7eb77a0f17ed75849547ca02d206c791ca02a44e8479960f835dfbe963056c8
92cdcb7aeff6fb064f053ec5abea5ef5558564284328a161416fb99cf68e077a,416332459,963,3dba71c1cae4a589ac5a546779d9a59df0efdf8fe16510f6ea809572dece18ac
92ed9a96e23ae0232f8b8c12a94ca121dfc17e86877ba41e575288da635a023e,415708560,962,ab140ac90a82ff1429e1e65dc8f4a81d109d5e0d81463a6960c343e47ae042c0
930b8724438f2e1b4e5e1a04758ac0f252b015a5bfc3b11a1bd51573e795033d,415713828,962,cb010688525c4c0faad603960ebdeb819dcede72e93055e7d96ebaaca1a25561
93c6c2175cea5b0466af82d61a9f23c1c8ec661daec802d7fe42fae3b798aec4,415406341,961,d7888f9b9e149309db73040eb2f3141db36377b47cd3f9436ffa936ed944d1d6
9422e7894f91073614a711c6aab4068fca6bcb602378368d773f62e038410196,415719036,962,f980470501b6eee4d8b202f9e502432619ceee54e2a68810e7037c0cec7f896e
946f6976efdf56754bf45d18233115cef5cc1e16a56b0160d4bf952c72091a03,419002878,969,974bf5fa4f3fd85ecf7f3c798beae411968cb5eae972bcf38c45a62546561c2d
94af57561fa1ef642c6dddf5a7956fbd0a813c4c4d30c0904c5b9106423af93b,415176080,961,1da987cb09bc1dcd643e46b73632ec8c5ddc91a1024c41497714a8ed1159c9d8
94c69525a503ff338eba8f7dd3923355deadab6246faab16e8ce787e3b48f3d8,415537159,961,bf14479199f19b2af72423c1bc43b0acba9cf856ec0feb7a9263778e9505fa81
94e0aa570e995bc83b1945726adb938b8f73f77b9ac20f469dfeb3ab1f097651,415386736,961,7bbbdca9b00749dbd0760eafc668f67da2f47c514eeb018818f9816ce326b76b
9522206c182ccf8bbf914be50be87e0d7bf9646b1e64d4ee8ff67e25c8cc3214,415623692,962,c622a16c109baaeb7b7063f1789092427ef20c6b643d0c4c7bdee06f37981475
9578e7693f34bdcca11071feabef9796f6f150e81a918f04281bd37c153682e2,415577886,961,32452ff5447e5bb0d0c9c941f69a4212192071a0b12ab8e4e6083de1d7edcc49
958ceb2f97f6e2ac4cb96e36ea4ccd7ca14a12dd9b28e1007221e6ceda0c5058,415413838,961,1e5bfd179bb5e739dfdb28b125606866441f6b128ed82024328877b93e3f6c10
958e576459f77bf9239ebda9a7c6899584e876775a384976dd1007c462bbb89c,415284917,961,0254e39197400a498f54c220db19351555b566d494d243ad7305effb1ed5099f
966b373d8f30024e10a41a5528fb279005b8824d66cee6bea5ff6673b18904f1,420737824,973,6c324a0f7c821a8b2a6316a1e3977b4a27492cf7b2afdd50dde813552f456f9e
968bec81c17f269253d1327c549b19cb6faca5dfca2233dba5bc023014604f32,415411146,961,94a9cfd582ca4f9d55242d0aa8a240bf1a4e1fe7aec25b8eba9a22d1af3b1d5d
97192ab3d2701721d3f8390e11b1ec6be147992e8876e2d5f00f5866389448d3,415240698,961,973e1548d85913973e564cda12a8f590851e63574d4c6d0d81b26e096da9fe56
977b58a5d176f6ee806cb46f0c8b0a1a5c4b5f9d6f590bd7154ebc7841d67069,420687154,973,19b2b86c2769cf9410171ee0ba96aacff878b3cedd853a34b37cf2c3891b8cd9
97b8f0a5fab25cf9a478d3a77249baf5697996b79fe45334efed6297dd91f354,415380159,961,90ef03e683e10300d658a93cf6d54763852948f9e54ec55b0d5a1ba0091edd26
98132129bd22d49a8973c4892b0bd7baf3f681cf44aae8a466b96da704f8f2c7,415164173,961,002fafc1bfadb8bf6c92094f83cef387c09c1fbc4896c8b6480da31dab9bbcf8
984868b8c28163f73ad86aedff7ce8987694aee6068c80fdda3f03d1cba84c49,419057294,970,9c3c12d470227f07f51ead2b0f3cdb113023b2db51fb69164fd918b7c244e17a
98a0026b7af9810716f435f8496fe86ef50e9849138ef8e4553a1b30bb0def8e,415318700,961,0515ffbb797ef63a7f3dc44e56820c3bd9bee761e48c8c752a12a413d8d9b1a2
98c215dea97a5b6b5f9fd0f3d588292740a1b246c3456e3a4f12804aa571275b,415425685,961,41f7b5e0e6fb6d6d84f36cdc320d0b173e77cf07de777490ad9ed1eddc214da6
98d28d4d6ddadc004e0e7185800f12c254a30661e172fa56ace134c269d5bd2f,420106746,972,731ae29eb462811844b4158899a9e46b938cac2c0d80141fafb1570ff26b872c
98d2b44cdf065fd106169fd8ab279289e5394bb754e32e3081a1eeb9928428a0,418334419,968,30c491c5a10149beb2b60aab75d1485e93c4153fd90d10b37004a2261ffb5f7a
98e191bb65fe82a3fbb9bd00e72cf378ad191b8f03bb57a540a765f7bb2cfdd0,419184961,970,e91bf603d644fa34460727cf5abef08394066a9efc298438f43981327a59cf6e
99060267ab158c2224d8a569a4fe60fc3a124373e60ad5e268d2c8f3c5c1a37a,415720143,962,537b8b42066e420d5691f49f397f28066e61f5527edb5a2a2b3190d5bc4bdf34
99f37d74c1f99b8fb07af70100a069c854de2f707d5aa25138d5d95b01791491,416118056,963,5f9a06ab474cc3e5c1cae92264b29b0d9a9b196e327d4f04beddbd17e51b8566
9aaca951f75a23bb4fb793a1bb405505bdeb247085004d37f5a85e934452f817,415163553,961,06098136b8ec2eb62ea3ef4afddfaf53c5ce1a325a98da84750ace8a5913dec1
9abbeecc89a7bacbf119718709858fd006c52cba3457c49b04fd17b971afd72b,415185350,961,45447bcab1a0478f33769436f3fef9958a8fdbe053e4f0866ed03238f5690579
9aff1b0195cbddfe842066090f26de463f78adc3ecc89432871e12be406ed618,419856132,971,0caac6e6ab885bc6d5666557d3c173a11336ab887d65b22ffcfa6d34f1439db4
9b76b0914138ddaeb3f02fc867707b6dc7ef82578a3f0b6ab5a897b72e8b997d,416867189,964,12548486e2a715dbdbc2c3a3a00ce982217625e261dbcdb4c444501fac241932
9be2e2f8bc185c55824abd31aa654e3970fb7ee57521c41e506309458e6fb807,415653507,962,5519af87a2e0ab5e3eab6f2d8d041f64e7e9eac682e1625655246e729531343f
9c327df03e482e24a32bc94642504419b8401f08f225d634d670f42f3be72123,415300559,961,7d91b2e2c21dcd098a2c370578b09727555d4a8f7a193af89ae95bf63e99cd36
9c59ee9249a1109c626e0b2c60187e9fcb653d9f202e3d4f806926230fb983aa,415286458,961,decd03760ad18f8b2ee6d0aa6a1caa3e1697094c09e169448ca47a3388801e42
9c6cc897387f8ecb83fe674727268701fbe54bc71f938df8bcfd48ce4e40d7ef,415199415,961,694ed0d7387e78c653cd3812d43e26de6347dae8285d623f8676b1ee9a29f4a6
9cec0e93c0d02d62adcbdd3946ed25a75eb52ef5f9551df2d63b3c054b125864,416321335,963,ea602d93e7b6944aef6df39ad13dd3ee7e3d265c56e422d2085040f1be78e1d2
9d82798d1c85a44786643063e54facf507671cd105a0500c7d77fe7dc91811c2,415305597,961,ab73ea7098b514481649ab65560075198a721be1d4c4856125d5ec967f39c44e
9db4759d237bd5bef6008f5171016ff0b64901eca2a8c73973176b68d3b169cd,415889159,962,3f5941fce38785e2a8ae5e92572c5490d6e3fc71a659f5a889301154d37b23b6
9e24eb66bfca0bcfd08029ef39614c31473f0b34945c2646d17fc89f88046e85,416206292,963,8ddc568fe646428eb8aa296860ff87fda1f6c056d0513cafd588afb10371057f
9f1285be0210a9a1d110799a2feec2fc54284678f18948190f817026c3054bd2,417723331,966,2d45f94499244627bd703ac14b9d17f5f2946ea3e788cdf79f1818cee54e9a0b
9f2bdb53767a23da824c2f28124d6b127e659f0d7ce8e2b0934631118554cb0a,419006184,969,6f7675fac054fad017226b3af0e0592b5d8a34358b98cc3c5759e7fc22e88304
9f2c5251e6062254a8b03ace236c2aa590acaf8f183f15434af9e3fe9031f40b,415170798,961,2587d78d23510955963a9cf4f23aa085998cb7bdcd4e2bbac973c07e1de2455f
9f7e2ea71e7c3261f10f7e5672ad4c4164f9f0f9a053ab99c465045bec1e6d04,415175415,961,1fc89bfa827d1903d556b7741a6d8922e8c0372b1ae6beb81e09e680f22e6ee5
9ff9c75b5f79cf7437a2da45e65281e2254b2309b447da613740920a4350226a,415293429,961,3d0b2068a686c6b9215efa9435820f4555a47cc431b6a59089da6426245d88ce
a0f1ffc026a5d4d14c81050d1e10033d90d4f978b602859574841da439d58d5e,416142283,963,270eb53ae1cfbc5c7675e1a8f939956538611eb985e041380a987d32af339d2c
a0f8627a0f91ceea8f819594ce118aad0ab2ffad6b743c2743d1aa83916cebef,420144906,972,ef3695cc706b4b8865243156d0fb79dd0898085f7d73772ac4e1e98eed57fec6
a10003da8ef48b0bd90ebb78a68b0a72d784bb7ffa6358522afdb6d6d522d644,415187934,961,4f09cb108cbb7d85e2978f7a6a7f36dffb093053f14ed107a522e00ba1f39c71
a1a3d59267a1901bffa2c865c9a6c31be3ef5bfa3284af8150137bb74f5d8c0c,419000035,969,e12302b2f2efa8306a6474bbbd4888e093d0fa6b913affadd3d161d53ebb09b8
a1c62737e2b1eff9b052ce72a17cb08ef9de2e5a38154ea3a73fe15691456002,416084949,963,09261de7e3d4215647cce2b111c9414024073e504dfd889a12ee6e5ccc3264d3
a204fa1a34364b35beb8adb1c43cd5f0b2ba5a8b838baf46a96ab2b4c3f1febf,415281735,961,85154b68c192b80326fc0fa1087cc60ef5b2824e3fb87bd7c114776480071db1
a220c7125f8123201aa51cb2b26109fc1c1a3434d7fc2e4f0be27c6756bcf30b,415200478,961,a322839df8e164752bd110f520fbea697e13f4e693d6afdfc1d0093d0be8fa34
a326f9d2aeed2ac4aca2f594056065d3974a342302cfe811bb37a3f1dcc569eb,415653026,962,e050b68509a4ee2cdd4390a1a3e5b4e9ebcb6409861429db28e9e6442a5bb2ac
a39a15ea8e7ae7e4056ecd5019cb89ff8469df7f91553c2850d69df8680e3cb7,419846083,971,441459c599d550e671cfc19036b4935be6958dfe75512171083c932fec3f28e3
a4616b73436fa1543594b96573028a85ca5888f7e3940137b034d41ab99c2022,419963760,972,48dbcf8d226f5ae87ac07020bbd61cf4d76b94002c01dfaff17a2919ba1a8e83
a4de6a47920f6077525ebe9be9bff07f9fba727d29927e2ee3f2ee9240a2e6d8,415201402,961,3fc178377b8b398079bcda28a913eadf229b6281b0bf0e26bf7266d6d4950dc9
a4ef4a54cc48d0b76bdb9d9aba7c9fe0d63fd014aab0605a622d336654566b6c,416069700,963,3a465d5594c97c4873608e1e6c2930bfc0057adef6348d2c6388bb34dabb28b6
a5094816a2f40176e862c193ec33133c240668004df08713ceb7aabcb6d08638,420515637,973,d51ee9053f2b08ee4dbeaefa4f65cd548714ab962c4f301356b5a0520f796367
a50b37228c52044f786fc45caf6f10ca3311a99ae506b38cc6c8ccb73c2205ca,418621411,969,8ae27641efe00511ee00423b3d75679fe11946de1eab0f27d59ba5ee9162b741
a5372cad15f978b8f138d50ada1016a5d3b98f1c98f8df30422c962bc4de790e,415423994,961,087ee4bb6d0c28b63a9a5d08eeadaeeeefc64e35af51f09b8e1863534a43c2a0
a546a477eea6f2688dfff241f8c2e9bb7b7fef17de808d6c35fb31c07590d208,415555855,961,bd3f94f7cb79ef4186d6197f4f02a71ff456b05580d9ce22dc8bf1927007f9df
a569d353a0b66a8def2cc91cfd067c8d93c6ec40ba5719ef78436d3a1e2ace83,415445664,961,d60897c4b1134dd0f68075f6a3e0f5dce4eb980c58b8643740c59b68cfb710bd
a56b58b787c7732d037b7d5ad504194524a383ba15944265ff2480cf0656bc59,415995441,962,07d21ae0b723e71e1bb56dde55fb0a16f2d11e59da88768028fe700a0642a9d4
a58fb6881b1e7610738eb6f106c0e9610f32d0691da3c69ee702c312ea09b3f3,415175197,961,011e0b9f53c45bc4ef7bcaa88abb1d294fd78f06a3a47f56a9ad3c89bac54eed
a5935072b15b8cbc2f7cb286e1d76e809f8eb3997b711612fd8e693d0fb2cff4,420244845,972,f412f0f9f9035ae6a2e651bed2bed3fe7f6798ab11fd929bab272ac6ec9cb6cb
a5a249badc684c0d42e5cdc014ce738ceda39471254cb33f5e816523692b93a5,415408312,961,28b9f907bfc3e0ed4957967ca744f4258decf7f138c554146f651094b92358c1
a5c28c556a382b0c4b99fd09e2f4d8d4477ee8e75fcbf02b2086e6d4a8e44221,417883260,967,257d099b948b74b601b2b8d7c3fd34c417b9c7ef6ab58ceb7364f1607277c5d8
a5e250a3337f32d41a5aead68ff7fbc2306ad17efdbe0181481c4cb713fed6df,420332455,972,e63af66e0cc0b94294f47fda8fea5c8046eeb479e6234db27204bff18e5856e6
a5ff421ddb01ccde95f3c7aaaee156df232eb4e4fb6c14f0cf61b608ebc22111,419930590,972,d0b8797981b34a9e56c65546e3433657b7417933dd2f10fce9375f3cb708f53d
a7bb021de8997a86d1f8d6e73abcd2973aa77c4ad09e4db5cf6ea8ca83b70c68,419002439,969,1405d1b990eddd7d729f0d97671d9982f5b6a3ca1693c94fda07f4cdaeb948d3
a7e77001f48dde90db108b7d581c53f5e00a878ded2ed6ca7673df09f99eecca,419832639,971,4d8b9c85124a51e05757787d920fd3469dc4a1cb7628e81f13ddb89341cd354f
a8cfcde1f5251b2310bedc4160f50df462098d97a3e66631e03ccec05d09fd81,418992210,969,d414936aadedc72e8e57ec976ca2e2484ff8005797d204735af9f3aebae28745
a934be2993f033a6df99116777b2036a8b7dffffcc00d517c5826b6216b744a9,420020740,972,bd3cbcc223db00969d5720b7ab932f597381f0680390a11fcfbfca94d6e354ff
a9579694e3284291d8f2e161ca5c3b2bb166faf4a9863ecbcb1443e12547919d,419457356,970,81e0ed8e3ba9307d394b8fd00c08dbe02c7097e40e6e7326e6e7f8821f07a855
a975512d3823126f8858a1db2ccfd7e00f8362962d4e1e6aafecd72cba23f861,417836650,967,72d6af421d77a06b140d53a12408b41f758fc82319f3636555f2f6a715200b08
a975ca76c911f61af3290923dd097bc844d8c71ceaaffb4b9411369974da773b,415890793,962,a4bd3345de4320d235db65abd385f21151dc9d6efce6f513c369c651b8997608
aa0d7cadd958e539fa9caefdcf73934197c5a1fd1766e36390b26d77c61f7e7c,416106850,963,01ceff03ad84e850637e96361f069e66df49e58aa85d89fe04ee2626e5d90ffc
aa53ed06f642d978b6141ac4fcad5fe574690df7e7b42322e8557f097b3d968b,416054926,963,004f19f7d434ef17e0e67c32511aa7371d99c73cd3963246cbed47918eb6d08b
aa5e1b9371f907d4c40592582f9225b10be94936add63821a404a6112211aed7,416817046,964,ecdd6fc7b4fe00d1825e291474e7516ec92d3657e1ed99a7b879b54a7bb8981b
aa941987883955446003a76d6842270c5b8160510168ac781d68c3c3ff89fe89,420158180,972,b94234be173569ab7936daa0de610caffb0ab35ec73044380ea45ee63238ce56
aaf3be41506a14e6b034028a2b020c87f5d6fabec33e770ef9d283c2f1f5952d,416141564,963,da1a8a20b2a1820c87c71143cbbfe0c6cb6a1475e43594e414b1aa72b0a7ef1a
ab008acc0ef7e806d0d7250cdb4ba9904c681547b13af04f52e1f10da7737372,419000630,969,faff546315c34775a42c1c53ff3d27f455a4488472fe780d90ef26241e577b00
ab3a784681428f81206f102446c8b7ff40eb692fa880373d1bf8740480c9e53d,419922055,972,6da92ba0fcc35774afc32c586e86d107fec3a26b4e359d739d87da4b1497f681
ab51167b5ba3774bae89d0382ac967801bebc2b8ff0ce494c20e22089cda5a9c,415195638,961,25d8fa1a0843d6782fdc6bd6ed5ff770786cef36c908191c9f5068dd7ed609ee
ab8c84409a81bbc1c26ee24b1daaf08a66c5f89b4efb3ed11250b88697d61429,416035636,963,88751111ced547c6d8dcc723269b86fdde6d3395eed86b68eaff63d9d424ee15
ab961732cc40b890ce7aea079d12fc5f6739da4077323ae53cd5444cac1c7b9a,420535098,973,c557d16651ff9d452f082bdb99f8dde7a615b7aff4de8f2188f25ec187e7d605
abd7a8446632f157c1714b0db56ac0d802c2094e5f95c6cc4217b09279dc2e42,418143200,967,d07b583639ea2e9a05052f069ebd7876f92c94f705dc16b4d8dc068f736bcae5
ac72d4dc172ccdc0645cb7adc2dc0be6f146e5aca964e191d10087db3298be8a,420266963,972,3ffa1cd7731446ab8c6977d5a7a324b24b4817c00af2453aced9b7836094a782
accbb9fb327750912e33678f562c826d81d062f9c79d1ac7508d99a0184acc00,416340187,963,15261997e207946027b26e2f2fc63f7e896840e3fad92752d6d1774ae75d2cae
ad018f11182e0135d42c366671874369b2708e2bcaad81ffbb2968f95afe8d7d,415206772,961,379c1defdee446af17ea3623af1883359dc852218bca33d5aa68a4b6a88cabb8
ad2afd6dd84ced7fdfd5139e8d1a5e8f615142e851e3ec8a3016bc697cc24dd3,415885873,962,2fab373342d57771c848c2fb6b50f4cf7de1987ffc0f7d4d943235d47bff6961
ada0378caf881e71e83feb12d414a3effa3447cb250debcc2cc7bb7c3bbb2dab,415283414,961,ef7488edcd33fed62f83572db6569552409c42a8bb6f24781587c350bfce58b5
adac75d40fd70c983126baff9a0464d1e13ff6c89f8df1d29ec89b45e9fe09c0,415399996,961,63ba7d2016b78ad42004bf162399677fd0aa133982c568ed7537fe113d521709
adfeb0e8c0a8fe2349009a2e8f8b214f4d38993288f051a60df55997391f3513,415299988,961,d5ba23f3da7cba6d4e278955c23006d40ab7f93acea0987d2ee88b8734eaa595
ae23b0f1d33558c06b2fd5646a25320c2b2be65c59a0ff5623f505d04c4a0cd8,417758262,967,b50bf53cd703c0ae678c172f2a551a25ae84c9db93b29f043e1bf807ce553156
ae272441aa35d45f2764ab5a1d4bd7ad09639f9ba557090420cbb0f890319d4a,420614705,973,432226704e4504906d94dae9ad782e22b88c4f0a0fbbf19327253badfa28812d
ae723b7d65788f0e5199f4ab1da3031ce55e6f7c39029eac3928005f47baaba0,416003089,962,32c1881568cffbad086c8153abf31fd9a97d7b30a7fb7a77621ffbf1fcc579b1
aea7dfae7c1fb54c05bc34727bbede7db72a690d07592b1776d91e7a8bfd9f11,418977477,969,12d195d71b11dbca02d8f37b26e442e6ddefd944a3b0bcf0ea5c56e9a10dca0d
aeb7120c062dfe388a1293cef61b367aa8630dbab874c953f1b9e14aba2795a5,415166360,961,06f7a618598a0c54315be4c2edaf39a9492c75cfd77b70312b4789ebdc8cf929
af0f9cbda7d255327a1165598fc0a62c5a2973fb1b58d690914775d6862d44fd,416377492,963,1fbdbafb8410342edd7f13b19c2d9ba3911e0b3b3139007bd87d45116f62b68e
af165d21701a104c4e786ac039279852e03f2804af7899d72c4f4f05c8a01d47,415529464,961,0e1543f9e9bc4c643f99c63c6a8473824115826ab86e9933611617aee661124b
af16e2a2248192e8cb95d12982bbca844b960602c1e8f3c6721a9d3fc7dcd717,416107958,963,c58cbce2e01eee72ba20212eb5aadabcca5e094e70011ae0465b4b37ae663f29
af514731bb6f0f61289014c7a746fc58bdbf200faf58e72c784edf7e7e921ec9,415543236,961,25113d95c4cbf3ca142335ae892eb0712354ce760e7bce42a474247dce46d1ac
af94365b2f1ffef2b4e71369063272e08d98992c47175663926b3115f295c7ce,415721173,962,9e1bf39a9d50b7d413c90c62be5fd5df236bab9cb3ff1f4bf8e2ec32d62a0b1d
b05a1206bca4503b9c735062af800736b711e30e38b040e7acf518d5f296b5cd,415714658,962,0333c6c76d8e47927ff8c4d2fba5084c3032390e30368830b5c24561a40937a2
b0f3a017dd939e0b2985ffb0a34e7c8a448efff4b106a79c51f68050ac4add73,418619148,969,8d139d095cdaa89c27161262acfc040d0ecc01d57604b3565226057861a4d4bd
b1bb2615fc87deeec894cea70978a67c05d795e3a5215e80a853daad0fb95b57,415171438,961,0f3d8e30b4df0f6c2802e7240cbd353a564756f1650b01803a2157ac0cbb5f1f
b232d8c54111d4fae1da37c55e1b95fd843d10c2f1336ead4469b37dc3946420,416781210,964,9e776d364088fe964d70572099853fd528d4c8458a421574c373b051381d3154
b288fcee6d2202031d7b83ed4cd48b071b9cb4b2c7d0b41c5c04b7e984d75cbe,415528138,961,9a84e6e508aaf2b217a43790e1a2a632101682b03dc291ae20107dda6cee37ad
b2c401363a0df123e7388a5385dd82ef37bdc4c68e9c2328753d7d5062872139,417698654,966,01f28ae43a7c085fad6f2d3535086d66a97194a8e1e3c6284f68e8cda9b7ee15
b322e9738ce6ea553118192eee866ba378041277745c7cd9377a0c5c4d4a88f6,417837078,967,008b02933334d6b614f8ead4d99a5b5fc3474fa01db629608d7935a3ef8d03ae
b3d0751f4091c5c57682f91356c1b87124dcbfa28b10632bcd04debca236039c,418171617,967,df54d708c0d4307e8300fdd490aba7c9d62ece8a24c1a250f13be01fb3a17f66
b3d118cf089222bb77cc46f4a0a166ce64a315462723a7a77a6092b07dcec195,415650123,962,39c332df7f3587d28ba65ff9a501a6be652425ea9aa4c48127e14e34818a024d
b4541da6e4dbefb995957f38960cc5e9e3b0bb8df2a9384c1a0ef6bde559a1f8,415317579,961,0e7480a3f417f9c1d5f0cb58981ece8905bf85d3988a00e40b207d98d8c2410d
b519d4321c312a6c8cbc80cdf366ec8f312b5368367317d6bdc4ab656dabb94c,416078780,963,9ecc96cbb76c214e96fe3d2fd68fbc10f04cd9dc55efea10011eb671c05a40e1
b58b87f904cee91c4cc1906c0bae1f33b04a05614d3fdca00d332464c626cb3d,416367161,963,54fab08d6fce4a991351715e066dc94aa37f9705f1c9dcdbda366052f8a5ebf6
b5abb1e2e5dc3cf3f0463fd8169734c5a71ee1d281a0c7ad63f500b724de7c94,419610534,971,3843b6f8c589e89b839cb5dd82c283ba31484b8a686ccf21982961d4905ac1ad
b673c09c29dd8a8ed4a737070c406cb5c72ac331b77a038811aef86780995870,415351433,961,4eab88dc423180aa1f24f713c136fe644179c0a27e65c7eafd101b68b6b2c0a0
b6c9e6741a7784a8d269304de7ce07f46e364a9b4ab0378dbc5866890594d395,415663110,962,80ceba1709360af70e66c7b3318a8b20ec82c821ece7e2c4d6f0faccce96fa91
b708123831fd5a028ad1544669f07c257721b8fb13137110a199b9c6308b404d,415369757,961,17e5703c41955a6ed12da976c78b29c89817ad7fbd0e1bf5daade8b29664f969
b72c2b736382717d0bd4acf4c86193997040415f0ab16df920ef5a6354973921,416004795,962,7a9837d49826a6b26f7d4df6df3d19cee3dbb63b5c042770aca15ae40dfa8269
b782f861c0d4b7f8ac37ac18b32bfeea9cf41b1a5017dda03cdd005c2e8f6d04,419057278,970,17b618817c122c3fcbf8ac9510ad2882dec6c73fd52b29c2b971613c6a0ad2e7
b78d19d249ff011a71b03e4cc0938b5264d2fdc2f74a6ffbbc8bb1a4e8230815,415469003,961,3056c498b3660304168da88accc92cb4a3b41418cacd525222e02f794f8de7a7
b79c8f6e20d1dcda6227a83c63f8b4274b34429a3b9f0ad4c93886d620a65a75,420569180,973,ee656bb8bbdc479d7d804dcb8635c24e49692423401fc39edbfab92e411326df
b7e095b6516559b3ea47a709b78fc4294d7ae7b23e8e31dd1918fe94c868bde8,416127389,963,7132b81f0169f92f3e73d65bc6f96d637cf3b9206013a3325cfb3c37956cb238
b7f42c816bf5b215b0a5cb70bf8175724178983662f932889718204927afeeaf,415171159,961,99786ec1b2b900367822a56ae04b45978e3379831f8068351fd88844b7f1a129
b81054aab59669885141cd8fc2a5ce909cde50d7eb7e6fd426bcfad592cafff5,415459975,961,60fd5f01f808a929c7f012023a2d02d974201ac0430465a621687ab1a1d08414
b83748184d3610bab4d49500186b907d91b8a5a8f332413296b907ba889b3f35,415281874,961,7e59daeb5df7e3fd8eb25150681e076475f90af60309844ebe604ed84dfe2aaa
b83f9f85f96b6bd6f91a86980c3a6c991a0e4374a1234fbaeca6b87d87c1cbc7,415225410,961,2b4b9e92b573ddf9ab7506a6265b997a349b9db093f266b038e7caac7c71eed7
b8b2651c7c2109020c913f64adeffda76dbca96496c0dd18b02af83c11a18a41,415198528,961,59ff43a19f9d1478564d8fb30fd1595d51d62c9a3ce8d6c527681a29e4309d3c
b8bbb9358a5e04c140ddd1262c4c13234bb14c1249c102b965239a2290add2e3,415264570,961,61af245ce656916c2f63b044003e74692b3191ee1d5848efa5b9b6462789cfda
b8d08ec790b21a32e35dd224708030e48ef5cd53a31108c3041d4ecdef982396,415638111,962,9a0cbf183ce2356b36045965b68fe72e2bc1f1840b6e4703aec614cf93834a36
b969231278674dd5c0198ab99f016624adaed4e3a4c144717df4d2241950323f,419260489,970,d13bcad01d69599bea27e731af5c2ee26c060dfa9409eb124ccf24be1aac50b1
b97b91f0d87048211eb5ce04007c75fd6e572e0fa6d62963334a6b379e05a5d7,415918750,962,c0aee109c3ac07c7176e29fc1de97f197addf95172d58ea2201dbcea326ef110
b97c737feea18424e604df97a54634979715b4a3751fdf5e13ca001e5b17523b,420052327,972,bbae965450a30aa241d4c361900b6199fac9677392f18cf77ce39cd1d4e1a8ec
b9ba10539ede1023c5ac0fef2a478b1f53a214eb4cf1ebe8764c68e09005c4f1,415279876,961,f22d8972aff9b6dc3ef4a2649620b074d61d63f30f3b8c663c23e580b0cbf340
b9ea52fa525dc74b67e86fe7b896974b55633e4668cf9fd68fdf8030e0d7bb56,415633305,962,7acd5ff8cf4edcfd6aefcd14ac8c6b4ed409927b07ac30e174a92bf264c37380
ba09a80c53c087e1cbc7b2f59cba37abef4ff7880b3be72378b6e32fd4c0aa88,415463786,961,a9bb07db1f8949a255a9e7679e85a36368cedc44f7a6111bcd09844f47375a23
ba3a844649bd87a4c29682102d083144d7a068c3e0e7083d0e9e7d625851d016,417298938,965,5d17f156fac88e0c3755511fde7ab28aa15f41312b0847797156da64ee43d573
ba443f2d877f05fd5e16ea4cb2dd6a4e1746bee43928e44beabcd73b5f82cf40,419007529,969,93a8906a268e9e3d092ad8f6fbc41a6565397e98d8ad902ba778d1d3ad1b8697
bb6d42c550a041d663d2a9ce2ab72a5aa89cd5aa00535e5febba6621830ff1ee,418975979,969,96b81e09dfa232e150af05d490a70ffd67351423cd3318eb62bbc3d6ce8e8501
bb818c2b61abe806187e5a62ff45e4d35b197fcef6b67eec69a3e15190ba37fa,418967995,969,833094e90df55ae5ace8a5d62939f5ba13bff25eb3324bbe1ee17e28569caa48
bba26ed36b073427afafc6e44af021091e5a4390c7083847843b8a80e2acdab2,416379409,963,d9cbe9ae0d9d54056056de93c554f97935ab702b37ac145d145f8ff85551ed95
bbf2c879105ded7d1e7bd2a6e65cf48a744b9b794d3e4f94b6dc10d999b6c571,415581521,961,80ee188cabbe6e8f43aee11bd938ce0cd7a2fa72df8c818ae5979ad2e00af693
bc14f5b1702be46e9d13a85e179e96889e9ab9cd9ce5a05b1498d19d3e71cdce,418983287,969,e1dd1306e333761f25267b8252b2f10bacc5fb9dc6f9b267ecbd5c9f587824c5
bc564a0dd563d0663479562daa77dc0c1013998cfa96fe252d5285df2ced1c9a,418975071,969,47cb3aefe64c44ec25c86521ab6cffa151eaf38fe68b1d0ea8b65a0478ebf9fe
bc76689b7493d89d79da9c05a0aa9582a6f4506ad726aeccdd7ea9810b730c5c,415194556,961,6f73cf46833bf8ff4cd22ef8d6c420dca83e36a0863d7fdf779d4ea933cfbda5
bdc5f67cc63744afab1b9204b369d0276616b2c801f05f524ac400323663b4cc,415378987,961,2309cab232a141c4f1281b6936f779cd3a02558cce77ffdeea7eac0ba8dba10f
be416cd62951b603774826e2043f3c2559b569ad34d75e5975d7c63ce6739e70,415507469,961,6973bb79a3f3ff7bdc3443a720535aa1a4b2ebcdad46f52ae418b9664ba48a14
be5b65b768156449ee0034c32cc53dc2b1e034ea92ff42ce3ed314614c0798fd,415298008,961,1f220a28948248a20be8f337fa7e8c408d2c9d07a77134deccba54fa6684477f
beca286add4d265736b445f5c3d0f435bfb21c3c01352f6d7e6fc1202c272333,415711191,962,bab68ff6cadaa4b257655db0f99d9c07a38f4bb342c5c0efa99b255171782c92
bf01ed3e89bfaed508b586673c6ca62b36bdd551e6badef1ebd3e132e65c54a8,418979865,969,d3f8f8e69c34735087179834fc56c5f881f92970f04b20abccfd8ba308234903
bf08e760ad488693d6f9248416905a23154fff68762f2a30466b288392117c70,415996278,962,0d5adba5152b7a2dbcbef6fea843f8a5565c84829253bb509c2f62409921ed60
bf488edec1b80f0f947b3763206883371cffc44724af98c9b7009fd206baff15,415268596,961,46f2acae5db395014f555a3556858b8e1b28c572f83703df216dcc0e8f245a6d
bf6041f66c827f516881792831c3b1e273e88a6c46429077fba373be2131c745,415309889,961,f63d59332446089bee2d2d47b0539fce3462c7cb2938d076351b6e1c709d814e
bf657eae99feaac1b5eab46be0959658b6764168d0d31c54a174e10d7d1dc226,416064022,963,eacf45c916d5f813b205b65942e6d3e64adee279ec2ed5e713175bf9ab955ed3
bfb8b2d84bd5e9592d8fd8dd688265119d90e421811244ac40be82af74a261d2,415313334,961,561e5f3d1e9e952cf50ce3e5c932eedb0d885a7893b68c0c2640607f4ad74ff5
bfccec0b4bf4c67e41993e27c75f995d4bd364bb09a98451fa9cc80e8b97fbb8,415571190,961,db1868fd723a7a71f7f8de3b300c4d3a584d20bbeac8a397a8dc5e457fecaa9d
c0139e173b8ed9ed0dc03baf350cc9c6c3103d3ca486bebd84654964e5b1d2cf,415177414,961,39ca1bb0d359a6ea7522e5e9cb38fbbe54656f4459d394d400dd677b84746bcc
c03cf97704403c80eaac8682702d0e08d3a86bbb6117456e51068f5c3538f25f,416131569,963,19f4c85d375e6e77efcbfd49210d31b35bd54144514bfaf10ed2ce77f26d5166
c0e1bf398f14685c5154ddc97e3cf3aaf890d60af653d700440e34f3f7dfde46,418998532,969,dba815051eec4482f692a6322895aecbe811c0483323d9255a7cdcb2add7c47d
c1186e04e2f6e3595b56bd8fdd1d6ce1fc3f0b1ab8d129460102b59c085d74c9,415585215,962,b7495e0acf25e7a7cf29c4ef5fa98dfc5cf9ef4d5684fcf441ec4a1dc19810c9
c18f665fa26275fd82dcdef1290061c3859eb4901a181c85577fde8d37b1918b,417766449,967,88fef0dfb589d75c40fb5f96ab8bbcd440344e160d93f63dad4c9a19f786c27e
c1f3afc0020124ab59bb12f7b7139c58560d165a7802fda7c9c82411c27722e1,420653860,973,746dfe0d67d9e4b6c2498dda96d2760f66a8cf8502be60c78a33590fcb835e8b
c22c973aa30db1d9785f0b2380eb4a4f0df19e1b9b48ec7d64291beb0f172062,420524033,973,7c18dfc0f9e1eb8b9fbcf0ded79200f44c669d390f853ed02291bd277b87acd8
c237a97b12a8acffe8a3713e37a34fe4976da9a33cd6a10ea123b55a7dbb4f37,415286848,961,9b54b614b02beb2576c80556506897b20e22379c6fa2afb0487d2f3e1f31e255
c2669b15b0c0128eedbf30b5462849e33dde650ff5d9995d57d7aceaf54507c0,415566023,961,a56a4f5bee58f811592174d9c95162f641fe3a6b4b684ca568c84a1db471d406
c28b3a0a5aa1f57b0cc0fbc4f69d92c0d9e4a13386ee925920d08984c6c20e09,418558868,968,9bc7712865884950f84d2ad4210e1ab75e8f85139d76dde2dc756748c1dba77d
c2a3294e7fcc0c4e2302695ea400ba1253f5ca6e5d44199dac18aa2c549fe9b3,415352205,961,5ed20562f51bc0dc64fb1ecda2f1044756ef5d394f7813c04d01e6fbe1f3b071
c3159cc667412d4f814b9c1f7d50170be34d91381e74cac030af406138a99ecb,416104882,963,20fcf0963eaa57a19a37a5bc050615f7641ed7a84317f1c0908576d3fbfcc65a
c31a91fd27ce3ab90b7171f704080488ae5f36cdc80c385d604bd18c8c2ab0c1,420753166,973,cc4abc43b39b18156d1c7cc0f4da278d22c6237758713b22e2542e4b8500dc06
c3378551475f46a0454a78bc94eda1d203f7e91018038f2a901c51800f3015ff,415312192,961,eee25cc7551b410dde44ab55a5d255a25aede55987aadde122e12f4020ee13a0
c47c100aeb411e350bf846e1366bb1e10f2b8cb462b7a6995a0e48bcdb5e0098,415414005,961,a7d770c1087d95a8e03471342458cf5b5b4d19e07d98d135f49eb980d4725918
c5599ec071a58bc97671e08a7b9d220a616fd3098cacd38cb23a50505c203d9e,416709593,964,7b0c0d55923d7720a3ed02c4d4500c78dd90411724ad2a15509367f3429d73c4
c57c58c86d802a1779ffa67f97bd2a14cc88d6f0b52d4d10937bc93ab836040c,415537988,961,632bac30a989bd080d12fe5440ce182c9bf7ee1862f6230761bd43569f79a0df
c57c8a2c6003f0725317528ebed39b205d47b76a50e171d4a3308cd61a908e4a,415175773,961,2863a1507e0985a8d67f8e88d0fd149c048be84187609f98e7af179c4de22f66
c65f556989f1868d4e9460d066d99283280d5fb8c2284e04e27f937e47b23fdd,417834676,967,1c6656a7b0d315d982cafdddd978e4c0a299c873a63fe183eed23c9765c2c15a
c69f9ad22daf6d074c72059ddf9ace3ca7194d9c8dcd17de357d327c39756601,415197004,961,3dbe16140287cd87e3fd70089d72fc9fe5a452176fc3ea6b0e8a1dd5e4159a83
c71f3c86f299f8faf016b261773610990aeedc22127cd2379d27e5cfe9ee905d,420271102,972,c8305a159060db8e3637a093377c5786d4d2feeda24a840eadeb8f4cec03c4e7
c75369d264eaef40fcf3ce94aed1f4aec91bbe8c717a832aaa5be07b5290978c,415563932,961,3605a80a2cae0375a01aeba78094dffb5af078ca7f39c34d68dacea267b581a1
c7b1cdb1874563ef4a84dd3e2bc40d43246407527f098003f0690ed43351a97b,419412271,970,657db53e12db34e0e951be7e01734449c36e2adf05368e09fa228894e73ee2c9
c8644857f357751f76aa2ea3c57dfd62568169e3db47f30e4037119eadf36d58,415193926,961,89b87b42b1733dfeb3b262b41ec4e0174dd32354cdf977f954bb1ddd045d1885
c89658d743150ae1679329c635534c43262e5c8352290e4707599129d18db2df,416134418,963,7ec07df319c45186784a4cd76e4e07506ce0b7240fb9306fc3f67bef7ac92fb4
c92370f602f00e348b1af9598d9899269bf17488820e46b988cdc4972cc83f03,418986899,969,7d0259cf3e8947dfa7c24297e564c98b66379d2bf903a68f7835a38975f55d30
c92a5c4999581400491d5aa4a9cd3da4dc4814a58b6219f176ab67db15afc2a8,416996107,965,d07aa0d17bb2a3594882888d20d36654711990a28eed4b841c7d3cd50c8a0c79
c94651679f48086cec24a77ee0c1e78c5274f42fe6bbfcb717c8ae27d2d1b54b,418620452,969,0ec097d339f7b4bebae7196791258a940aed6cf53d474818997594b63996e49a
c94ec52030099e254d9bdc15ac79c235689b124ea1d6fa1a8b1b9e39b5355a3a,418620314,969,7d69e39153a8cc8c683db4b38087530fe4098c15717c5cb9d97a4330830c4816
c9ecdaa87c6958b7da875373438bcf3b471352b8d1b54bf6836da12d9f02dd21,420536825,973,00faddefda90f2e6993064d35e9669737bebba82f3e0fc936a13413216d0ab8a
c9f5b8a4cbb5335431f7040fa3c149fff894ab551ffcbe5753fc1cfb66eef391,418335529,968,e8a7117d2399f498aaa99356cbb9c8b99e2ab4cc2bde870ecfa28b6e75815a27
ca04f948e6d23b773e13ba8a8db5120d3ee86129dfdab72635b47ac6eb0f90d0,415377151,961,45c8513f36578301572ee5bdda97e39ea4c2bc6a9e0ef0814939118ef149c4b8
caaa595f0db63685070100d5b99c776ea76e5910b8d9351daa44dc5592043a7a,415573627,961,fc39e54bd0885f621c0f7e50abe137b5380a632e197797a75a2ea5455cd29115
cae3dc086e6a2359b6722747faa908e396a6e9133657db76238938af1eca1382,417835293,967,1deaf485880b965c3df1a9a54e2b18f9eaff87e02063e5f8ffd18cfa1207471e
cae6eed6348155edc2491ed7f1cee340f3a89881f28b3dff6b9fe5aeffe8dbd8,420106616,972,0cbc81a38c7e45f1265c8957933a04f4eb0ee44e678bb53bf1c7cf0dc92afd28
cb0d48c462aa65b124b2eb622621fe36fbb8946e785cd14e5a521284c3e5f30b,419024029,969,ea6acde712b950e5f5c4917278c50c68a6bb8765bddb754353d2769942647499
cb965bc4b68040573012ad593e0b43b7f6150f1fc930cf694e0f28f66ae529e9,415291469,961,f2b7564ae796a446ceef140b5b11e5be416101f74f4fed98e3baad6fc1c6b664
cc1e22ffc896e789d578e1860289359c48547c0419fe44678781a305aeabaaa3,416382016,963,715bfcd51493f3fb38ac56e0fb86ba8fe87df7d74fa998a84513dea886096765
cc6e44583664057c8cc013365d508ee8f4fc6e44ca47f59061fbd6bf4d3ae2d8,418624394,969,22f1b44e54485729d8411ddbad40165e7656a664d4d70153c959490a2af7d81e
cd06c732bc6dbab4d07a8ef7a32aeb975614a6ca8a5f4f3baef7d4c4697715bc,418168603,967,aff7cf307b6e71fcc5f781b4677ca4ff0d5561280d99ccf8523649273d1c9441
cd4e7c4d61352b0ed46aa0ae32f789b63505d2b9c875c9f0804866afce7bf6b3,415185505,961,6ee2d11bb50ce4c030e79bee003494482e4652051dc2714720e6cd0fc58e9167
cd887923b50d3ab100cc2e21957db6ae1e371844b796f7dbfa08d76c2130edf1,415453767,961,1ed70c649fcec79d07c50fefc69cb40797bf6082bed431978ed4d4d4e902d06e
cdc6456b0705aa6b6efa243b6b61db4c85f45f1569578dc7bf4724588a046940,415371373,961,bef4b20ec44e3cabda4193f1f1bd878a77a2e770089519a7c78884a4e66b4ab1
cdd24c34be263f5e18eb5414711eafb6921994b1d74e0f05f9fafc5f608690ad,420538405,973,94b0f0bbd7c54c4ea2edb0dbe132eaac0cd1e16c1bd4b722187156b3ddcad30e
cee6b5dc35ccc2b8a762731b8da686d059d5ec28f828f68b74f76fa29934ae32,419612055,971,0aaccf4bdc458f781fcd3c488d5cda148da400da6adc971502a8220c0f9731b4
cf31ebf6fef8475d77ddd19a797e3b0ed48e7b5fe49496f9478832c52bd6fec2,415285493,961,28e8d01bd3fbc6bbf1072e7181d8e1013e16fa6296ba5957789cb05801355869
cf8f5501af8c7a35986ba1ededb20676985b73a59f122e7257aced99ab0dbaa3,415461112,961,874d089e641215c6e9a585ee5f29a5e76f57e35d96fae3accded18715e7d57ee
cff306df7034d7529a83c1af4bd1707c21f507824593e354e5e06763e24504c9,415245593,961,40ae0b77105505f90fb08d5899a21a9bce46985a049860bb7cce3f490f3d8025
d01962679e1d9c7bf7a52a95c3542e615caa74e60bc028856cdf3c8ecd5b223e,415186453,961,fade73d244f4f6154c4acafd136c4f717b85e5529897ae73090b62bdc49b8eb1
d0665df73625e2b36aeb18c9207b4cca4e2548ad1b3eec1468d794afc0a55159,420528019,973,b6806b046db42a599c2b9b29fd40f004ec257f4344e45bf8284b51596f4ba60d
d070b0d872621adfd7e2cb0c9eebea887e7bc37c455dfaf133e72f94048e8eb8,420520484,973,68f334c3e2c404b638b6adbed2660c4cb6485437fc6ee7c4c9359209048302f5
d0de15a901b8b84384a854c39078719d4ffb8a8cd6375c7167c496e6447e30f4,415175086,961,3134c20dc368e849e8d3bf489e0bb55d667654f265efda902398f3b43a25d274
d0f9eb0bdddca28e387020cba772ded74b9cb7baa7f0bf7c972a2ca642c225a1,415197093,961,34ee41413945f8dd20b930747e1c04b33290d9d9b3b42a48a1b28864f126b9b8
d15d73d18421682094b77ff5f245568ef8de23e7db1963cb0c08a7b2b43accde,415718161,962,46c867328a9fb96fd6cbfde0c71da8e72d5bf585ec5ffd1645f9c32c7bce2520
d19225af0cbe349d79368ef47dbf8a795347c59cb27d7ff88360851fafc5cdce,415345500,961,23c3d84885a12cd911383cd2622fe3eff86af945001a206ef3a0d1b93864104a
d19eb971300d1d60a9703c27afebc4d098feaef7bdb51bf167077f983b34f9e2,416120578,963,de4272b9af94fb84a2bf1831bb66d8b16335a725f6c581f2a02cdf07426941f9
d1a67d2647fdee80c15a02a09ea33066425a168f0c99b9f28685d5eb89e58202,415287238,961,a049ab063077e9ca42896d956d86e55ba453e70b58706046d3f11e23c8ad82eb
d221812a2600ad9d6d54117dfa2a479506cc203b15f563239c53f7705ba5df03,415195210,961,a6b4e43dc0df1973a6cdd6c6378274691be07bc7e5ea5abd113410e1af2fabcb
d40bfd371d3de9c19c8fba844c680f3fe727ac434fad0dc38d56e5f308b1a093,416380972,963,a0f1eef9ab588258f074db04a749fec902477bc4b71281ecd293b6a3a712368f
d41fbe6320076a5425fec24e57b856e0ac2a50d46d6a36ee1a278c79d6e1204d,419659324,971,a5d89494ef76c70909cddc64965fcd1bee0b388f33999dd7a77f9e3321917533
d52ce9d136924868218887dd047ca6948046ea532fca774de6e999067ea02030,415277504,961,4b8f67a71a79c5313cda0d4219398fad60756787d5531b814eb8f14abf358606
d5349e6a8f6942efa4775047ad356db76d352348a1834b430965a55451150507,418984471,969,5aad9e1ed509e5cb351d7d0e18cf6ed617768312880d4d2e50135b0ecfee265f
d54408850297249f0dd01b32dcf1daa5e8e68f27534e4aa802839e9aa1a43e19,418822555,969,0064b881ef8004ff01286f2cfca85178d4e4d80c26f6d49bd139c8281a9d613d
d57f850172421d25864558406ca859827ada28bf25fb969aee39196611c8f23b,415353152,961,f0be9765d7b387999dc2be08d15efb2d2165ff5856dbce762657a7339de62e17
d5d4eb733128d13c636a2fb4cbbd250ca702b77dd26bea3f13b89953e6c67baa,415528304,961,35e645dad1a39fca9cbce4f4a9d17af8e59964daf91257cae67e5bbc0a91983c
d69973eceb3f2a33293f2b6b40951849df6268a72ab0ac55150d1aa85a983dd1,415280812,961,5930a23594a63d8ec42fb596ac4a4ba9195ba29e44f5e51e8df74ecc35e5d31a
d69a42e120e6eb666a9f982fe3ee614f9730cc501cc0d0fa2350baa9998172c2,416364683,963,ab2e29bf82a00ba4d48cf5cb87e7006bce8151a8a3773bf9b13962f22b88e83b
d6b14ff4b6a0b87f740b5ab4488ca0c038f68ae1a0ad63bd572a5cfcc53357e9,415267644,961,e1238066a98848ec7da0910b0a3f0d321b1b18883be0dbfc892a89f0582e351d
d6f0e8bbf5c3af03fa480aa507a126178974ec9b0f7f407891c5b87ebd897d6f,415376328,961,823e51abff16dbf9a95c0268dce064e54a0aac679fa00f6376ec54c58fb4c1dd
d714d1ab5f4a3f7d617b5bc4f35daa0d21e2d41fa651beec871dc0c267277614,419634202,971,f1ee2a8ba10f8bf7086ba3686f32c8d641988af9860e079472cb378dd9cab11e
d73a66d1338ca09538a98cb96868dc546c00cdac741aa8fa4076d0b65de1bc21,415438642,961,54c59ba59087a009bdc601e5d98f03d2722c6002ead788c471a8e72184eae253
d741037857017ae4c0e29a2f59a4d07ecd8c65504cc450fd6aed7df221f7826c,420046795,972,2dc1637e2058033b926bac4be4273bf83e86d19389443272fdf35ab35ef275da
d7e02c44dbdcf4bc059f9aa2ac4bc82a5dd8e0829b52b0044942a0cfd50f40cd,415175889,961,384abe199603c3cce5b2b147d7f79fcd5eb0d16e7d090320355c46e53290ac40
d82d4706776b7d2c008625d4834293b683c47494543b727f3331fb65d81bdfa6,417599060,966,45fdfdf6c8eed55c092c73c33ee9558fe733329622e3f0fed0f4dd31a20b024c
d83e8e5526ce291fa33c1a3c026bea4f6105fcd920f6ad00485a39858584f289,420750411,973,32bf6711f311f63aeb1cbeb5967082c263536f11ff3dae85c7918da686a17d96
d84a8709dcaefd03d0b45be4d2472fa15ac2bbc920a9eb3fb8c523a826c26bbb,416018904,963,cc132344bdb22410216436a2524b896c1fcb21aa0806766e7e0b8a7f476a8e6e
d85122a93b1c9c9302d6b7a596802847ccb3b49a9641d4202f609c14a0cb8452,415283260,961,9b5a05568481170bb7e86794066af091de790ffc82ea417d6971b88855a33600
d89c30807bb0f46c1eb3d78a4cb44f1e965c08218b4596e233b355e8f06c345c,415227873,961,a33d90054f92317797c5b63c5dabd7ed95456962279277810703e0a2e3355a9e
d89d4edd832c75a1a084ad9c974d820ea7ac5db1e51a29d03bfbeac3a66997f3,419051515,970,9f83447963b7b1d1bac9dc3b8faaba49c7040c3c20c19cd15bb36caefebe5a1a
d8aef761f185472514a642e624a7642bc3efe4a0757b508f68eb961140f20777,415263001,961,aa089cc0a380b349bb235f7b09e6b842493d023396c3ce5c24a2a472cea9de14
d956a95ad3cd2cd9dfc61e56c1e122452ce5580c272586393d31295053637c2c,419278397,970,920f6d213ed651bee3194e8617ea1c06f52d2f89e27a8e85303d3f85b65f83d2
da269b4bd8209638f4f2bf57e2713b3a03969bb455a3277717567d20c067a333,416427180,963,c4deae21289f0750eda6a5e82f3eda1f811e487a9ba01153e377dff95c88f878
da27edd9bf4353b77accd2c2b5541b8e2fe98222aa5d7aeec511e180aa9d3725,415361432,961,27c2c604d6699c080c6199699edfc874e48d037ddd44dc42b0edb3021bfa16cc
dad586ca8d5ff01c4298ab37e54b5976294be0f254a358d0b64f5f02b6bd4fb8,419458042,970,b3e402d8c3b713fc3061a0acf4d7943588952586ebd6d15bb9f9ac70403ac584
daeedbec62dbdb8f1d7e8350046feff99b6e1fe127eb825a4f2445261f675846,415410820,961,60a9a2a5d8c5e4ea67869bc18a122f904e3be83c3c22a5f1507015964700d73b
db3f40d57e6d16b06c8b3e50d8e051e964d93bf6c07fd11dcf677995cbd6bda2,417779207,967,c9c586df5de3991d47cbc5f9ea257825cb0250ad4bfbba4e5f6b8cac1f3e41d0
dc4cd9bd770e1e2323254029960f30438dc3f5cc8295f9caf3cd10a35d7fda9a,416036748,963,3e420a8c710d3272294facb28cc8069c512424c28de6b637d83deea98afa0306
dc4f117a2c08b3655ff092feed874a0f9e5911fd4db09fd66b2befc8c640b6b3,415285822,961,eee157638082260f1a992c10573a54467e837eb8d07e99ab02ea0d8ac9661ac9
dcd34b43012b54b2971b03f90716969037f588d8365db522ae0357aedcaa195a,416819753,964,f92dba3b7448897287dd5844d13db5053139da79d9b8058bd78219a4d43102a3
dced080031934b43b92b4064e3998af8a81e4a6e9b59f0f5c4c3eb531ce83d77,415341726,961,c461dd569fb056570db0db045c5019eac82917ee2d41ce8b77dd4c602ccd0758
dd1e273585b732e3e385626e4b6ade5d93ee92e9805674505e88a1fff5f4cf8a,415586247,962,d945605048d2d8bea4b1c17d985393935b0b4c508a50283c74117c0035008269
ddedd1f147721aeddb54884ca18e5f452c861a2ebca3efb327ed1375a4369ff0,415340801,961,c338672338ce151d23c9564d68d8ea2a0d0b03e424ee0856493a71a4d805dd51
de12f51c762728f5a5b7d1d0c4470e540d77fc25b81df3435de607137d8e6070,420563551,973,573806f5f78c5c3ed3479a4cd1f7fcd6d50d79cacc9dce66adb019e5eb6346a5
de7e7613aa04c4868c69f07b2ebb2c8ae3d22e5caf121ec201e26e30eb42a121,420556616,973,3d1a94f498852bf4c2e8079ac6e2e336177367562246b86fc8a87960ad49d53d
dea8fc1a42095ee03e8070c3160248669a898f807e4e5346aec144d06343f7f7,415197446,961,97f7fd5494103b89d889cd3232ee5dd2bc01bbd8ca52c2bb1aea0256b35d47e8
df3405e42e1b65cb3bdd4c77404e363602ba3a574c15e9ee3d74e67cb78d5231,419818474,971,0670e97bdd189e9127040671f6c49dfe7717cdfae374efdd6683601a7fa493d3
df623e19382eced5f4a69924ce9f8c75ec99ae70ab1573425e15ef8114335105,415732534,962,b773a5139448af8a883f676677ae38b77ad9325e23798b15d4d5288db3ce2d9f
dfd447fc00a55fd1b90ec01d791fe8371ae8e523924381ce4d69de854eff0ef4,415170973,961,efbe8a9a71848546ed1698d576f6c57215fae497c8a50e8c70898e14a89e9c38
e001fdc1a7f27bdcbd3b707c2ff118e00e047f54dd05ca5e5e0feb2b7031445d,415773658,962,6f66c0ff24e3909109de3be474325cb5157bedae93f4a691f6a1f6b293fbe04a
e039c21f11ceb95041fa14adc082d02a7d3a6f3b51b44daeb5bf02da2f94c906,418256981,968,28bcbd5321264ce8705084d2729db88717bb67f60d45648cd3caafcbeba8fffb
e0d51f2fc8e7bcea99176195c08e948aa6fd400afb6fafb6573fa6ced0e3970e,418987113,969,fe0320b5f87d132f3aeb8fe359287b0d47591eb77c4d274db7d3c83f97ef956d
e1025ffc56782405f693ec95eafd4671cc34fdc8581cea919cfaed20905db0d0,420164834,972,2d4b66c30f03a157b1bd0c793dd6532898bd3e42aed91d4ace5025d12a938258
e10e6471a4ea33d1521815ebeda4be4a4c7d8a2e03f2d68767f9943985e4cca5,416728695,964,503f2f5521e2d39df908141f47f9de5e75e64eb4d023de0781ac2d2337561e82
e114cba70d5558899b2dbd8ea8f3b2caedbb97f18834e38358306e0a0c3c57ff,415286708,961,733f3610bc08de511f95fc573bc7955190daf52fbd4e3bf563d0d152dc6de269
e141e76d37aec5eaf39219161749e2952136a5847ac2f9ce2f28838c414052a9,415912156,962,20725d7f14bf5abdbde32141fc2de1357fce9eb73debd8b965ab689b3c11a4ac
e1708073628b82ee7323d274114d3552068aecc0617772eb7b02b8e64110109d,415576451,961,f1460c305770d21f634aa77a124097064b5fe7ea49cf991424dbad7f85d3cfad
e1e259865e3f523c219d0c068aac5db548d5ba60ab4187d79617d4df3d48207d,415581358,961,9de8a1bc71d1c810e4ec8045cb7d3a412d15235dc6798ea67b387ce3e9d4bcf5
e251ba766c08208fa9ec059e8f32ae6690e8222b7ae173cbec8b3f725dd45fc4,418637381,969,ce879a53b91cb4d2556dfe1cfd4018a4698e2cdafa7079cd37cb355814f2659d
e2a8a3ca952f1403250ec816f9d5131fcbe2db04d5d367eaf393ecd0d3847a79,415284305,961,685e9890fee41dbce33247b084e392a981cec32c73dc6c89708a2c17038d12f9
e421ad96c08a448594c7ed775229cf13c347e34d58a4e929534f5f60a6379f74,415226664,961,2d74dc21a69238144397d948511bcece7d24bb2d719c20dc1547505ee3ed7f1c
e4252782a6ef4ea910c9f76070a92b5c68554be2f505ee89ccf33ab9c3829d92,416007040,962,8c73015ad67db19358b4bbb81dc1b44067ac3208524f688f9087ccdb7106acc1
e4399db0363ffd85c012ae7cd6c1b5936a49508dc6654ce965fc83fc21f035b3,415584971,962,125186fdf883115002ca57acf09a212ba1f31102afcd19873ecf1224cf879324
e4689906852d9528ac56d97812ed32938f0866074a2cc2885572095da974d4f7,416084675,963,d4e749d596010f5bdf5424d306334f858f17b357eb751325ab0a5fd5ae658ca6
e4ca0076478d5267a772482c4622e73586d525cccfedf5a5f09c3aa6f75bae72,420560616,973,70d762a333803b116792a90f8e9540ac5bd98dfe3d386a80b02314e0aa6fdcfd
e521189a84b4960eb5622dbd0768a65a4d07a13cf8fba57821082cc86c536796,415252214,961,e6db32d47918e8215c4fe2318431c36a5a46244826a6e01b7962b1e67e108775
e522f5310d2411b1b72dc86cf1d0dbdfd6a3b6fa601724fa507082c2fb91c703,415257487,961,aaf1af4f0ff04656f7a751a03a09af8768eb1883090888bcfc8570ceaa017ae2
e52f2cabd6a3d9449c64f3abc1d924a5902662cc1b8c4e877eaba3c6021d4dcc,417727298,966,54ab8f81d5bd7344a81c35c2d5f2047a7ad619521b9023a5f1f77a509816a993
e69e34be358bc2c9bedfb39c861b1aae841507b79d400338a9e012558d19dce6,415439991,961,ec0d04ff105dc639e4ee5a23d51d6be6e1fdb1f5ef5adb4ce7a14407a8fa1f0c
e6b8c6a6c0b4b6a5f6275afe19324611c18535ba23c349dd5237860b75d0ae5c,415260254,961,afd16dc3eb4812249776f4932a51f82423b7d3855949f494667b22a5a9bb3dc0
e71e13d34c0e06ded835f543f40ad5e21ffc1787d1e1d50452821596206bb50c,418983427,969,d6c22ab8067b787609aaf2565ce17ea6dd427d96da96aace24ff0fa028c77779
e72ad0e9549b371a288527dbf861271e1ac892b87f1cfc4b25e2f60f0f4de35a,418978376,969,e9fbd158e4547968860698b39331b08e2e1fefb182e4c02eaea9387969718aef
e75f35e865a89aed3cbce0002769ff01fe15b410df68de53074a9c3283d64785,415202947,961,c9b782b640ca108f823c56d8a249f90d67c9797e3f0127c6f01b6d3831360a35
e83bedc48a5c03e3c1e2151e4f9ff2e11ac60aea915505ebe02796155754114b,416009303,962,69967b024d59c8b6a9c87684ef80565efaed7a7a0d07bc2414b829155ed9c800
e8649d0918fa1072b4b97658c1d8b61178f0505a7963e0d29b13d63827d2e204,416144128,963,fcfa1b6a8f2d4770c904d2eef1312ebe45fde6f08eed528711e0809533a1d8a4
e8d3ac1ca4c73591ce32c4738b46d1a126002bf5c17e9d91711741e105023372,415709442,962,74565679a831c01eb3ba4650800aa88c28e2c6116dfed32dfdc809848323c912
e90bb2d9827dc704f87796554077a0d281996eade5462f3fbd51e9d420f02a95,415242026,961,fd1ef1df70e4a0c2eb888cb9a5231f880111be031d014a5485919cfa6ea240da
e91158f368d61f0c34ce38b8ae9398c2f9a05748fef2dc4c8638e5fdf9ff4984,415724916,962,a3ec838a92153f7bf3514229c63f5c7a77ff34c10fe9f291b08dccbd4b1b1533
e92a920ba211d069e6e0c0b8a1a080a59eafb9f175534e8b9095a045b8ce3f42,415286057,961,403960ce68d287f79aa587459bbe9fe7da04536d0775451b8139b77c99f81c1c
e9b84005a462f6297117d3c62a53a7fd933f71cf5fb88797ed8d488e90fc95b7,415170397,961,deb067906059ab9bb31aa982a81ca641ab983493eb3e53f3da67d42b4152188d
e9d3b34e0cae8f37ccc685ade21980844ac9fdbd434c8975b959af16443fa8f3,419435516,970,a68566b7234177b6f7b9776dc454bf455071dac06652f63147cfb3d05e3356e1
e9d7c5994f1fa5bf3f8326dd719076c30fc473339ae8496a18a28ccedd82ed96,416063457,963,749fa8b2d2ebc7d8d8598696f59d03e543c2296b8c56829b879c54c1df77fae9
e9f4dbe508e4e94ed75984f71e573b7c84ed5281b9766e015b5047ebe7203a0a,415286985,961,9efc341b477d92dbcfd4e1eea90582fa5cfcd04346030793f85c09cf7598771f
ea070cbd2dab030199beffb159d0987b356c27ca6eee9ffd9ccb83ab365d7b83,418132064,967,7f6e6cac3e9cec079c3739086a86a6b2a3d6a122852cf8fb8ca53053ee0039c6
ea2ee6382dda68afb7433bedab4f53e00b81269b98ad12a3ad65d00224a978dc,420754108,973,ef17573092a19edc6f29d1617d8cbb770cf1d6898a7a0527e89dfbbeffab62a6
ea3847c7757e9237cb53640d293ff44ee65e3e01578f285d0f2c26f6beb92dd0,415284570,961,68164b8def6e2800f7b2ab178051d363dc0e7883985ec22309a6bb19df36c7cb
ea7da0ad56c33e6c0308552a3d2a66fd618965928bb37a290f0b6c5b15ba56d0,415191489,961,2fba20e4f5d167aab21e08cd4f5193080b4752b6dd34e9dabd2eb911292498d0
eba0e3a2577469e35fd8ef0482dd244fbb29a422fa4658ed1f019a053942ea45,416345315,963,13513a67443c0c86db74176946a19869cde0a4014c94ef474e668c46e5039450
ec5a2fe246d8f1552e978fe011b4053c1ac8155d7cbf950d3e3b49c7cb3f33ee,416142878,963,ca802cc3802cf1d7b35fafdc5185a72791fd434235dbe7431cf00a6d7f4b35b9
ec97526515fa8af78a7a3b0b5b5e8d3163b1dd137dbb3a6d5c1078415d28dc4e,415286320,961,d2e82d34af42bfd74613e976cd008c1b051749bfbd4f0350929dd960671bdaca
eca77aef8bc19c48dd2240957b3677a4b17e21e1c7d63822e92cebd19394e2c0,415178137,961,b67d2f91764d517b2d202a7cc2a1ffcc2b6807374e9694a295f09d2960f70861
ecf8617ffd22b6dd9aa34ab5492be16f28b2b7a9ef173478ece11856f3d92fe1,418963220,969,4ce583a89215bf82f1de03926703294861e56dc22f72284d17c9a5400272c2f2
ed4ef6bbe5162044b2d018509bf756fc5ef60dc16ced16e26c153b624c16f612,415321500,961,16b651e448aa94d4757ad2172a8517a08e84a07882ee18fe75aa6b28afbcbdf5
ee1de011284924964d8d261d3588cfa508e811d6e28502655e50548b36786654,415280087,961,fb39b3cb3a4d23df298af15ab31999c0f36759fc9b434c0d50e9d8db07c1bcbd
ee50e99583567a52097a25cb6e4c7c4f9332fa0655e9054d684cbe9d90acaa9f,415295448,961,91609cd03d16df2b7d40aa04562e4ec606c10e84010b35cd3e5b21e48c4b6199
ef5eabfc294b80d150f4e83b4414c68da24ddc3b87f562e2ac8ed2431f1e2b32,418965446,969,1bb5c2d673554cad4ef22909c9a8ac15a960312082c4e32ec4367fc2aa09f963
ef973734fa7348ca6263489440cd10f7a2220d2b0ed10268784032d543ebe481,415259150,961,8b916313c41462808edecc98d7d1f86ea00316463c9a53f06e12430343623865
efb5b16331aad7f0df8bf4019c8276497562329be3869b708fc34565003f9708,415584490,962,3571fc3f7715a339a36f6c28e99a0a495a26602fdc8f832296cd690fd479299a
efc772febab9ea2198f003ae68ba616e811452c687b85aaadd4c6c8807bfc004,415284712,961,c0fccabd94d8d28a1156d0dfea8239bcca41e3393d718c2fec357384d86a89bc
efcc4c372b3bea4b6bd514cf2f6a83a0708a27e1882c0fb493dc69115ba9ee77,415713496,962,5f72cb91ce54eef5f7bc0e563ae91d3403a3d2b008f0daf464810cba2d30ca34
efdfa367976f7dac167f0a7a4fffb99879aede5f101f6dea5121e9079e9202be,417787627,967,1562a233e0fe326a1452758f5860f8203216a7b26a3baf3be3ace70f585e54ad
f0532324a7e96cfd61083b1d1e90488a0d37ce6e70023b2f35c8cd4f8da37792,416110782,963,58d25442cfd5e46490f51f70e775a41de19acebd26036ac7b6a7acae04aa3869
f07024696c139e72492a71a50eab22bc6d7b9f2edf0265a0a88d78c70499ee98,417838173,967,e95c95c0615e3b359d2641cd7c94f07e57623fa43c436e81497b8031f972ad23
f08201aca9389fc600f31d83f2bfabe8b12d0bcffe5b7e3b203f02e0e6d575ee,415554880,961,7b60f3835ffb2462c84dc1a84fe3829d70a9eccafdc2754e7c0fad18e69fb167
f08eff1571326f1e6cdea71b4b8d401a105e570c5d1521dd15c73aaea5bf13bc,415478613,961,5a61b0ab4ed3cd706e46504298e4305f20cfa6a2ede77937bf4873c67cdd00b1
f09add741d2e472c35b73db0b343d84efa674093bd9a1eb93b440e8085234a91,417277208,965,b9dae87054b275ee2389133f58cf21c091ca7e461b6236f01bcc4f6d3f254392
f1014b72c6b5160d0fa8227d85a7b77b18603c63c2b75aad80469e1139aca08a,415634764,962,27feb34b31bc304939154175b5bbb79fbd52f18831af206107ade6017a4e770f
f11a513d9a63cd9c9e416ac14088d506f5e52c5ef92b7fda93a594e809dc6873,418102066,967,de545e045139e8612b53ce2ab050741f93a5759a740eedf6504a39145d5640de
f15c09b6e7773f83a3d012e81a12e577d920b590d03e675a116144926f650e47,420071680,972,1f4d2a8fcfb4eddd08c49beaa09677d56f04dfc6d900faab756c5b49c865382b
f1791042cffefadb5038b5a4ede7d6f5bbac5871c0b8f54c0810ee5739ae5df0,416832628,964,165563ff6f6b0442a4cf7f713a03c97b2831d149fe77fbdf7d5da00f92bfe067
f1d765571f458002ea9c584d343f7c3ac41f0c4593206fffd4d8478e40367b92,415723432,962,ff9d20c68cebcf747c87987b5ede27208a80a5d0ac880bd4444f14a2c6a9477c
f2138054426d76bdab670ade89b4679e52a44547a5c5eb47cd13f7ff1c386d20,415282065,961,3770252214c34ed4dce879bfa459293d7b93b172640037efc1118109d0625492
f21ff4a755b7f0d7815f567b39e3176b95959a231f49f6180fc935115ec2922b,415993455,962,e70c9fbce4ea2501d38af319cdb4de68dd413dd56cdc54d211cc8e413b485214
f233ef88d18d8f19d1843315a3a4afa88295d2640ff83ec8439a2ae62e213122,415886277,962,d6ef8c20ac306a8099f9182cf8080183313828602efd4850c218308c305efc1c
f2b282b67c5f655f4b1067056ec50308a500fd9492e2e70f90f9c5b21ed1b6f0,419682982,971,05f42d7cc689df4643905e6ece33cc6bc32f287e6bd00c400f3e6d210ef6decf
f2f7bb25cdf602ff5529c5f9cd394d44667894ba13795380c2b89f00756376a7,415397645,961,2208bcddc56fe9136b241afb3e618900e16a85c4bd4afc812ce025a986c6897d
f3e9742a967aed0aa0b0326e6eb53f3623643befb4a48dd79745a784236519d6,415196250,961,9315e4a86a5f032ccaccef291f4f3dfcbe90bc040b87bf0a3cfed95b33990903
f3f45c0830f14ece27faee5f9adf7f7b742749dbb0403c66501b67a644c32393,417682282,966,1398ff3cafdc60c2472e7bbb44d5f9712fd701ccc7360acfcca6038685c4e8d3
f49b9970152f3e833f9a8460a15da39ada6f5fb64acbbd3a72ef76ed660abb25,416120152,963,1e4e418fc93cdd4be16caf0dd96bb15c3ea368a4b77a517b5bb8a05617425dba
f4b3903736177e186575064545749e4589c2a2a359cc4369b415ea7e68345629,415457064,961,03dac67c3e41ac661400c87d59e87874d8a2739d4f4df67f4a44a5a0d075c3b9
f4e5d664db59238f9848db9f14c22b1c2bc1323eafb07db6790aa6a92674e6c5,415862854,962,bdc406d74de2b37ccdf59e569445a0074e7a3756aee343f82158636b6f2ae549
f558856b0f2ca974084b1b1bf049992a19a1fba3581f4626948c67665c1c9b00,415171257,961,f007496e767817900728e2253b21200d22499a81f152d340befee050c6f78b63
f57d90381e9c38150c57ce1bcd0eec4c02451d44e91879709b629fc3b5883d75,416077084,963,e9c5b9d2b97cdeedcc51d94da33611a0cd0337871b975ee59a78371f7f3db001
f5efb92f2b26e8555f91b3753f9c907d13724faa53cdf116523808bfee9737ac,416532327,964,15c0793a22bc7c57ac9f6ebc78014788e65f3523e26cca7fd71e89a37b3441a9
f5fac3181a4c1f78a010597002817df8d5b0bc95d47b64bd67c5de8375b75af3,418999884,969,3cfbb259d0ebd9042c8dfb0823f601919ab8ce19fb39e7bd1179ec2aa4bad336
f624c9623eb7592ec1592c29059625c2fd220578ef7ffbc94f775737dacd7104,415171546,961,8096f6eb1850907cda3c868cab7fdfaeff273fc7bb8a80c2d75fcafa127a60bf
f67c18ff91ca70822b893a1d2ea57a8e3331013defd0cb4e11496a2b9feb7721,415233853,961,8357ab4ceee434dadc36da04f523c7831736676adaf38009b3c21831dde01bed
f70906dba0a8555782a094e6ff56ee0144a53f54187a2dfeef26e393af5c2356,416657940,964,b012a710ec8d254533d4f7a2b0a2609d5ce2dce284880d8e0e841f6dc02a0750
f7ed339c9ae061d4cf958d4b7f75ae4d340ea145fc221e78fb888c2d3bd333fd,415666968,962,9fbe77b70ee91c8df963e1851eb1b74dd2feceae69b988675a7b5aecdac23606
f89161495ccf3f8ea27c675efcd098f177967426998d17b1b40c800f16248edc,415732609,962,27f6007b6a85d9cdeece02cdcc52456e92feaf31868ecb9c4d7d5e7905da4a4c
f89a57adc28151ac24a3adcd8e39f2908459c63d1b44b774e7ee49bf10df2b26,416077365,963,d550ce64179fe0cdcd5edc737555717838cad537ddfbe113a98825cf6dba29a2
f8b695450953b34d64db1c92dc4dfd4d8cf3a91cc1d6d81e6d3a22ee29af76ec,415543402,961,ff5822d6968921d837bcfff46258aef0f012860d23023065a9b847401fcc5d78
f8e2bb781866f8215a6db09ce3694b58a15694b78ca49db87055f86424b87fa1,415283103,961,4a9237c418ec1f38e1dfe4b5202936584f63e55a213b12e67f23807c62d87290
f8e31984bf5d7560978f00afd23c921f68eaaca30d08065c0cba32905bfaf419,416465373,964,2bf6680f3aba74f93893d0d441f066d5524f7ae6e46d282a0cec0456df313221
f909732ee2378b5dd769d386e0d568df02777f393fe4fbfaec97256465f030a1,415175298,961,7b37f36cca10985edb9751e7de5b6e6153dbb017d50160c45d151a56493e6bc5
f921fd0e52abec332451fc3a26a9caad87f13eb051e04acf9364d616b26a0cfb,415289479,961,bbe3491b712981393c20c0991dd75464130a81be9b8d15649079b26a3683aeac
f93047f1fe6e781f172c7d62a71f39f85f7802e28513c51397913c070ee0b6dc,415614096,962,0004f2b057b73367c1d58b2863fde1cab223f9868e64afd40e25ef668c5e05c7
fa0e7f746a4dbcb1ecc087a0bd97548b9c5b118be0ec9e68c5e82ea260ff0a5d,415199766,961,ce36b1d1372c930927ae8cf5b00759964710632f3c573cf3ea62fd2a7cb1258f
fa17ecc06a4d55e9e9fb92cd3cd3f90cb9b0e9d0cc3246c86da827e0eca4bed0,415284566,961,dab7705ffc14091459653d77585e8862a29fbc49796530d747763452c1221a55
fa5510490f9ff66831ffa15eddcf9db788ca3c79ae3aa44f8772e91a67cd8c92,416114705,963,ebbfc8ff095681460f53c9c5c956dac5de1b0c9d1a8670b7dbaa1f7288077458
fa7920f12172ae37b40233543bfe35f21af7d5823b9a59f008f191a004f2615e,416097049,963,42ccb5dd89b93b578dd3b149a7a28ab8e973dd8b0002d8e002fbe83a64db970e
fb3544e6a61d0c9fd9e911510a4eb7d91f987c330687cba85a74931fdef8a5c3,415721699,962,414d224ab5dce9de4ecb4259f7b6bf4ffaedcb22aecd010f495fb89d2f0770dc
fb6aa1ad0618030537dc0542fc12fbd6e82cd34873974ea77d04ad6932020895,415325244,961,d0bcc7556872126d77b71162e6d8b5a291dcd5c75abeaa04a65d57529c8ac9bf
fbbd8cd2a0105ca448271771ebebd42544239f216c7b6a20e9506224a8810b44,415583645,961,91252197f0200495763d9843e136a3620874e1eb921fd41693f0f2a82e867819
fc24f494c9865ae584018cb6f6bd7957b7917d95664b7d6d652e0976ae06f256,415531958,961,e8b0b63f99ce0562a5e1934a36a580c77b403b3d0377be44c86e7f7af329e137
fc5033261b8369964456a0f3e286615a990d1cf829da609bde8497b8e7e4b0ee,416135010,963,056dec36f99cd0623ed081c83df85efb3c123e725d783933e04c7557799c95bb
fd1d38f5074b4236d99db86105bb58f6454757389cdf936737f45fc27f25fe86,418613160,969,04ac59364ec4f370eb616af1d75eccc7ebbfd29ce0ee5aef5f9a7a482bf6d0cd
fd8aadc2a923a4534b16725ad0f8c376d891b066c15d01d5de46415ecb273c8b,415190773,961,3a2bd75e7d3dd96ffb819dfd7885abc115e5e58e78327e686394d02c1f621fc8
fdae6bb72e2dcdb10723ba093b457ce3a8e96991a4240d0df11fd9919d5beda3,415795561,962,f2aa8f3fb1d5f2ad07e3c8345c7469cd7b2a131fd584c51c2d5e373186c25f77
fde62c8d1d43f1a61434878e257f0ced32404a0cb505e79892887883bae91660,415171346,961,e8fc48546adb2582340ddf0fc00b2f2ea9829c34787e47fd8db3b0d498ad9e7f
fe17a38d426781f04eeec08ab71fb727d1bdff668e64fe29620825dae6a05b9a,415173644,961,accd986121adc8083bfc801f51317a7969d916e8e4bcbe9a96e77fe9b7859cbe
fe73d9515f974dfd983ac341d9e52acc34c4d8bcb38e4719fc7b1968b8bd2889,417269138,965,9d04ebd71a8bf0c87413610373047eb2f5e3e2185d431a2dcfa7dcfdb602e303
fe8f7eae9ebd20753bfd3669f3f34f3e7dcf4bc9b8d08d7f484d778f2a1dd39c,416135451,963,15aedfca09790d11a8d0211a3dea7807d3cc6c7f181cf863ef8bad62ef5dfdc6
feacdd48da51e785154da35e51455a389dc271a90d709fd3d830378852ae9f19,420689868,973,a7fba57118a33bd99c03d216d57de40f78da3979f7323896f13fd5d0d4241224
ff0acfce8c738a1eb5241648f8572c857979506e5cff5f19cb0cad794febc3ee,415310183,961,f3c95fbe8bb6a484a32d55e72e130dd9c98b61768661ca7a3c1dd4471a1aa172
ff246a22aa19d68a2628457f7433d53de4f095078b59e53804b7293742b1e5d9,415772864,962,a10e6f68f356ef5ee17e2ac1ed13b4266aa8a60350cfdc74d3b1267692bfa1ef
ff7408064c42b4a589664f039e7572df4bc4f2ae832ba3f26b8eca8a165a404e,418987267,969,9a757be5d42b39f3739d9027509e79f5c9ea63d1e53c1928015d9fb0059e4c9b
ff963028d763fa3fac259e10e37fb07cbc72d524a0dc8e741ec9d628a8831813,417296380,965,6f860a55aacb4b607beef92482ed5756b22c40de7a5faa6e2efce26aa434e28c
ffac231376cbbae4afa42e67702ce59b59bd1af30c4860c29c80d6ef0c4ec67a,415331906,961,e7af619c3c67d4b949a7d42be553572a833b1b662032828baa176930ce582a97
ffbe1c98c70eb973c5234367c3c44ac22b778006c1eeff455d97096fc8b1eb04,415205065,961,33837f27d0a2bba10949a8bcc134f900e53aac46c1dd9f877055f9f09b57f40b
