sandwichId,slot,epoch,bundle_id
00003d80ce515009b2c9e8d6f0f78cc82e8f11ccba8fe4e130133097f342f390,423802582,981,2af5ae7778264015b9b5390587c9f244869e1581d7a413de667232d6fbfec0a2
000eb9e7806d607704802c4ff5b4549c61cb766242d316a4130810d39a7120ea,426087137,986,11de0d0560b680b814877054a2ba2e789f59cd821f54e452f2c7aebbe2afbd3f
001e81b5efe14d97a2bdbe97825a17370309f6988668164ab6f960044900b193,427436717,989,964709fc79a6f1739c68b457a1b9098e0a15662bcef4aa567280f75aef30c4d0
001fc2bf74380192ea6ee4eee22a2ef32cbc6284726b3a694bf12c7bebfa4350,423287372,979,505d930a3f8983df8ed7351789da1b261928959d4d6e13b13d7902416a738f08
002c24cbebebab273bcc878164165d6cfd9ad32bd3d72f45b166ca77991ca012,425225569,984,eb3477059d08764ce8929ac132ced4f10e397802f6be581735f2f3443bdd9dfc
003dcc3e52b6b5f11f1b69dc815a55a04b14046901ef97a7efb77fb0cb0d208d,424503268,982,4be830407b16710a3057bda893caf8a2069db43d53d2ed8c645b642434e660bc
00522261699a3899fe2716662e2637b1938615a65f60a6c82f068ee82fc64e08,426585072,987,6475d93f9a2454b82c24e5eea32270adc5a643f0338a708144777f0523142a49
005a184b83fc049233452b732283f04f654c1af41d1907a86833efcb36a5f671,425021156,983,c699284fcac50515dada50e0099d9d01e458b038cf654ac63b9c8f3e86fa2e3a
006b21fa629115d6015bc2e2c73d09a0af921b2a483c1ab152eba4c42709296c,423937785,981,ffa1126fd650d7131820c7876eb726c09fe19ecc40df7b8762087ec1a036dc0a
0080ef7fab7567c6f6469602c5e8504f810e9716aeadd13b96273a6829edcb5f,424570475,982,21db5f75fb75e2f675dd3ab5c80c04e82f880ed0d3e29a76866fc3eb76b37f78
00b06a424dd0920a8f4695fb33577b2e075163dcbbb8a0921fc5cfe50384a728,424277403,982,3820e47bdea13be0b215b909756c3dc2fc1da941c0f99e86b978c9d6887bdc15
00b746de4ee5cade4ca86dee4ddfce86ded59367b85015c0b908946aadb2c8ce,424333709,982,26e71670a2e996d11a38f892b2b6b506934dfec8f209257fbe26a7573b4d94b2
00d9b56ac36472e930ebdf114b3aaeb5088a42ed4c182c9d3994cc8e33873afe,423425839,980,1de43549807279784d5c7ac197bd71fb8d357ad4d8dd2e27631c3e70f1f79c3f
00d9e8de7fdc2e9f362f4664ebca2e246009d8bf77700990786b030f81364802,425687124,985,e51eafc8e4828af489a25b4f0c0b02834e75199ab5055fc1a4351ff2ab68b7c9
00ea50d654019b4b32670c170e297bad55cf238661728c8c0b8ea27c900aff94,427784737,990,5657c3563eb57d47f974c5eaa0dcdead106c7fef2ce52b52b467bc169881e933
011313d32c58da4d0e9d83ad9662adc9a19cf942c8068ec567a5bdbc84c1d676,427974959,990,c4e2c6555fb365b5d0923882424ae2d5aae4787134e68bcf2d7abed66415d703
011d896c993e6c33f0b464f71716b19852916009a38a4fefab0b3b064bc16248,426456017,987,c5dfb945bec5c7cc482186a0274dfbec917f499b37e2e593d871a94745d6e2ab
0126247c682460839ae410f9c263cdd36689fb3f0075bdee8714bba521a2bc2e,425459231,984,39a9c43d9a8de570a8ec5d1669e75b20a47fc973858a43c2927718e39d12fe0e
0129a5f56a47df9914d65d55543e2ceeac5bfe076c69af36c9ef08707f8acb63,427685196,990,8b884cdd9c6ec899067515dce7740471f9e8b020b813e870ef0d54336f61b045
012d9ae63ef201ad81d72d4049bf72c322cd20553b69272aaca29679c8d527c2,426668071,987,703cea93ca36ecf1ee82b2d148ed400c64bf5ab996a25b455927a40b8ca505f4
01340f91eac1e7f9eb412e7e3d745da439f3ac5b9364930bead14f508e0f2797,426353005,986,2aff0a6a0b057626a6b7e64aaa7043337a2812ef5aaf66a101288d235a7fd1ff
015713080760bc0da50d3c421adb7cdc6ee603d54ebb7426066cfb0a54a75141,426092070,986,f2be12ea5f9c2185dcac664246f52a65c48e728f3e83058e43fc0865ba463c04
0165b45383bb29b45efa42c215af970099ea6a457ccfb4002f5c90c3cc3bc9c2,427964748,990,e72f86a55e87823b8cf8260273397b26b6580d27f9413c648acf1f3c7021b951
01695c238bbc48be9f9ee999690d65fbfc433f4adfcc3656d40a53939b10c685,424064446,981,396ab8c5d6d579dde188d1adb8f8c3406afd0249e104a71bf77be3fc833ac787
017bc5d704e6750f956afa12ee87e26dcc3d37163ed0c72f772f1fccb5fff0c3,426042140,986,14832985b46b1b1e7a2a30f269f0145828fc21d2aa15e58320ee728bf38b5d80
017ca7f5d93a22bf9e8e59bb976d882b1f63ffd3fee3f82bfa3a665e4659cd69,424245484,982,a070b5cb8cb786701a0493c421e5a79b8f9ea3568d660e0e43d583201cc0c36c
01856e3d3ad1996170eec921f1506938d0e6a335e7c529a8846450bc7b8a0fb3,425419777,984,75e0162a80aa5de20b88effdbaa71b23e5a0b57b1090fd615efad5712fb1fb2c
018e85b766810a85e752abbebea5b08feef820ab8d17bb41d0008af042a08183,423434612,980,870b5abc41e57368bd23c2d42ab5fbf14cbe4d90c2d153b60f52a78d2f343090
01920218b0a91fc4ea465c09caafce23528bbbd62bbd928348dda16d6b9d42be,425049885,983,beddf5d0f25a287bb1b0177cfb52dccba055be4942dd90c03c741e940eaf1d73
019c50fde923ac4d392d0227fcfc9f7ea6695413b2f9ded3d3a7ceb6fe646491,426582089,987,a96fc89e7dd8646639607b90f399fafb224bab6f7d87ec5338a0b2817086ad8f
01bd13e7674fc7b5f59fb7389d74973ee6658954a16f09dcbf11f07536463c32,426369148,986,1a0b48a4adfad399f9e40031c21dcb925fd221e94c0ae63934a6a9fc480b92c9
01dd038f95b79e83a2a41caac7424a5c8de172998b7f40f04bd3a6b2a430465e,426239538,986,d6ae98be0b6a9bb6e7710c36ab48d0b6fba9a939238c9d3f242fdd95ad9c1ec8
01f27c51db787426b137f2b9733d91524f85fc3496ca72deb83bf9da5d0fe1a2,425911139,985,840b43931669213b7b4885a97f744c1786ac525d38908ad7d9bb5d1f06b8fe4e
01f836067f84068753554607cbc11f2edc53a5328c27c9a27dec3751b8011bf1,424440562,982,5fdee8ff4137e59c56ca5b24d463991febe5725ec166640046f1cf20c4b94c71
020044747c091b6d06547bee63905a96bdec9bd81585cd0ded844e8b34127027,426577631,987,80db7d815b4a8ad2a4b306eddf56cd1c952855cf8ee6821938f4435c93edd442
021bdb704e8ee18e376de40bb41d93bbf9edb32e22a1e85698357d37480a209d,426233123,986,06179873d229960bd225eb5ef602033376d798b63d0bdc497f39af3377b0396e
0257a9fc45a1e94abd77506b6e4938ae1d7450653af49ffc4de0d5770d578968,424037447,981,d53ce259e47f93d8bc4d550149e9cccf674215e0090791f0786e62cf97468b6f
0269f79b01615b19a12c06e6aa84c2b6810792be9f71e09e635766292d29bf2f,425216517,984,015829f872cdb705ccfd865063940f3c4aeabdba65582c7de72e218574930afa
0286c260838d65cfdf281dc867accb46c161ef02cae69b5d656793f1d6847666,426475751,987,d40287926c14c36e2a57e5a900f2a717f25901d4eb1d9f92b3cfecbfb6167b52
0292f1f5af96936d84eac629ea13d404eae81ffc6d83c262061cceaf1f5b8633,420933043,974,646f8b458c8e3102e97191d5b0abf85d08f2ef1dffc8f5e8fcae580bc328b60b
029a2cc16f76cc344bc9b88c7d81a30d1a2ec020d79d89e01611b172df925314,426391703,987,d80c36f227895b4cfa3cf759a92930928472a5cfbe933365659d83e1af4c6589
029e869a46be588ff3c85c65a61990f23dd72eb2c4cbee09223bb593f6294c54,425182068,984,4dad14493f9cf79f21a62f32eec159c0c05c853484adf8eefdfe4b19bb0f80b3
02be5086bf1116ef6c84032c012288875692d32ab5a3a9e6b7ef5f96909b706d,425767702,985,8eefdec75cc112a637119f401f66764164802a50168dcc153a82ea0ee85df90a
02c8d3da071eae2eec1376c263372f2fa6fabb97c7b15f3bde6da66565d050b9,425737888,985,4c8de139fae7fbc865d6e9944c47a8e71d2aceb95c65c999e4c3a09427621603
02cc78d7b545487ad0938f7ff085ff4d89bbd9d591e85e50e061205a22f52e9f,425631516,985,7d3d8a15d2b3b55e2a14d5f3a3cb11b0c6643492b8b71c1c238423823e6c3604
02d8d478de952bf71656e9a560225eba718412e595a7451d96a8d4ac5128d361,426251335,986,b4b61afbb85d43c24cde0fa24bd594a72ed321b71f41a3b894160a1643cd75c9
02dc76af1463c94a68105c123fe3986fa6f065d993b33c96d36d9e4e78d09867,423701973,980,50e28f239ffa5e8ac82ef7e7f2bf5fc0c2c2b6c21854fa46987d35f519541797
02e2afedc91259a0b87e9dbcb1501d5d7a75283f2f82785bd16fab71fe90245e,422083997,977,3611d9836f3cb5eba1cbd70b0a9bec7543d80735b857a464a538e4375b90b489
02ecd7b6ace0de215a5ea6c29f7c0b0774e4be7d5344a02505dc0edd4834e57c,425904732,985,85a0f296c33bf75af8fc7b257de215e84f16cb224dd44a1b0b30c1f4d8a18008
02fde1fc7efe63fb740b983d5716359b815ffbcc62d330ca8bfeaf74df2abf81,425519629,984,2cc34ed0297426ca3b7da3a358e2b929bf0f3ec48542874f5624c1c7b576a707
0311f1c4ae020f96ffeb4e0846dd55092d986e3edff6225e6ea5e5e02d082a0a,424255340,982,2d617376505b98d59c4b1189b3d516586bc1c8be7a1e4416c07409c5159497db
031d11ff6b5abbeb10cd6635f0b1c2d60c9d7dcdcbea45690883d70a188e4b3f,426631263,987,ab045774c6e27cad7420d471a0bf3e4660ce5b914f3fe337ae06870e85454464
032bdb013e7ed9352648f14088143cdbf1b3b223803e5c5333c097df9d86574f,424998439,983,4fe78a6dfbc6aa974d4bb273745f7941432901c2e38802ca91773ad1ded917e8
03539ac064ac72970e893fca9dba5c0499170555a55adc8e50884ffb638dc056,423370523,980,3c2cf51ed64b19d89e136e372d3278adce2e17bc9dc393814ca4e0d8154186a6
03795cbc09c09f6b9afe66c305ed765c63af1347f1dcaab02aa8e10dde9f6bac,421238260,975,30574982fefc9d2ceb93af00bd07cf6db138d771734adbaf6d5ad70a3984ff9f
037b6a3a4a8bd574cdc4b3c3c80208d16c7bd41619027ee24f73f1cd94a3f5e4,422563755,978,a61b8f737cf2e6ab8cfa38866c9d252d9b358ea51df298587e9b40c5ea7b4dc9
038acb6281880430e384b2bdad04b84e0548c23a23dd7b7eef20323a9a0c3dac,427481830,989,b5d86e515548f5dc642f1190d153598deb8c4320e7bdc5041e9f73e81131bf44
039468238c21a98be3783af5390153f8a79305595dd695fd67838d38fe8564bb,423814552,981,e017d5bb911ee280c7fd80ae53b97fc62978e4317f58f7e93328111642c12352
03be75b3154277bd5df4a546f33b20870190c956ac2b71dff1179c17566f1f4c,426577242,987,91fed2a26d275729695f45e7a673cb902f02941f2490b0fc0729055fa068e9ca
03d4e75d2008a71081ab5fa36e986006e8abd10b4d3f1ff2b663a1cec0fb4a2a,426287166,986,a54354b5277f7346fe14bd81197e67cd4ffa3f0979064a6386eb77dc5d2e732c
03db49243fe5ce987510896b9b2619ab7c54f61567e32a43d327621d0955ff3f,421936524,976,ad7c7c0de234f65ebd8fa1e90c9c2fd248776b46932a1529f025d86f5e1c785f
03f5147dc735aaf0ac2ed8fdb5cb31b9354ca544fefb9a1ae75e27b3d2166c72,420928224,974,1b905d1ea7de3778955c0d200c660510d4e9e4c15e21f6abd597a38873cb08f8
03f6a8fe086902662686ebf81f474eaec73df5bc75b6a67665c5233a5ec24b6c,426257102,986,59437bf42b95c5226d05c65a7a4520565b822771e450d5320a7c90648d3b1911
0402083c49c221446a246f4d4a14091c11af982ec663cc5e6fd0aa3ce02aff14,426459362,987,5f83a71c157b3a4d8b962e2f0137eb7312799e1087540b372dd5acad681b600e
040b0a7329f59ba411df3d91f075b0189489cb8243dc6c438bda75facbb95a2c,426779310,987,29598b0b23035d1a45952b42ea99d51ec7481fdce14f57e240b77cd2b310e05e
041bf86b26bed582a301286bccc2e3eeec43505f94050a54fd693c1f7e5e5efb,424708953,983,5ec855be03f86b529d921daf00310c9a67ad5cde824748001f8dfe46c6eba5e5
041ef8d4250f359f85256455808d4b9b4aba069cf25a486bbdd5cb70e9cc9ef7,425854553,985,3e7bb29bd454b895e8ca48013cc8700460f6ef432e7ab78f50a1fc45a3b5fd34
042782c3ffd212012596bee7eb4a4f2e8bfca0b2059c40398bb3c9a8de828264,421632452,976,d84178a47329288325dc521502bfc3b0e459c97e47120c9050f685b178fb9754
04315f3eadc8c819a648fc7a6b0bb392cb312732cbb1658575b2ba4d971b2dcf,423985960,981,f103f1650b508bad0cb3fc5c3bbda3b2e38a42ae4e45ba5ee765d9f647f9b2cf
0440924b040214fc2d98e08d1602d30d86653521ba4bb47d1f1c269dde561db0,422453192,977,6e114a4220cdf3cb836cc8f12e793b4d7946a30be0311ef9a4e853f3dc3ab0cb
04787e0b8be3f34fa4b9574dd4f155990ff4ef94995129bab36c8d673f1a5bd9,424932836,983,60f3509aa1e44e4725f43d773dd320d819844b9b4b022f382553912680943352
04a763603f4fa28bd813451d58a73a332af86e121c2efaba19fc252d79aaa1d9,426171321,986,2a518b4e229dca54a00b9233e61b588082283636ed260aab9eef61aa1d0f8d77
04db2cecac3bd22c33a5de1592b13fa7170843bb440a860a542894d3a546b01e,423432633,980,cdb8476fb3c2547085a7f6d18c2b53cc175e76a954cfd57a5c4a5ec84090bca0
04dc5fc1aa63e6bff01c94d737551512c2a41985c79ffd4ca951c02f9592bc43,422825141,978,fae0dd72fdf616b1ecc8b5f051b811da2200f58661815356c56a8bb153027f60
04e7b408f602aec6676b93bf3393d90feb888fe43d88e9f3f49f22676a7a7fb3,427713527,990,e7f8d7b0d567f7c76e54752e525cedbbc6e763d1f7dff3dc7d49150761f4b66a
04efc2b3c7ef3110281e117d51d226c2f0809842b68a8442d9ea4927d36a0d85,427376555,989,850a6459270d71056345c059c85880a543dfb0b12ff869b0882ecb34e9f5cf95
04fbe578f7e8536b32c601f2527f971c51ba11c8aceb3e6c34040877cee33d7b,423933416,981,d2aa4bd555f26bbf9954caac5d87b7150332fad060b5f84ff091ad25bf2256e5
0500b6a2473cee84dad3604e928b5de79c18c78fcefc95968f1659aef8916f8a,426871970,988,044dd395854cf7837e52cf44dc8b8777f4e70132521241d1636369f10ed76b58
050180cd76095844026b0377e8527c989dcb10acee2e1e81d9985653a311948c,423000291,979,53b0903db434b1b37d546dd1f3422a5798a1f92377274c8c2dbfe8938bb36821
0513b016af999c3833057c876e6fc4d7df21860e374888b560504671694c701a,423974728,981,01c698277c9f81504bcc17b79942d751a3f370241c812d46f214571befd4df55
051e5ea0f02f0cc8a03ccd20d6cc9d5b848152ac80f85092f636b10f481ceb08,426667140,987,edd8211df0618f237b12decf1aa1810f1d56c4bd04f6bc0357d6527c0ead6e1f
05207504702b6d447ba02973d2b340b6ef5e7a5487b83684c44e27ab48c27495,421937932,976,05c8d3c090d15cda821fc20bf2e71cebd693dcdf40ea797693636938c57bf588
0526cfbec21b2f06eb26ddd943973cc68fec91b1583cfbea1082ad9f45ba00f8,426265559,986,77c17d31dc5102e91313eb0860748a9d848f2c84b242a93873c3a037c88c809d
055aceaf840abbf57f5eeb59b8b7ced4905099a2b5f173060e046fe2dc0fc431,422787036,978,ca832442685721fc92f2cafc1237e0afbe21f6e52a303cffdb2c8dd12a31d626
0564b442de1cda802e5bca9b74c87fa87fd94d7a62123d08aeeebfbc8a0b7a99,420789890,974,895ef3b10bc2c3fe352be9f5a044b9f4afee330341fef9eae328616f1d793b03
056c61d187c3ca6c8e248493c7d54191b2ddb01f780d42a8a102f09c18aa2bd1,427033527,988,6470f4e292ec6e73b5d3b71c4dd3b6caffc7f208debafb84f0924839324c7b43
0590039f08a825ee25c8cc2023ef4d9ff7f448fe63328a1104654af067faae03,426354737,986,bce17c34c20d91d083c5ee650e5766cb4d52bd4cbd1d87dbc117274c461ce461
0594ba8cce8b64903ce721ad12577ea09ec5fd33050beccdf591122af850d2c0,426317603,986,4454522c8f35ba9681e94b9e0bc5c0f9d8006a46e3aa958ec00f7a36f63f2a9e
05c29d9bc36be7bca72bf7b97329f3bb955d28dd2cc07c2006372c7fd2ebf79f,425992665,986,85fcc7c6484b251f3b1fc07984352436daae2f81e1d01467495fceca5cae0e3b
05ce435df52aa7a0d69bc457c981d6218382d4d63f971ec3a65ad443d4cdc017,426202290,986,81edee87aa0879562eff7a512300c6c53265cf1f164688040fd88a91508cea78
05d0463687ddc9a6515790c59c0e7e801acbfe295843f67677bf2471eafe9c19,423312227,979,4c2df26558f3fa712d47167fc687b372efa3e6c5b609cc8484b9c01e0c960bd5
05e6732af9eef90a6a9f1e5ce768034a316f1d83fbfbe37272cc927b09d38ebc,425255503,984,05c5e6006b2a2ecab27cd534105f1dc47f98af9843980e2c0445ab0fafb06c40
05fb09ba656a774bbe1b920916915c534a5e88f6274febe24cf906645dc8b657,425485714,984,2c6b704ccf7e2272679860d8c479c1154cfb3e2e13db7f6c272010f64d87f85a
05fc95e65ee6857f72c61c6eb6426a5618a3424c5f6402337213612d41418459,423578112,980,4ab0ce5b8b5ba0727ce0aaaf803011b19ca52072745c3eefbce47809d69108f2
05febd48005757a93424dfa1eccc4f7402a1b7026c2410af9942c127c93d75a2,425718909,985,d4b8bf785c674d39bcf4500058dd8ca7195407e4422a96600f3b17f99be6cebe
0600e3cc49d041bf7b24bde662eb80181f1cce2fefe741f261dbbab4afc13712,426131596,986,5d7c3b92709a478e775b8f0a7cb5022e052e8b5ec1954103e8d0f37509d5f105
06069d97bce0df07b94feb9305aadc911eb99fff9e27af3c84f6baf223ae561a,423111177,979,8922d5fb5fd4e50e210f2c41180f85a2f016ab2e2c2942c5d0940173307068e4
060707560bf0400ef31a657cf7905c83025dc151034972c8aadd015edf6ffeda,423190183,979,5684f599b1df6212535bef9ad8d336c8e77383bb4170753f2af924c7fa3ac3f0
061872042f0d21a2c4e6041a7de70f1bf6489054cc8f12eb53abf990c59cceee,425443853,984,2cffedcb1a1c1d9871582ba4e8693093f2f05192d561a1dfe15f41d3469f6dff
0624171ecd8a8f3beecce58a667603559bffe3fb4cd738cf7e79fee19de58a48,421594916,975,4e0ef620ffaeef4897c30c882fe746a6506439b20a78e5adfebb9517554af559
06248499b7286c27347dbe69cec4680fffc08a8806bf70b773c1aabf9a213749,426238529,986,d02c3ac7be6e4f952dfdef516afe33bda01a1387b03d306e8915b4bbda90770e
063698706c8b31c44d163ca427554f9d05da719278dcb26ad3d79278fa098bec,424667181,983,dcaf4041f5581217e7a673c8b6f2bea00e93a45f6fd0a2326769cafb30f72c1d
0640eaffe30caa51c90c797675fe6417099d244120a46f20323964f6c2fc8ade,422434401,977,c6179948e318e84fbe5d2268646f633941059de64f7ff283a95e7a4bbf076ae4
0644bf144b9bdc24121581fb2352fb014a759eb30593733c5a3584df2327b711,423903866,981,240ea581d695863891c9bfd3ed8e4cd66cd39e39ffaf0d7ecc1018e347b67f28
0645be7b6b4c89c084ae54bcedefad8a0b7fa808efebf92684f1e6b62db744d9,422869887,978,9a73070f8cc9815cd8c3958921a4728be88054191004cc88a0106ab2c0e228e3
0653d6b85f35c96513f0934c3f8372f3f9d919cf61a1b42adc964d6be824d973,420931890,974,cec236dec0ac589010a846986759cdb39a65d5311877c42e8439a56b7d37f8ba
06621297e5968a9a1093305b5804a1c6a6c4fded9b11721fb813c0caae2c43e7,423774031,980,46c94ba201e9e32ab866d3ac4ae06da216dce24bd850246bd2515e9df90974ef
0684b0645e27b091e0c17ff72ac4d7d5e36b1283e8cfd0b26c8a348d494bc670,427198722,988,2d83a53b103f43cc6c34b044728a469750bc0644075c371c70d4de73ce23c06a
069a17eb439f079e28ab3531b8a183553846f930a1eb0d5ad69684d54a011afa,423746906,980,17dda025eef296ec3db5cea2c4f0f59957d0f37d63f96ef1422efa0a11b9b04c
06a1bb906a2d1fe57fa72732c0f7209a292ec3ec017decf7438b196a373f2aee,425843720,985,62d54dad833dac1a123d5d3d0237a2062492179d3c0d8320c0167f904bbe9634
06aaabd062e9cb7b6c3ad56e7efadeba04da386a590e58433f9132517548573c,423617346,980,5572c114a7ad3e6160dffa99a892d66586ad26bb423c17c685d522eba48be4f4
06dd66aa61ba65b3388877cfedd5d1b0c642baa7d8f8d8b8918f520e0a6b0f15,425231593,984,d10872208ad94478f5bca81e5246160e70169f78a0b575ff9e3d4f323d3f8a98
06f89dfee9c524965cd764707609f0fd46d72b816912b87de31128ad78371bd5,421885091,976,6708ca03865f0b9e9431db353c824847c99e43416d7bb280c33361b0d5e43152
06fc5deb83e64a317d57641a4503586670fe9d011bdb9249a9aa868efcace91d,426777416,987,5590a9e6ec2e7ec578773727488fa4548621e48a2ddd43e27d5aac29546c809f
070c56462a70971c19fe50464d6cfec5690a36704d21ee55b427931c24382ba0,425404599,984,99b13faf4978f62747367046a6e83fdd0cb7b99b88fcc09016e7dd7cec34aa53
0716d5b8d83ccf42aa9af8cc43a41135ec895233aa803c3a35c3d67b3793fc76,422445855,977,ed5eb0a5ef907762c00b507ce33078efdc17398b8f9370a57344e951e2bb7d31
0718ea8507d70a8f5a8e0f823445b25d8e9e9bb776c6d3f456b93dee363acac2,426229229,986,0617300b1fec41b541c055a11f0410abb39a8839ea3b8fb531dae724b7fe9626
0721dc54b9c0ac0bbbd9af08a90395480d41014b5975f6ca1c42ecb54ed6bbb7,427481486,989,e587e23c2f728f80d77446e02e73446241abbcbc087665d4e940e6e017ea6c0f
07464a8a5becd303397c7fe3c579071daf67600b3e217d26230b487f333559f8,422923239,978,2f50cf457d67cf9b670a5851a5f34f97eefa4e4e9dcdd3c3d44a9dcbd010b259
074b2bb5b4b8d420b4ee7c0f15892a18110a6ccc86ac30545d6e9ba2348135ce,422791492,978,c1af66871930a69b25eb6ac6f5e573acc775d66390ba46791b67e911e89d7b8a
076dc0fc373ec88dcd96998888099957cb38a7eac3e8bf5c6f7665c1cbe23232,427196091,988,f5286a8a33e1de5414f7cf669f8112d2eb5918706ef7c6639d00c298fa1edcc4
077322e161484346344c10960aacf235d8b209053fd600b65c8d9a4da39b990c,421747397,976,f69c1d288a4eb6afb06a9539b4283807e826e320ec386d56485fa9fe3a0ae3e7
077a49d86589c9e1a81bc4b62782a067862072d8341e6ee8faf8dacb182d3b3b,425375056,984,58208c71790efbaab5a6147c5403233ac7291f726504bde38465de8f6efadc98
077e235cd7dca7aba7f2ecc9caaa8c80ad2c76bf78fb4bb49f59a9f1db109637,427440790,989,0c79990f5a90bc66258b3e3b71a7df2cb55af0d5bfded069b72cc50505619638
0782eb5680fe43b07f70c972127e81cfc29cd9f8542bc45fe33095bfc79838ad,421399807,975,cc6c2f887736e601a5141d7efce1aec88614238e2f8ae9abd60a375ccb6f1abc
0789d3ad0edcc0669ba6596ad3eab269f336f2e84205c9e60fd386a64214eb82,426804550,987,dd0e1be1e4d10fd701c1bee2cf8e251d55d84ceb1ee20fcd236adcddc6cfa771
078c7608aac6d77e795679dc6ed707b9f338f9ed1870964ec17b928a6dea8496,426464874,987,6055d255787e6f9c578b8c41f824f39a9fde5fc393359ec0bf1c20bd0396e682
078d9160b1ab7fe9fbe87543224691457011c99c32583b733d008cbe630b2fcb,426305395,986,7c46d52913b8490d20565469d9b40fd843fc2f64eb0b04079fd048d0c804f314
078fd378478c19de5da5180fb10648424558e90ef4ce8a8328e8e01577a31dba,425977757,986,f8fefadb024a668d63d1cae358ee25e8430ac265c261e44e2e07fe13fe3dc2d9
079b9e15fba24c24bada983472d64525744f8538a37621d37ad615cc7cc5f640,424778300,983,6052df8b3c81fbfd526ff272b6936dce902567ca922d956b8d458f7518072970
079ed329da1a71c7825cce04d1581311725dd7907d12a5afee207d9eed872156,423792785,981,334f65d2515f64a3b5a5c040dca1dac2bb04bffb1b2d6054aecddefa5321db3f
07a0495305bc89793b89d8ac107a2acd190ddad99f50e2514de8da12024b3037,421568248,975,cf0561ce22fbdc5327fe7e8464136072068f5d94f565fd126a2fca06db82aadd
07a8227b7648d68b20ec5f8204ea905b2f270c37baee86ec9a5728c2c652934b,423787300,980,43e24c3d396c1c98e0fae59e1094153ecf4151ee64fbc7931c66d1d8c5d0c0d2
07d4645c385a8e9321041b6c6f68a17a9a5568fcc831bdc39e962a16d1f78b7d,423704796,980,7e9123de880d7eff66e74784e5f7a0d3b6ce91442c5981106f9ef180ee8c6290
07e269bbb7d8b111215f455974b9cc9927599e53975e6ec417d63976fdbbe17a,423795863,981,158f178c9f97e281bb2a5a7f6ebd1a152406b1d83127662b09fec165732567ba
07ef24dba2b878fc696aa67d62a01bda5316cb4ddf1a6b9d88513ea32594796d,424678789,983,e36cef340fe687d4fa5f9a5d2f47031c9520f5d9830ea1e245e95b1159149781
07f1492f55596f2d02731d74cb1ec40fc68b7dc469ea55de57855fb654569ff7,421685891,976,c38cb77b3780f5bdb83b3cdde6cf30e1b52a571f8b454b6855ebbd0bea8ff196
07f8084de3fc3c72fc575fa9d1783e1f67d0bbf476e98b5f4e01c0725712d1f0,424432074,982,6391ae38c668f534bb39bc8042aa1062d6fbf38ecf49c36c79d01d004db16263
07fde92986b37595c0e9fa56141f12a782328b3fe594ca2521b3b800abaf7c9d,423161332,979,7543d8a57ecbbe3de09a987e02cb7bec6b747735a90e43c507029bbf9a221192
08217b77f78bd40e315b80b8a26799040baacfd79ecb053fa3e2ba586f43baca,427195706,988,dbe246c1a983127f4ac1b5b1d1431d80aa9f9ba7feb9b822f7aae9911f0bc8ee
08227f368effdc464b142f6892bb0a2e0bf7255cf72dbe736267f4dd426dcdc1,422819975,978,8cbafae79d7e0c2c5bc05741229ce46e7171a47c12f5749ce7e94567ff5df8d1
0822bccf6879565db05c78fffb3e844b8fb53064700bdeebc0a3d62251904aad,420930759,974,750b39a0ddf0d7598ab0508ebe2f0fc20a28345e3cbba688006f51a50d8a41d8
086646b4f2fbc63fa38af5ea7d5d747f732b479fc626a561e8ab7d63095852d6,423429179,980,8e9cea0798a2c475ff6eb840a54d0091d9f5e0ea02bb0638808e2f9d562f06b3
08687e4ecf5aa67cbc847d6cb504f312c4889f7e019a1e8a030781ae746fe254,425734252,985,cb1460a4a55d8191fe1113ecd8b39e0402f0127780166e3ff537300fc3e022e3
086d717fa688033098fd4639cc274b770ff0d7e0f2b4f31364a965a22272f9fe,425991860,986,c5ccb1fc8b023d60acda503e6229ce0c07e487d04341ad49b6c6b6b23cc3cadf
089ab0ba186dd3f8f2f3eb72908dac44e1cbd80e7c79ae25edf4295432877ab2,426020433,986,c05c246d105ed6bdbf54f8f80ff7846aa1c53839c291d707c58861368fe30b53
089bb7166acf217dd522236ddfcf028628e1018f290ca238a6200fe3e0da4040,423022993,979,22fad1c4cb9eb0366aeea771085a302a39a4b487279d97baf3a89b929d67286e
08ac166be6cf3bb67cf1261690200a146a5ddfcd744651b6b71cb9fc0eb67017,427077532,988,def622bc871077c4702e85bae9b4e1aa100ebfd02525e54c680c47668616624e
08ad0aea747c65fddeb06a4a7efaa0ea61888a071d9f5890250e3c4329dd12da,422722183,978,bf7fc12f2ad367ce615f9a4941c830a475f5a282ff256dfc8866272359ced713
08afcedc7dac68a5d8e28809e0190ba32811b477da40d9174a8db9fad883ec6b,424853543,983,95218c8e422a4b0eb6ba232adcbc69b4ee5c094b2bf1bb16d56c8de086353d87
08b36a696ad4f60daf755ea6aa61d8c5a923bc33f377f0d8a525d5750cbbb5e7,425299034,984,344890b99e987b6161d506139e4f91c537068e4ff1f1563216fdf0bb6f74e6c3
08d2ac913f09893f5f4b1293108ffaede17500034294bff0dc6498acf32d2314,426565341,987,bb03312b2b7e9e6970b80ad43b97c54fa241691d6e6c0bcd6a82c147bda2913b
08ef32b2d589987211137505eb3821215fe83e4f1d8b75ecba89b73303f63671,426031665,986,520bbb87165468a8e04cfa40d12589936e4da6c34f45aa679cc366a0b8e96b50
08f5aa4c80a5bfe017e51b7ff36149c6200f57d5081e854f558c0b2f32e291d8,423703961,980,52ec8caa71e8966c1776cd5605671269221178898fe4a87577d4e155c4ee769f
091da07632601826f2b9b74227e7253419ae75ce2bdc82c7fefa285612ea6e1d,420901253,974,cfd9b596786779beee03c27085c69f62c3e8584247eaff14760b5ae3a73449ab
091dc36847e918f60e7a1e0a40518908dd0ab1e0794af8fc1c5d8832eab63d0c,422393460,977,a35ee77d1e234e4ee6c2bd49250054a50fd049d3cbb90883ccd92bad3301abac
0925fe2187f4a26f986168eb9ab6dc664011403ee4f98bd1296cdfb65fc08b61,423323898,979,cfb18906b8ba0a9ceeee2104423933fea736f6d5de8cefe6a3f76f3bfa26fe44
09296b0297e2579dfe6879f3cdd0c0535eb24a68686cca457d5b54ee919ecd79,420932551,974,52ede18d067a421bf2c604406b7446901e62cf5076c15dee3aceacd8733b4e9f
093070a369c4c6c41e2c2acc55ac75f12b606e74d6896709c111e48a2f18d5c1,424445354,982,7a5720fb32499bc3230199c49be2a813cbd3f7eecdda64802a23f63f681b9c17
09331468ecc6a97650bfb9d1804a487ae24320b83f1c082b3f12572ba05c14bc,426405632,987,2a7bbaa6439fab26bc2a2096c8fa783a6ee3894cebbbb6414f2b3326381f7df7
094d5e6ff6a8e153395352a90ac0ffd40578b7c6587b2391de1ea986d774144b,426152508,986,c0aca27c66a6880c4e71533550bd2883578549960b01ea6eeb23f4c5b026caeb
0950e315782e041178a5b0df95d9ca7115266bedd9bd26fb6c33ac13e4fdfd9c,423910200,981,3ed210357c07102865b988e146169d54ed3396b1a44ae253691bdb9503995bcb
0959e6ad447c88b85ab88a91a6e03230a9591934efc5415c91c51cd0e9966a20,426368761,986,d7bdc4a0c26699ea11a1215e8da14aa5d109e338e69d5227a8fce578dcaededc
096378b660852fead9ce706be86e394fccc7a810c54232bb75685c07bcf946af,423253633,979,1fcc1b9e5fdacb6234b82324cc3d27814de03351e59b3c15186f9a23571da353
0966e08bd6c4977414b41e8e20986b53bdf24a96f584669fbe30e951e20a9387,423919453,981,7d9e8d356a7e9d13ad901ebe17aae16f7bbd2368dd621bbbd48d061a94f81d16
096cf3862114606508c0580fd3cfdff736686c6fabd47d4a56d5fc94e08fb069,427942849,990,81f24ea3ec102bec6447e818785a34ae40710be135a04f9c13635c434f021311
09807ab8d00dd8ce205d8b885f736d9b259482f21e27ef918d4220e540b3cde2,423729464,980,0d981a21c74919c4d28937446fe37ba5ccf58e575c323f891161346e869cb53b
09839a4507d138ac23e88e2d9c7ef64fe922835268904acb8d115ff45078734a,426542283,987,d4ba72d263953f102329da52df9e56570a6451d8567e0fadf8bb07736f1a639a
098ff5c92e71ba272a52b3f935b2ab84845ada5aff1cd1369a7cd078a9c8b95c,425584845,985,83b37a6c37cc9530cd8e5f4b903d9a278780ae9995d0b18ca08046153ada87e2
099289f03cf81d05cbc25d0c8b2d929beb04aed332042cad0a721d3821ca7ef9,427143888,988,321b213a3089b4dd186e56e8a7a542c702e6c564bfb904a421778fb5ba8858b9
09a2b16e0c3349c488b9d056caf7c57498826f5d20550dd16cafd642da2d6d6f,425339680,984,9f51b095e433d43acb64849a9a1c5a630b95c43ab3ec31cfa59a9d0925e03a9b
09c553308a9d5e8cb2127d964557648c1e86a02e9d80fd10e10523979bc31933,425520016,985,53a01ad95a539bd9b63d66ca0ef6a326b97d768cb5bb7916138236107c23f1f1
0a0d9ce18794aea9a7bb1138920eb4cb9fea79b0c6a089227e553d4198a421b3,424651588,982,c27817b84a1e5252b27b3172ae2438c8ce7afd9929681bb81363fcea9e6c440c
0a23a3cc60f8e43bbcade1a30b72213189a9b081299e8fd2ea1519292d87f279,423863404,981,cbe65c0f8a8a0d160a31d6b9984b4f7a9a3561982d65e0df875d7fe5e27d4d41
0a3abc7fa91ac1c2a642717c593aebf5bd94dc7e84b23cb075b6f8eeef64ce03,425817814,985,1fac2ede6d84c686fce63a42320e266bc19ab9b9e548a7ef891edaa075f8db20
0a53cdb762e0e5843dc24b003de35eed2c1c99675ed4969a72ccdf543f126a7d,424427432,982,abdee1e1703d44ba6b142fbc5cee322065556a9bf13e456a111efc50ca855934
0a6be05ec2ddafaf7c31b5aba4ad3555579e8764527baf16cbe8f9147fa7c453,424627920,982,b468edc1f847ca2b39c424d56f9339909ad887f2407d6706bda5607a760ee74b
0a851fededd341e7d42b4c6dda57eba53b7092da133390cd7c7ff331778a4501,425078118,983,0f0606b1e9259a6954b3878a9023c66a6d2731590aeec6d901b993a515d8b043
0a8f6034a2891c4e993be1f9fb4b4c42c67b5f81da044f5694bb3d585777b9ac,423723506,980,989a1985f66b25c76a0cddcd3c5d73b4b4f8d985d168a63d1d07820dc0569adc
0a93b56fb0a8d5dd40f0e07ee373f686ef2dc44fceeedb1044ec0f46580a44f2,424754689,983,b889c94a60c989055ac8e2fe4f2a23bb2e882a421e0b8b344a867ff751002bc2
0aabde5f57b71ce538ce138b4a0ffc7db5760eb282948a8cc689b17c7cfb1171,424575135,982,33405e97880911eb2700577098e4d8c4a8a466e73ed67fd1d0351c344f57a9b3
0ab792a27050226d5d8cdfd7f92bc869824cca9aaa87817a37eb843870b57c54,426576352,987,9f0a10a6565170a0a2313f14de1ac90c171ae9e74c20400a901a8d26abea1e2b
0ac3545f200bb0881b22ed1157c7ee42c56eaf105e99b6e002d83c8f6d9a5329,421820944,976,46aa2dbace683d0a6b893f1c6ae4249880ad852ffa6d035e1744a7d0b57d281f
0ad8dcbd17459eaafa667736cd6d01b8519a57c2ec58a44626f97bb147b55a89,423413593,980,53fa4521b3c3129741c39273e94d124e5b77001a1ba00ccb9c6b540c0d378eb0
0adf4f7dfd47ea5da26234bebfcda5f37fface7323b24c7192911f29b7b403fc,421737305,976,90cb0518ab5ff0096c8c09f57469c4c5cc16552d3e392ad5a6dfb812229aecca
0ae8ae54daa117c945c5404295cf6472def37f32ced2e9d9b342680df86fa639,423740263,980,1463cab501a1f4552ca4740ab45eb3aea707e3a4ad7f0a166898de4c80479e21
0afb886c80bad4ed2278f997958b7ab2d4adc24da10c084393be2792e8b4bcca,421861913,976,02d336bd7586586b71bf9a476b7589f880a4a55ff179ccd7bf8329e0b0ba010e
0b02ce7f509429a4559e11892a4cf0411418dc38876394c59f22f68d509a5301,423872949,981,e815ed8a341a04222400fa1d6dc8ac7ced03ea519f3f0ca6ffd87c9c73f37e88
0b2460cc2c30f25a9649614c79d75fc1508e58289306d6649b76f3969d63e975,425479263,984,8779ea017cfd1a6241652bad43eeec56b3fe0b554657afc6dd966a9a163e3313
0b24ad51dd9dcb25283a2e9659abb2e4e9140bbba9bf8e84d78ed867dc1e8cb8,424660454,983,41f344463828117e1c3b6bcc32a9f51607a3afd3393f10ba8ea63f0a6901834f
0b6417536c1356f709d782732e7848f8f6db683b259c52a14173ac484ebb42e6,426177894,986,f177b98d07071f73aa53f0f8bb6794af54b3f0da0744c2a8988e2d9ac0d0f8b4
0b6fdde12e3cbfca3ef7a570ab786cd105be4da2b7de624e5a71021cc702e604,421680232,976,7e556dfc90f7ffaeb170f3bd47268d841d0ae8d603921ec4017aeb0e52f2b355
0b73337bd38cf580a8e0f8d11f618625b9a81747646a1d3dea631dbc770e4d47,421535054,975,5d42a114db8ebed002e25a943208506ee30adaa8ba9bb97c2b1e3f7a50c0f6aa
0b9cb00cd6f46d256c5751964fc512c938f6926b8f44071064d4da92c28e356b,426094022,986,1fa0ecab5e44f3e02e6206cfb41898cb7a0f256e98cf99faffc6db6f179d68a0
0bc9d299f30d909184a4b892e788991a8782f8e7bc5ac93bcbea968ec0eba41d,426424284,987,82f432f32ac33a8e35a3ba91af2e2db7ba25ff3955bba861bb69ebdc01b7b794
0bc9f33cfc7a7058a29cdf99c8987b28db56cec38234738149b20a693af93c27,421789296,976,6ea2bbec35da6a13bf46349ca5368509384b565c482dd173e55473036a74872f
0bfcea3f5fc31a8bb5844272e061cd3404a7a087b6604d8b5d1c05664859e02d,425246849,984,a4d096473147dcf5568031a74d7ef87b1ca4f3128848d69ec7e9c81ff835f78b
0c2180f78bf1bfdf55ca475a9774ddf8967b57532876e964b93feaab78556d90,426213965,986,fb187e1fca6bc9e9945daecefdbfa2bf7a7050df029768cf8c750edd840dc6e7
0c2675b2a8203f39872f7cdbb389f1b5fbf4e3db90a837156c144499647a338f,421866256,976,9a8008746ca31b8793ebcbf2baf6cafdde1bf74119f6c27ddcca21c5965a2cc6
0c2f9d992ed4e275910fda8f408778a569e82c62b11b3abe9058eccdfc887d93,426834997,988,2576d7189618c056c5f071c9841e7d52f0b8fada6c28410ee7298a768cf52bb5
0c3912d57f017c43d61ca7379146c20cf22e50b3bf02e9bed701094dfc0f5ecb,420929184,974,dd33680891b9f71e7dd3821b2e76b78efb26c93f98b4e1d8b749682151400207
0c768994f39e878614ac7fdc58f85d7144c9786e2ad86bab8e5db2a36f1ce2c2,420928251,974,f521578e2a5f1ce95b645b37ad97289aac012c47bbb2dd4f44273999e2e58d5b
0c777c080e083edf9c59246097783fe7fa689af8952572cf872dd71d04204a14,423408340,980,03b30a56971e9f386e2af13193d2e0032cf8c8271a876b542152f44ea271777d
0c9eec27f9e2d6ed6a22b7978a5363d385d2e8771bb1810c030ea2190529522e,426879111,988,e6c4ccce14be97e3f5162bd3971832e4def4b2ad5d6f0cec2654e2b16a7f3f22
0ca6177613076d95759b361da6e5fb6b0c18830efb21155fb63f142f29e639c6,422796794,978,9207c1384a9faeef5f5545f6fd7acdf52659f2f4c7e4e72a3eda842d6c8c7880
0cb2cc7b5d30dc7e4ed7d733fc2d96b55b4387abaab7d000e3125cbfda349d49,421765023,976,f549080ff00ca11c81cc28adc74390b12c30984de30f4b15070c9335ef87d6a4
0cb59b79ff7c894a1fbf82555279d6773bf43c442371c95e7d587bfa4661aa17,423881672,981,a559eda11bec32100dbb1a37714dffd8eb361c0ace569a5755d86258ffb654de
0cbdd45c26900a0a50bdb4e541a9b9550eecb8cd16b12ac1f8d501752022f2a5,425788383,985,a9e095dcb6ea21a8e885ccb31c29e83043a6a220e4ade3e541461bc1a7c1a856
0cca5e7890913f1a42f3c434f728780a729f8715e83b0dd3afc165a097fccc2b,426354970,986,d67ccb6e97d630204ccd405ac3e8afe1e58cfb0586db5fc480a8bc2aa22ef584
0cd7ad891fde9841ade5386e0a96a71deb01c04d14350bde2232790a7f19400b,424205729,981,26124b7e07f3f6ea21450fdaf0651e4b6807887cdb1afd982a9becbaeaf88c2d
0cf5231df3bd26153821781fd0c55b287722542e7aebd3ef8e76a234128ad596,426449281,987,3627d807e5c5401fd41cfd1402d5decea3a30ef363760487326cba6b34bdd9ec
0d178f0f18cf8c46714945fd185b8f1ef6d569b9539bb3b33c6c45d44bc19064,421666763,976,b6a54894ddad8d21202db8bae75a442db88067dae11533778b1d38ca7e35c71a
0d46f15b61272270f10934c228fc7734fc19f2abbbe3c2b13874731a9fc4f145,426417621,987,110d40044659a39d9b97515770289f5c46d01fe1c51afdc9afe2fa20ba3a89a7
0d7ba2ec26fa23c4f603f9c9059ba7824166f89211ae620d8effad35ff334a0a,423825917,981,4af3979324aa3a67b3340ccfd27d68d09ca391baa4922347969aa84c6c65bce2
0d97d56660bd610a8301ed98ff80820c94ac8e8ed90e44072ec43b45dfe215e6,424041528,981,5948e04751508a90c23bcad2845f9e9c558deef8235b806463c1517541c32737
0d99233ead9253bd896f075d7ed3c5b52e98eb65e430e9644634bb3a3fac373f,423809875,981,8d5728b041ecd9a1b64024154bb4338a542903d7a5e1e72164dbc05b7dbd0d77
0da8279a10816ac48bb4ebc096601e78ee8a2fc4ecf2e698b0419ef82d948ae7,422636706,978,c6426ab8e600584c88a4da94f56f1f745541aae3b987a2a1841c413b0137d61e
0daaa310443529f8497c8e562f686cace1c26fcfbf58c5b506de7c406540e43a,422600249,978,9052d169e08d1299f009891733a5b1f2b6fe11aa8d18deccb842d0e97be8f900
0dc0ad3face7eaddd22fa06e4c7e67eb233233a8e09f811f005ba3f78bd0ad5b,421553657,975,a4f5102afa955eb43afefc026d0a4ef1dd041c238df3d1987ef32913106d84f5
0dd6987c83a3ae3f9e166ff272c637acb4d0178b1d2b530cc0b54da15cbe7716,426251388,986,1d9ffc78616076a990341c5e1448828ca80c915f223877a095276704c3a743d7
0dde9b9b60ad5e78089fc210f7f5930f7c3753f0a33bea2ff28aac25c95d78f0,420932899,974,be65fd1344e4e0c3255e952491f4b7d864e395d5e8b49f46ea71ec1863306c18
0de3fc48b69c5c182e8ee1e0c8c2948615b7bf10bd23437dd863b7330fca18d9,421799377,976,72bb4e124b3fb3d4ec86fc2972d3892a7a574434fab33847ab1dbc242e7abf55
0de63d3f3260745ea9f9a7ba70be2f100fa7cf9500006a1dbf6802b4d406a69b,425333342,984,368a338eb257ba3c2877c2078d78971650f4d72ccaeadceb3f03582a93bab233
0df596ab6f1be7b1bb98640863484f21fa4597bce8c98b44b234718c02dcde2d,424739360,983,3163f82aefb9b166b40f54d06416c6c108e30f6f282da85c44eec4a984b8f1b1
0df7ebcc9fd465b9e36266c49f851289c07a6720065eb647ee94944693af8387,426714156,987,0280f59f1917c427332e042e1ea3b0a755162679c786034a8dab86ca7302b14e
0df914ac0d4cbc077e2ec311f7948995c19773b78e6399ed6a5873b8b2615160,420794217,974,3a2451f2427564752600b4181a07beb496aaac9d3c504fad1f6796fedfb6f8da
0e1a17b0378008a90bffae78e948a448323469b245e1a59ad17ca232bcbd4ced,427569286,989,957e551d1d2ba8311bf6c1dd12302f08184b036d51fcaa91f942c1c86bf5acde
0e95178e9186a028def80c910a1b6076fac6b7141a092bb3786fbdd1826822bf,426054220,986,4d0b0e56b4f0946fb973c1bc884012774e4bb7730af670e4d4c2d91d9c16305d
0ed1db10a27415d127fa77d4747fd01004672f8ca8662397fb106cbd1b0ebb49,423971269,981,93d2eab2104d12dabe2543be06d29e1b40ed22fbd23211a1f1ebb95908ac2401
0f0dc5a0f295008f60f4208956754763c47e823f0c5dbcaf4d28554c222d60b3,423684639,980,84acaa99ae72ebf9b70ff0c1cdf0d2286c85a1f566160c09bd9320068b5a5542
0f191b895dfb125fa4fd842995fe3fc90ebe6ba0074340ce5e52b6496a76888f,424671380,983,8565510b5ffea1650e060edc6eadd23969a1f3cfbb64c4c978d2cf26e713a4a8
0f1e9f90890b26d55029c6888a5166209b1ef8a8f8c9f3b7b134223a2218f0cd,425240191,984,95b3ae57a12ec55906410fe14efa5d320ece36e8ef78687c30d2e5cc19377140
0f1f9644b8f9c8f5270c024b3a254cbddbd8472eee13d04faf063577d2e611c5,422786645,978,feec41d415adbc13844c3d833f3a7e5697299987528a94b3b838e940a7ab0a9a
0f4d6f7acb00745264a2c44de7f260fe76c065b3045aa8b6dcc10ff6e8822c78,425909199,985,79295872cc2616541681bd360f93c80020c28e32de084e543c7f0287b38a1f97
0f5a0a2564f55ad24e84aad968fcc7df1d2fd4e6a991ae757b405345821ebcdb,426794570,987,d9276c6be66477b9d14a9bbd6de9561c00ef096fa52d66982a093eac6708a267
0f61aecaf6c73172987c4b80443f30a9f6dd24b2f8a61415bdba0b0671e0b02f,427010928,988,8aa6d959e01b484a6e98d7a00c35d092eeec4271dbf9c3f14266aa637451e294
0f75dcac308537377ff2b97a16d2753dbcc47dc944a86b6ddc381c0b81fc45e7,423731395,980,52bc0188695901e2a1cdd8cbfb7a9119320e80124eaf4da4a23a3f8b22866e39
0f9e86242977a50691ad9de52dd957dc99fa448be8ed7743a0063015cdfafcc1,426702800,987,32e48e3e836c3c120a9e55d296e692265196ed0d965a637941c1807984f1661a
0fd931dc64fb13feda09a15854ffac3dfd8b12d663f4f9f5604f91ed579748c9,426753081,987,18cc7526b61182bca852b066b031dd9eff8ecc625b29fc162ea6dc59b97b686d
0fe84b5743c471e9ab202a5366a9ce1ef6228509e0ecf0e446d692eac1597729,423146468,979,4524c51c34da6d8b91d553a0f36ab27327922e7bb6a4947c90a21a15a1fb756e
0ff490b4c61451bc38a56301d061b2e7d8a3358a87fcdcb6992a44d9761108f7,422629036,978,2942b3904e4c5a9a88689bb3d8260b05fb3412398056d19012c1d9581cbf5d95
10160b9643fdd65793fc0ee7f22eac10173da8c3793643a47b062aa23d6a5fb8,427643778,989,3406e6089c4b2d6e2b8cc455a0a7dc4eacd4fa7c5f6d17a74354bd0dce089e65
10631e3cf748a0a3dbab58c24a3d0d718c2f707a9f6fb7ffa9e8de02cdd17133,426874415,988,c4275d9402cc26e0831f4bb52c653ec1c897f5e7446ddf0f9dbe6c80e9702815
10709db713a60b65a36ffc71e17b096f7b47e40a562a9ddff630bdd0e3bed7e7,425949032,985,c4a4d01bcc9d1f33ebae39522b88b1d074e552fb444ffc055e66d7f0ddecb052
107e080747950323c75f8e5c12463dec6779ef6453aac72e03cf321666be7daa,425982670,986,cc0185f241a3f997738318e5282216c5360f823cf6624e650f46a1f987aa8ab2
108228105b5ad74baeb5c46adab026826871bbc18e0d1aaf8bfe96649d920485,425910463,985,fe196bf8e079576491027d3e083fce40274b2bac242d484cb7e63cb346fe1e53
10a0baf0058d7e4922d62af275ae57165d1a4f3527d46bb1a64d653b6369a3ff,426367595,986,f40f6a2d9717a90d754e9cff84f00b2b515ca093c6beeebcb95c9631a7bddcba
10a2792542111649d6cf073879b85b8b13cf690ed17248965920f4155d0090d7,422800444,978,bc3e8d8ec11c16a310800b39827a98cc06b1b990ce3e7692697245e40dcf1631
10afac6aedcc41c6a61fdf67283e8072e5752acc899becca5ad099b9017351d6,427481765,989,e7acfe59e388b7569b80d3543143ab37bee1e502340a9255ccacbc192fdb074e
10cbd5c26ac871c003296155411e5ceaeee6415e4983b8e2a3cf06b559f73c9f,423611056,980,cfb6f9a9eb7de40603dc9fb9a83d8f20f49e7127c86f4ea5db551f63f64df1da
10dd14fe32e9189112f4ff400ab75495e5bf649cbc70d25ff31be85db7ffa1c5,425817020,985,fc06783cfcf4d94a9a2dbc1df12f519159b3cc0afe158333e2a2a14cf1e868d4
10e1c653bb4aed9c03648d24f67b3e5b76ac7c9bd70132703d308fc997e92781,427473960,989,830388bcba93770d40f539376c0d06bb65a60c9fe52747fcf8ce41456b6a7050
10f0c25373e9aea8e28c4fc7f20d9d47dc7b2cf29cc5e0b1965c6d9ebac3824c,423089641,979,56b43dbb46202bf708acb62de89b203773539ceb3919d21b63bc8686f4c9afa9
10f7dd19de0f1a1e01878f4d2b3d0d2a25bfc4a32a669ca3ec47808a85931f74,427090612,988,489c157ef9e0a0dfe719583008eef7a2e45e058232dbbdce9c69b7f30b86995d
1108b73916604c5fba15a742458be8deaf2d9eb6be3a2208f49a1d5257be1231,426055537,986,2f893cf9b2d514fbc9e66ed00a66a9b10a1a85bef02bfb8e3c56c635a4703742
110abffdd6b7506b6a193e45c5c440d5873872dbea5ba686126dd7b5f71bdb11,421801215,976,5154add834c01c6930953e0d3217c01dc518bc634fe3a4d5fbacf87b39e4c401
11118cece019e04499df5c9a540199ec1caa6de3daf0477307e1ac906356cb8e,427481426,989,e2351b68b020fe58c797fd7c446fd68154c6623eee9d9b1e8e0258a1e9303942
11429e2d0b0c68e4146ce4be50784e8a49c12088079659d42374e8744931984e,426386672,987,77204e4e30a59d947281ffe18a63487937e5360ba65a00e6b012903122f36415
1158cb7ae3d002de70d75292904789189cb136b8faa3c90df54e46d06ec32949,423651037,980,241c186d742186dd9ece1ab25e23ee3203c02f377dce867555552ee79f69ad57
116e0230aef59b8322a1b820c3563504040ff3b09361776a262715e11040f691,427195346,988,95094920c697d06526fe3ca6cfb534c762dc2fa2c5a072bde20d366de8f046ab
117fda6b1b5d91de7fa9e43ed8899c245fc1a1a5d1a63e2e58327fc56fe19483,422225556,977,ad671fe638fa87afd67608279a2509a4851b062ea1fab495c28eac13f6599275
118723498e363f9dc7597108bd0d084ee77398f45862ff5832ee83e640dafbad,423952557,981,4fcabb346429439b216a09a0f8db7c72689d9963efa2e0f7f8251d2aff9e5a91
11887488bae865f046e1bc491e5802ad3f5efcde1fd78bbdcddf99f4ea731002,423449896,980,694608233014a1b1c92bacd80747b75112c627403f594bb3da7f59203f06bc83
119b7a96715718416a2bd9cbb3ffaa866023b8cf11de8cef9ba02ea1ac4b1134,426555714,987,7278345d51db2ce6feadc6f991467bec1e4180aeb0ebed576e3cd6bda012abe3
119ecfcf7116833b08986f27f022d1de5a32ff0432330b2ea7a865536324dea4,425769622,985,a7debc682231cf59e031a6575ca7bcb8aa8aad0fe8eb7d7b39a023370c9762df
11a34d17ec8550f83812683a9b32e415f3bd38aa8d3ce28f880faa80cf9e25bc,426821192,988,a83e393b53af6aa05bb90f0a77e6300c38a2a8efe0ce7196f8756794cd1acbf9
11c29272c80293b4c56d39a6d6aa247f8ac4be4464138f9f9d5892069c17eed2,427612507,989,79e5ceae69e6501d666f71b69e3838e65a51afcb5a40ac8577bf50bdee0bd060
11ce6831efdacee7f3e057da8740b46281256216a9e3db42b580d4958daf06c1,423949305,981,8077cf0b6853e7901c68431802e1a7b704fc4ae76819dc4750773cb24660845c
11d88bde0a0423e0b5725b7566ec8da1cd91952628563b2ee2e47b3b5aa8ec76,424180247,981,2f369744a97cc4c32ee91546c3c6eb30250060d6bbba2433c4a43e2e5b330f51
11d91865da2fea862e6b5525b708234fa539b45709d7012453a1f8df8ff1fee4,426747043,987,9dfa36c5b418ee619ab3c4547f33f718122ded90a813475022f0f99543de5626
11db0e89ee6bd54f78a540ec2ba2316d51952d670d2f5b92ee161816fc6c88f0,420792232,974,b32882ff9323b7512eaea4d6a9fe83b15e9286a0618dd593d6baf429d1e2e81b
11f01eef5117a4b573f6d8df69b7597c8607a342cec0bce2e9bd573f79c16314,422443615,977,c48ff876a51938eefbc7af941abe76e0dd6c382684cd001dc2075c1b2f2fa6cf
11f9aca611764414435d845ae64708b2586af3d27dfd81a1e9a5d83049bcfaa0,422781747,978,ba414af879ffa0e2819ce1e46712e3580cde0ead3c0fa0de2500a86b75563e6f
120c07476cd812c9fc6623714a0e32d6947e51e3d8d0bc66331e4f7ec27d7963,424010295,981,478bf8739afb5297764585fb154ad3e7dec952837ebd5c8ab913880a4a107aed
121bc1984d9659c38a62ab69631e40e9d9f221f780305fd17181afdb3e52d327,426770023,987,aef3d49ce888d5f7300662181f14f01e273f8e022290b59361aa87194cd8a0ae
123550846badf569dc71beb2ad8a00bdffe9881bcaef02c5fb44882eece38db4,424081889,981,6534afe52668e8331fbccc791b8cc745cf203f456623bc3d96b61e710c37b748
123780e60e51b01b40e540f6c815c0eae5cf064dd412f4804db98acac3e7b235,425817316,985,4900fada7423546bf7d50ddf76ae8b496385a66c22386e15bf7d40709f16c781
123c7b654ff80be01a0442685f0446ef3b4e524d706eddfd0443af585a1ca113,421888842,976,4c1230c29ea7fa5da3ecf551ee74c45f488adde10f363004acccc0593cac81b3
1246b7335c0be045436d3e2099f4e059e7304916f77c8884f603ff9a180e07ad,422789006,978,5a378bdc54d67aac8b23555b3291c184a02d12e29cef131cf058f552fd4abbe4
1257f556f8270eb96d6ce05b46bbab0e455e490d19a04b7da70927ecb3bde0d7,425868641,985,1ffb13b3a10aacbad171915920f135d2e0e31d1894be73102cef0204851a80d1
128f417a8c06e74e65c4f900d318652e6461f4f4455e59f32582a9bf51143b4c,425847664,985,c510e5bc61a7e08e312e2cfbd8ccd3464873d1d7750ee11f444971660266d328
129f23698197b906b84bd097e9ebc419cd10bb008608caab5c89be76cef04ef0,428085704,990,2b2a2a7820b8611cd6f7f58086da99f2f70835f64cd22cdf30ab1490fcb4128a
12a9fdcc675a0e46ebba62af817acca3f2b6907bb0e95c7e9a50390614c0de20,424382566,982,512c9d7797b86ed24aeba29f6a48df44fcf139ff9414e387a726546ab9f26cb7
12b1f8eddd90b2a4301bb6def4fc0ed4956f0a1354fdac3fc0df85f4069ce30d,425629899,985,eb84be133c8a6b32b0e3380a58d3c627795f488b8ac54e4805d08eba83f5b037
12b2a044d65e5008201f22b5e87bbc43b29b72d8a5d6407c3ae1649ef327eda5,424373329,982,5e79c5c8cf823c96240d66be4f59d6bebaf6d0bf468436fabb71a3d264eef444
12e9cccd675b4dd18f8b38978daa1a6c81fb25d2bdc6fc8c6668e034443dae1f,426587063,987,de801da266e9b72c5d2e03a8591fd1e623bfca1a1743ac89193ef9e5438e21f3
1300975242ea9a7462312489305f68ccc18756f304d620593858c913c9af39f5,420825262,974,b0a5753ea86c4e322346f3716095d1d4ec8c252f047bea4d780b191dae83a78e
131dd242818642e85733915b5e36180f17c2c4e5feedc7ae2f1aa3005bb1f1d2,425260450,984,ea086277b9c95ac35731ebc46812f910aadb064ee6851058b4f9f1ccc81b5f87
1321d3344e556dbd9a45e38bff47940aab355ccd01df17fa5662108c26bb7670,423300086,979,44e006006dcfc5dcf330f012f2a9c94faa69b990f48fbb88d7c6e9d513587641
133da80092891fd3176cd05d2b6432900233021aac01086227f1b275c816a512,425507213,984,adcf2a25f98e0332179bc0a4e3933d461c3c58f30d7cfb80ca4816cda1243732
133f3991e43f21717568a348b0feecaf90842acd16f2116c6ff9113135e70726,425798343,985,9bbfa238afc8427e8bdb15813561c63086641566a99a4bf26dd84dd5ff7bb8e1
13412188c6950f22a4066dd869fe4eff9669a7b01feb12927298f779a0847167,424011806,981,7da049a93f66cde22d35081f3d7022a16d1ad034be26f018927f9bf7676521fc
1369facb0a316805e33d2e995e5774b6e819a3d866e0c306fdb383546586f464,422787872,978,d347c633e843f26522731fcb8dadcf0fdc3cfd4cf335c368ea42ba8fe18c7125
13750ba28d8b5bf382a3cac8b176ce5631926072a63ce333af16914300d3af6d,427534193,989,6f724dbfe53359635e183d03484360dfbc8533d2a509afd1ccb85e6b0cf4ec08
138fc314198096cb4f048e088b5b4c6e14ee421927ea3231bbfc9c67a60de769,422803479,978,268490142c87443ebcc95cf2ff91a88e0d61ec9d9af67861938cd6cd8bfb88af
139299c7cd54390b4f1d53c5f09e84ca97ca7fc812498a4a5047358dd1f7c992,423531775,980,e6703c1814cbfd71d28ba218b15f878e3de7524907747972f895d4e3b9b88f76
139a1e2c699a95efa30242700f684fff7f5f399edb5f879753094006a9c6dba0,423766633,980,e1d851e26d6b407f592d21d48fc20794c7a458e17ab78100fa3fafe2a786e0bb
139cd5ea802e3ec072c2cb5648388488feafc39c2088c19b78fe148b9543831a,420929516,974,3994e57bc8f385f0bea551d7217094f6b7fc1eef6d87ad678cebab44608f0729
13a198e09ca0c57f6ff0ff4199032d8a8ffd855048714ac99f7138a2d13b842f,427009725,988,5ba20ab0f554a0c86548e3fea483b02c7643873e2f6e5c6f1f3245d0f59f6bb2
13b4d40c41b0339135222110ac0ed07e99191a27e3c3436120b4fa0c9312649c,426250043,986,8bcd3cbf0ef68131e25b431a1bd5b9e0e19129202d3a049b1296c1df0290bdd9
13bc01bc2918d145e10057bb21b23ab3cde46737c2fb6037890bbada1e3d1144,426117836,986,fd651432ec591242a4aa4ff08b0d67375882eed4c4c49bd4d2ac90f47de6badd
13c437a3d09be09da25de64288a94530699f4376bfd1eb5c8bb736296d555c32,424212227,981,558bd43d782f155ec34c4c21121e876346a97025afbe4a2b4c367dd54e60ba44
13d991762cebb497ffacb90f5268ce383c5c55e7ac10ab6f0968eeae9f8ece94,428066806,990,de381249181382d3b41516b35d151e5630e02d8843773c49722886fe05af8636
14005096f846d506cab38ad05123ebed901e10042e0c2ef1de9bab2e15796fc6,426772985,987,39e9d1d6e5162798d5ddae5730beb09acc245cd4c784d78788743387fefc226b
14130d748d47f17b7cb56d97fba30098b7eb18342c9630f7f87b17ca56d2b863,424725857,983,bd30fc08f59d8dac24ec1811f6ca31d31ad4cf6c7b4a810d1a583a6784f7e789
1414c2f71d52e5e4c14da28503ceb55b440860f1f97f131d65ca2c232ed5c594,426214601,986,9f5bf2641b3f8d2fdd1efd9956a22503151f454bb20328ad1222908167d929c6
1417e83e563b346a5b0bc23f07bea0f3465d258dfc21ed349f2d61bbf91e5514,425248351,984,00a411dd090e52c4ee3aa6e7fdc7f4c77c12df190102e08ff53648889588b60e
141b333aea0cf7649ecb778b5a67aea195383397e826dd299fca77e155621a9f,421807066,976,e01724cb6bacad49a41e6e7279e5c105435cdff9892ed499591dafc497902605
1438646d54e077bdf66b76ac01c783e7f4cbecaa7dda90dc6b9ea928ee457983,426512259,987,73e2a01bc7f1ba7f11706275b890069bf934658dab8f91025a8b95c568d6b107
14399f0af336a4faf822eb9bbf00cde35b70cebd0a513763612afbf0fd507e5e,420902064,974,61f6b225dba5d4ad8d37fd0b06b6c1916da391ccbeaaebf91a4fc7134483ceab
1442498c1822baf06ad90725e790a082a5a0b2ace38b330aaa698cc8a45add33,422002639,976,23ad84c8d5da624a352e928d8247bd99a5da7f59e1e00b7e8d78e21eab61c753
14637def3d050b59b23e0c5b3bf0bd2627828df4d38da2ac4b67962e9e475a38,423801821,981,278589cefc829ae9da179aae3c49d89cbb604f09e6f4c10445ea69f6941ab3d7
14758a4b9e420678b55202d24e8205042799691541edf6d46a7b2380b1246386,425780636,985,43e56b90005d8a56cbd2ce08ee708a3fd94e73d81aeea4bfc08080a7e7046240
148948cb5ed5ae2a4b3f0e9c7617fb772d617a159fcc19d750ceab04cb9567eb,422784636,978,efa406a692b690c8a3bda9384924ae6509734bf4ab95a7d5cc664de87fc6954e
149a97ac13d692e194c684e7b9dc34c5d66d706c8d7f22e2a6dd99044af4e522,425641779,985,b81cc9868ee3e6656626a8f619aca0085a799b22db30e41cd8009a7f72a6e6d1
14a42e56481e0d8758d0749694336c5c76a3eacd3d2751090198bd69ac0a56c9,422019995,976,370c32679a4c44f41e232b61395e1429bc50f0d18b5147f831e249fac341434b
14b1adc566a807f90d04148f9a3814dd9e6612fbcabe40a01c1047b316825356,426164144,986,b6040bab495c580570a642519ec517ec07d0b2ff47b9fea123f13bbe8a8ab75a
14b5646fe73d99d9b5bc8afc918338557e71c4e4efee31da4d81eb813d6545c8,427804653,990,66ddd8cea4eb46206757dc79d7cfe205035e06d93659d87ce8751791c0027f5d
14bd1101974249c2a79ca6dd0a921dc92565147ac499d582df0229ea4b33bb30,426235736,986,fddfae10c2138f20ab38ac79e1c0f17c2f95aed2e83dfb4aeae446645579498d
14fe5b5f770e8a88b24ea54ef99769666477500ecccc860e300ef968c5cbac6f,421711791,976,3e8248efcbb624317ec22489f3f4455bd86469d5069ce6596ef165aca7435880
151273d4414bc1a5d0cf51adc3ade4b370dd556de45b4202ab0a991d439ac54e,424265957,982,0dba12d401b0055a730637586b674e7d40cd5bd6fe49771803082835ccb2ae7b
15162e5d5d5210e532c1e6efa14c552a236cb7af27a5850a086cbd71c4dd5fcb,423746100,980,29dfba34ba69281406e35a2f1ed4371bd4039dc26fecd7b1ebf9b454b5299813
152207355ba47ca10ca9a1a9b964d62b3f94d87e4aa0d13b443ce4dc6d6b7bcc,423938141,981,8ae4efd89dcbdd6ef9045b1f53defababe69c459d02d27291ce10a4d22f9ceba
153d9a85738f3b6a17976cebb522d1f92f185ad48bbdc00e019b0e005149acf2,426569287,987,1c8f98e69aabdbe68042bc15922d5d6c16ef75dd310abb0850974fe047c948ec
154770c926895da42844596a1e61a2b94e58ce71666051442e7705130e60bcdb,426841054,988,2793d1231b58b32c9c05056d04a04689b7f7de22defe840ef2bdd56e84b9ad83
15485307d9b19e5386866afdad732233c423dc1ad7ea4b696b6e3e79d7d02adf,425199733,984,2de43af690d3a2166ac10720e75f75cea12c33e1cdca10bc00498137bd3d15d6
154f6b3aab2de4bae0b9e1677736b9e3d887a439614d5407177e7966390e04f1,426145838,986,597763ff8c1392e9ca665e00a3d9b1fd8bcee9175b867c44467e4379fe8e4f1a
155764ad1e8fec805693bcb1f9112af989eb4db376116ee93f355bbc608b06e3,426349400,986,458a40f1343566590fea37241f4615c33451b24d2e1bf74c196bbf3ff5b46a97
155cde432cfb5c73371d98c5bda8abb9b02ec2ce15fd6a684a9bea7ee37d5de4,420797804,974,04e66c54ee578cf6dc776053d964b5e3e43a985d62ab0ca919d627b2e1824736
155d1a12b6e5ac9869efa6481b2b5d13371c468ca7e273e33f81c3aba1fbf7f2,426283816,986,f4cd1799f4858d1d5a60c9871345ed334d8b81d0749b68e6735ee0d97c25a222
155e2fe303762960b11f3cc505b6e57c16587ab461c13749da2c2a89a8a900f0,425894775,985,4a73f7928467b8b693bd1300935f508ce597a27b9d3656a42f9ff6a4cbc4f091
1561f6bf1df7e0723fb35b464524d4a82defb3ecb9b8b5a4c720443298dad261,422780827,978,6b02e797fb40c585b432c14601900c3773db770fa1965a2bb786b8775c9d9c87
1568a9b5c829e92087aea5ae6e44c745514205e186021f4664440badfadc407c,424008789,981,47b1aa35b0deb114e8e84997b312aae2b8a6d9d97819ddef738187e81bbf6c27
159c5ca0b4b411eb45ca35045ac45e09d69d23302dc83ce2f28b6a679f6db343,426959776,988,d477976ab1ac5899d71db64bb70fa56923b93a9f6694418792d372f3e65c2b70
15ac0337e38e82065829fe20c539624bce55045f97a5ed50002d761b4ae16379,422816887,978,1fceb5d03cda91e4706b63021d29384baa45c08704dc51dc59861e638dd5296f
15d36531762e1026b5b28ceec9cd10af23bd585dadc4966fb70b826c298941fd,425170938,984,2ac995c422f20f6e7121157d70dab78ddf7069998a284db076d2d5ec0207144f
15ff1f5dfa13f4ce9c94f51d0191e31639c809b92fcaf4b7b318a444f7c299f1,425715724,985,a38f0501c21a4826fc2b56d4a1ef7da889797a23f941b7ed372aa4471453c19e
161031c836139381fdf01cc8afc334fe7be44cb717ae70b80f0b207d5f478ddb,426102394,986,60417bae880cd94edb748f8614c8d0ff9753e592e19d453b56e61993e5957131
1610a5763192be74f9aa40bed3823a49e4a9ddbe3bb5d747ed9bc3b32976d64b,425500942,984,d6a5060e8bedc2e2a5880e76c6893d10ee595dbef39e1411e71bc144b03323a1
1622704eb8df804bda691eae826ba58482107f7a3df69e837ade74c320d010f4,422900448,978,e5d293df92ac07aa7f9cc5745a3191f73a8c469e15cabf3ca862874a8193a03a
16573fcce9fc573d6cb644772ab3e6afe04ecab80234bcc73d6a82d0bd0c8e2f,426187055,986,c8b888579d706bbbb2764db0635ca70ee599b4df4bbad3c3f8a979c60eeaeba9
1658081dcb606ccc56a48efd46a6b7b417789754a72c406b1820ff7e7d49bc92,423914572,981,0c98117e7288287c303cde21cbd818d28123148e52aaf9813811cd9f38e3cfef
165bda97dd11974d43240da24020fcaf1940c4cdce256efb533c2e2703e132be,425897103,985,276dbfd3eb3a79630d20ff0b0a631d1a3048f293373329ffcf66924086a61713
167a9b10cb5cbbf294cddcba614f97fb8fe9f498c7de597e01d0ad5318248bc3,426039867,986,1d0d6022477966d91b7ac975b0de9e1498f97da4a578e7147a005941a6bd0f56
1683f9a412012f1026bcbb82f6c799822ccdb2238d2a9653d71a48e595182fc8,426461744,987,37c10af56d9d596c4005bf4f555b8bfcd0d774439e2e87f0fd275eaf268cdc16
168652a904c637f4996b20e1fc3a5c46d9785cf8ff31cf2df6ef31aa2e902da2,426477202,987,840b6c457da5ae8ce9bc51687042d6a341ca098c75020223d3c25e642ad5ad31
169c0bdaa5937d170a6f012740b991a92959f192098a92710e20bb9eb2b54173,423535344,980,8ff9bc463485bcaa90157f45f543413b0c967a5a363c982e939388ba357b983c
16a3288f7127f75d6962c890602994caff7aac71710e145a550e18c9b08abee5,422385646,977,585fc42fba58d20905adc09d86ee789a060e2eb3f9643e4daec818e87e39a15e
16a4d4787c125266b581c0471906b294caf9cf24fe5bd6848557a1447aabffdb,427148756,988,094c54f9622f49ae860eb2645baa6279499e6a52a33b9632d745722505ab317a
16e17ce51942ef59b63d9ff36ee7805698f09556b1500ac5628b5e83a4057142,425781117,985,3212247f62a9ca7252a72a760c26b76c328453b70173a2f138d67cce535d5b92
16ff110820ffea9f27ab89118d2358809aec9b4437988abe6bc7e55f7ba454de,424404320,982,6db8df3b8db1c8f7a1a331e75d940b00e9926aab1cf30e0c5a7a9f1127e3e9c0
1708688bbb992693ea6041a4f4210d9eb37b4d93ff237b2dc2ee531fcf754fed,425877036,985,7ee2940e095cd2762354a9a9b555a16251db39e15c201885a61c698c380638fa
171178dd123cfb6843bff946b3684a2791034a2e2c778c8f1dc5890035fda096,425792353,985,037cdaa58175b6b439cdac4e3eaacc5d5a451098461fb379ebaf73799e1e64e6
171764e13fc648eab7eb0be17cb85f3249c4b004d28e47601210685984e9b8e1,423780211,980,ae707dcc52403c1dcf816cdeccb25e0096a63c8bfb43e96a5ff4a4b36958bc13
171a39f94a1d9fc4e6302df4013b726fd19183cc01396cbd28e2f80b38e6950d,424177880,981,0499cf2704a3d2d046f1aa20532671fc8010d831ee112cf2693b0bbe9e07475d
171ac3e31211fd1f92d91f4c11c7a07e3a8e96457a08a652a2ef56bcb2c5dee9,422798570,978,3c84d98706efc5e2ad2c15ebc384d73ce284af5d4727592b20609d9ac73d356d
1726d8d3a33304773b1e1fab2f5e3c6d5adfdefbaf8cb0fa1454301032404ae3,425946574,985,aead860f032d2be5d77792eaa4aae645a1f5a199cb29dfadf921335b97af33bf
1767d670d60293b0021df594bd9f1e2180c9fc8afb498200f042970d4d330d85,426911396,988,37080e7b4be92baf93ef1cdf3e7cda241ede9f4b51c87cde0b66c2b034485446
1768b52cce20a619461b3d9584f4d4f162ae83a9daaa2d95ab0ecc76fceb18c6,422487047,977,2c9a914c392599f27e0b5a67597b8d894e1dc0df21eab7eeeaf06c531b8660a8
177390d5ce5947c3b74b777ca58d66abf4fa538a90f35bb7fd1946afd6ac6020,425436819,984,c586426fb6d0e49d512984d1a8d54a943046f76788a8d3175c339d993f3eb92d
1784a718f772e497e839bb17508f6e3e3d36449c9f01ca44e7f3bed3ce906948,424558058,982,636994fb538332a7ac57831468804619d83aca6a7533b4c7465fde8ff594023f
178703f1ec8295ead8f128657258e2c2c28fadba4107666d8ea4a769580f93ef,427248805,989,1552e39c2be8792ad8b7e977d9e363b15f3b81e1c5513aba5c2c67cd6d79a321
17a46889764fecf185ff0891cc16a57dd848f30d8bd55ca0a7b4331d7819cd3f,422407455,977,2a4f8f29034d8cea5f874166cc5f1a3a1eef137d9629ecf3f939b13d1f9f2f06
17b426e6d3574727da14f4ad0edbbdbdcbaa6f4f1c0add65d35b49bbf56118f8,427634496,989,94d4dc7f0ed2c2bc0598f5c09dd2da6c8f5a4e7e3fd0827958d311ca11c13f6c
17c1fb2a2c06d0b32e30d7ba8fdbf642f011be160aa62fe7650919a10bc9f4d0,427886685,990,6d5780ea27a18517fec2fed730704c22d109b78d9583fdcb6ad42a08df5adb60
17c6ea8abd7b453130b6160ad7b7d7e3098aafe43db71c39394fcf6f184812f0,423958223,981,1a40c6cbd89487d5ec895653dca3b5e3b8b376854f9a004e7a8b371f9b8cd3cc
17c9b946495e3c8ed2e76cd07d7282b330bfd1f2a9d59d0381eec97a4bbb116f,425666400,985,ab2ea78796254d4aa65fce48482a97095842cf9069492636b2f1f3de7b81e116
17cec5c4b9f32071e1b7825c24c7b7cc22cb59b532dbfead76349dcd53011b72,424242836,982,588e0c4ca5edd3d495651845e84a113fe949d3fa288b2ec5d34465549272836e
17d10850a41d0bbb94d3e2693460c986e9eab0d15574e41df2c8176283720c01,425789306,985,dab8f17671b461f5a44ae256d892ee7c7ae7f8eac2efb4c7bae6511e43acfc22
182336d2e11bd6525c1c69477f51f1973d47638e403e4d7dfbcee55829eb0c45,426977759,988,3413ecb0e7e08635e6e5d1658627ea198205fe0235a295113a19eb10141b571b
18242e392d928e051d2a90e737d9d010389f494f2daf26361e01ca22e7d40202,423801200,981,f1d3b9afbd80b494d06aa96d9efd2221a182d47505a9ccbdfe4b25cbddc075e1
1842059cf2deb69421341089d91a07b99ff31c0b85096553ec714365d0626058,422806319,978,163781e4c072f6cdbfd0d9dd32e5a9ef560e679694cd02408f3b016c43c443a0
18564987dacac7f19363c883d219886ac0e43e1e879a990181689897581a85e2,424764109,983,2542709651cfc9c62603fae3748b331941f98e060b8f30447911a7678c8cbd91
185b7318b5ccc7b53a486bb65ef5ef005c8330856b5f2ee74b474be521f60114,426694211,987,9911f7bb8edbda879e20b689ee9edbb537558a818deccdeb711a18b3093bab2c
186ed9c090b19b274ab0ebabd81f2ecdd522a08b4828730afe4e32499c018731,421519464,975,891a57a4962e242b2a09159b2cc4df942e1bc3eacfe20dba5be54b16aa33c843
1874cd6195a8e84f38b51285177357f621002ae07d86d303a74c2e6fc43f2e69,425670955,985,0afbd57a6a2be29fc7f24d5454c0d67b61a4065689063c96643ff6e43e6a77d8
187ead5e70f50b450fdd341dce4f2796833a17a765fd610997a2cbeb77f854ed,426807725,987,cc48bfa8c47a26e53bd9f1ce0b9724d1945961c9f674f722be3444b24dcd4ff8
18899524f707f03e115539363e9dd282920d4d2d101e7205beb7b2c0e23bbea8,423238382,979,f569026d6620fe50e82069f5bd276a22cc8b29361ce58efcd8311320df39be83
1891c5b1e3023bbb776f816a115ae0652c489dd0369ae932ebab4fe1b80b717f,423805501,981,890de31af26b0f0e7d9da3672ef612dd1b9ba41df2cf253f6eb3393ead7e8fc5
1892c3d598a5cbb14c9b37cac0065ab3d754726572e88b98d59e3926c3308d59,421237677,975,f6554360062037778f208944f5df0b12ebe72d665211cd869a140b09353613de
18a96d080e09f89018a706d8762381a769a31447aa813e72a6eb315e1a56d494,424742274,983,0223646e69414dc4370196115709008d271018a3dc171b303c4f3093abd6bc7c
18c2be77baef1f6c4642a6d07740e87ca6254e88eefd75e68227b692f693f830,426079531,986,467bb8d5d030be0eba7b1ad8887c31f148565bbc2db8936ffa50de06dd2cf3f5
18e802b7f45df6df409987dd1484c9f3e73f0f8402bd58246a72aeee9f9820de,422795296,978,2d4bec6a4fb81017008b0a43f5f354ebc0dcbcc257256501418e1b5d91a99c0f
18eb8cc813dcd6998dab84d382f04dc0ab0650aed2857cf47db21d5bb5d23e55,420797516,974,868774cd6e7916d30a42246e90d904ad498a057f8396b9e0aa4605903f2e4d86
18f6527e38cfaad4b4dad99fba38cf62ffa0d9976878d80b7790ceb5a2f07576,423128009,979,f055db9a8a1e3a5efb38e8fdbeea32b207f2e32e9364d3787afff18c0491d4bc
190bfa4d1bf873249c9d683d649c755dfaa7ac5640d129fe9fd75d53e07d15cb,427764399,990,5fde07d4a887ff5941804e9c45275fb043a884889fcb5cce71378616f8f86cb3
190edc0580f59dcf407811d36ab8ad0b105ad98c638a57db76cc2d2ce402e7f3,421737454,976,8c30d858e200f8cc02b1a3af508d305bc32c384f8ba97b20eaf03512006e1fed
191500bd5e40394939e8a45f4c59b2bf561a7fb784ebdfd9b68116394eb55a3b,421403216,975,85ebd8c67b73a6f039a78f09056ce6c09bfe5f42edbc21a4202ffb0f9d61a221
19174de6d0f3f835bbd1093cea3a433b889d00c68eb18bdda6912a0c06e3038d,425255164,984,419b7ce7732c1b6b7eb1aae834863e7d53078ade897caf711641c7ddbefacd66
191efb86aff16fd031399929ac6e004501f89424fa284a2b4e857fec6280dfbe,422380445,977,dc8bfafedced7d21d1baf71420a5c2d2c94748d452f070f4e80fb1adea5157b5
1927ba2d1f4f94af37c0ae7d7f98483895c1b3f24b4fdd952b95e19236c40f36,425562814,985,8763e3e1fd7904865df6ba18d2d8b5f37d9c08f89b7851ec7902ad136d5544e5
192880c8efb2dea5e72937f4d5893ca8415f10515ac432b9a4b3ef1bcc2853f5,426668507,987,f8c7c656026d0f720785ed29960347910cfae6767d5e306bf5053373892e67b6
192e9760410a47f66f12c0dce8210903d97be807b28a8c278818112ccb87628d,426870625,988,47a0bf1f94617588aed60b172b3d5d6d9afbfb6dfdde0852eb01eb0ec3874d6b
1942230044377ed54e88aee89afe68207937e94e7a2a5a6312b65b3473bb1c08,427481513,989,b6475cc66e82376aede7481f7f578db366b80805a659f30703b226d5ecb1a9fb
195350f3e2aa4db5a9c8f8d61ff74e75eadd836dca8a42e66ed686780f50297e,422389720,977,1365d04918a41bd47431deeef2db6b8890806136c2ba46845a937b42fe7f74ba
198391447991a7ee51c9f2f244fe0c73fa2601de30777f89f8369c1af938da6c,426822884,988,c577e659cb8824b3676f61484e7639cd7b2a5d70d27b0235ad824ecd4a4b3ba8
19adff4e78de0be70ceb0a2e2ba590cee8cd4f4a5a88708f66dab49d1b97d07a,424924102,983,3259fdbfc45fd4c0aa02b6ac04ccea22ffdd8fd22f0d9f3fd04856a4414b667d
19b57d9cda9b2fddedff881c6b1e3a0f2a750fc17099cd14f39d32e847af1424,427326827,989,f06686c58283d486dd7126e502713b2eedf732206e127736b7061407d0377afb
19b822c84d8815b65d3e1a7fc6e9f0a1ba52035f446fbf73b281bdb3a5c39e12,426904092,988,592aa053e6f85cff2f490a3b9fb61e1746226651c68532e8557dc90f4f33b573
19b96755e40714fb222544c5d32a7bb3414fab5067584320922f9595d0c39784,421706033,976,0f5cad7473ab19798be0921f9dee00601126cb4202ae1da14f47736eeabb050e
19d8852f35fcce1d398e58290ea423446a48ed8c787fc783bf7b4ee6703402c7,425679594,985,e9d0d15aefb3e5c0b3d5f647c261dfb8651e19199feb025978f905572a1c37e3
19d9d9479f9d2f9e003cd75933b0b91deec836de6143eb1e72169be9bd033593,424068453,981,0a16318f4dd5d95f949c00154f38dbfb6fcb53395f1a5be8674b1a61bbd82d11
19fe99fd4be11df66d525793602692b2d6e591a1d282c98965fcc72b7df1e297,428057262,990,19131007def722f53d89c5837206d4c169d06712ef9126b123f2868f9a51e0d3
1a0003b8dea128bf652e80249aa2e57dda8b56ed140a9b0c41af573e29379026,426194796,986,d56234d8c81c2282ae318eac2bb59a34bd50a3dcf7f87b301fd122bc689dff85
1a077a9fd9a9079a72794715013f9c980fec122154d3e34eab17b46a70e83787,425689415,985,f4476ca2bf49776508f76887ab7ef377e96e17c152e11c214885f0958a803021
1a194dfa7c8f78c217e81535e046edefd2a21c3c61144b9fa1993b788b1334f4,422786484,978,a2510afcc16c51ffaed48958a062dbe884de85871dcb41c44db9f519843d0a2c
1a1f41ad10262a2fb8d43d1e527158338116ebb80190490a3ce742109b9938e2,423302255,979,fdb7ca8b339a7d3997998160a134de3e38a669f99932c8e4e4241704029c6202
1a3c6ad816a7605889403bc2e3225865c52a7269d70802063d12e003674d4db4,421336445,975,4ab5b70c172dd2e755a370b37833091fddd44cacc4c56270035529d5711f4ee7
1a4bdf9d985bfaa5786df04a1a29c283ff1dbb09f676fcfd8e1c659439435459,425214978,984,72130439dbb3a20feaf2cd67badee52b1b167b325bce1d2b687260e242e8f026
1a5d0d4dc7d5fbd7ca9f458386c9ada736c3b905c327f2fed96611c8422a87ff,420790528,974,2a954a6b6a8b5c5d06c23189b302053410d4ed72695b51542d4fd00805830940
1a7544b6519f7b78308e3c339eb4faf4ea1730f0ca92c2929849a414440d614b,425727221,985,e6e9c00408c9426dc114b77e7a48bf1ff33f4637d17db9ac191d3a9cb880b584
1a880eee382822f4a494b1e491c893457de9a21662d9908e7cc140ade8063f2e,426173204,986,0abc4e4629ef83d8de6a88985c16050fbb1dc1af4dc822182f278365b7ad0797
1a98c65e4e895fdf7f7a1b9317fb192514984fb285e000757b7f5306f39b5b63,425908336,985,7cbe7dc11ab8fe955d4fb3646d8736c3d392b1258375fbc79ac2d028b80746cf
1aa24e790b29316f4c8ba71fdf4a24a91f4c1a158c01dd5a9af9509aa0020c46,424193679,981,7bf221b063a8abcbc10985132be438d9f60505dfc37d5ed96e512014f0ee445b
1ab0ccb960086ddaa1aea3429a1040a2225e1adb9df247c1003ff6ce0479d9a2,424313460,982,3a89dbc8340ac8b78a835d605ac24b7fb6c204f6b27afa6a8b0c436dc3a4b6fa
1abb858720dccb24a3eb99010ce99e5d3562b92732a329201d86cdde7bfa6ac8,423785484,980,62c2ca5903c344992efb5cdcc56624e64241c7ecbc62e095406ec375a6ca32e3
1ac7efca57ac66fe8b99bdb124753390a4b9591762bf5ca643befb57a97c3110,426378967,986,76f8ba5443b56125e433dcd1d36ff290ddb526f7089adf61d1833d819f2c6422
1ac9240fd80a61f1f6ec61807c556aa87f3c36ab5d617a4b7e7bcf76cb61275c,425320079,984,b474e572da764c0f04b83ca8030bc8aa32ff9cda67a778d97ef07bfc23883626
1acef8d8bcbc3116927d066f29012160b2c63e64daad2af219dc0906ac9c78c0,423885949,981,14b2e0006759dfab92d027935118a58ea0a3b703daeb4032e038415a2c35fda4
1aec519c58aad9b4d8cfe837d78203a3769e4b3cfb5cc5e30b8665ec4275e4f6,424204357,981,f5380529cd92ade93f809af4ca7415583347d9ab75aa92051afa008744b3066a
1b326c9cfe5dc65a8b5717393691592338ae1942e1ba38f34acc2df57e38b947,426629748,987,b66badd4dfebf712f0f665b17f832c08bf068f20935a11608874d2b20b2ffde4
1b416fa82d2768559259edd90350e6456d4e58f3b24ca765ddf7bbd3046f8e15,426822009,988,76d54d9ba3d8816a13f3dcae14f032050b721dc5aa0b1920a3921aa83eec6030
1b4c8d18b5633f1e6c6a4573d9e07e40fe84dc58a55d02a871740898b2bfaf6b,422797829,978,14a8c3c3e99d148ef0265d5c78d1aece2c41133291064e92b6db36b7e5501603
1b4ecd9e6283ae460d981d5df08b7a38ed33cec2e45c094493f7066551260bb2,425180196,984,75223fd7dbcaaa9a7460d973525022db5d09d36e0f689c3c1d52c15034546f27
1b6f5d65d7b05d31dcb12e12437fb14755079803dd9dcbb90375fcbdfefb6429,421831540,976,cd3f2423e686a692bf9e296bc425d439746e8f6a05c7411e2b54b15d88ca7e83
1b7ca532b87c280dc819d2184891a8556586453e0ebdb11504567ab2507b4bac,426150202,986,64c9cc1d525b4723e8b3c8e2c423d0049f85af6e48a67741c971fdd2a994cf81
1b9696dc461ba83d6935dcd42ca12c9c4b7c4e7e025d6956b8b37bc36d9743b5,424097373,981,9a8837a31a3552874969ca3a8da210db76bf34fc90f77dc87b59f3fdddadbd57
1bac5a2f5f9c374b4c9b8aee84a88dae9d76d8cf94b54e9c807e26bfce1468b7,426818084,988,ab8bfec2069149daa38cef32aefd5b109e7bda735aae18bc341b2b40da86c4bc
1baffba875d8fea17ad0078040c7b8ed4853d05d985ea965470fb48e84007961,422255178,977,52c8a502f85a685e9b5b9f01f757d9ec562ac9d27697c43c5ade17b6799f4a1e
1bb17f8c476aa6fd80b6909752f77ac0222a22a48ad1ee94f22e21f4c42c3550,423873468,981,dc8dc98194f47abbe73fed527cba9947a501b5e944c836fda0bab81cabcda7ef
1bbd3ef3961defc0902497f27bd0ae03a277a6501ea274a165016a4ce0184227,421464070,975,b95695c858d3e0246c27522cc5c313bd225a3eb3f013560623a59ceebaae493b
1bcd324a37de5170b00f7e58e0c647df92cac5f2f58a8e29fa14f2947459e37f,421606883,975,d9f1288dc117766ba0e6d3b3f222bdc7382e97583662683a0febe5bfeff0bffd
1bcffd46cf2c233e88138e9691500247724af710d4f76469a17a9431a2db4a47,423524484,980,c367797e60f9aa33e9cd6cc861ec32dabdba37733c0f7cd0d3c42339a4a01255
1bdf6fdd5b893a8d4249b31eef2787a5088d4ecf9acb8473448fe6542ba0981e,427443999,989,bcd55c3bf5ffaf49c1bebe6157f1c100e39919c3aa76c0ed851a650ab7b7d5f9
1bdfbfa1d5b9257ba22e76e99ae94098fefb962ca22590fb77d370f882c3665d,427846634,990,83956504ab20850417d66433587904ffb8231c530f1c65c5edbc827bc0938e5a
1be59fb07c45f37075b6ac3fb4cc4dc72e9acdc8da40beb645fedfea13bf84e7,424384199,982,99019e0cfce07b5ac8e6d2fc5e65a5c73da003a8c0253fc64a0a296b9dcbbd6f
1bf22cc85adbeedb303eaf703c356ae3fe725e41e8647b2ae7ac87c5d82aa995,422786083,978,e8b675f2947a5cec77f19818ac15f2c6661256cc96fc2259fd5610a66c7f1c85
1c057b1632a0cdae3ba8f7a67c36af2f034937c6f2543e86960a600a40a4dad4,426050610,986,622d1dbb3ac4bf835e96551dbe60b85d53cb08ec395ec64d9da6a65ed35532e3
1c0b56121611d4e63f808bd8dbc179c76cc02f5ec96a02067ef0ad1f243d41b4,422778845,978,51bbd73c7a95f210a3c311161ed1439149dfa4fa4f8d29e4b8eb963073054a67
1c0e03e26771380ee926b5f9d28aed7fcee33d76c7a9e4e819c75d2a791b437e,424694632,983,72c015e4fec86689842ce40b8ba603544ba6d652ad9ce4252161c2680a3f027f
1c0eca1170c062e492e46793dba3c1a8be6a308d5ef6b440420012a57e0ad3aa,425733730,985,1207ebd08c7fd9eaa21ce7b37bf204e2fa526003cdaf1b94518b8a81e641b38f
1c108a2e22fe38afa6ac4d57d14331b393362a405bb8ea250c06315b8a44f915,426481989,987,aa62aae8f196e838ab6d6f07d4722382995c68d5a63ac8744fbab2024719c05d
1c1161623364fbbd9d2289622aa3c505905693132e69ee53f2c8bdedcaf4f79e,426510837,987,06898f3a458c697715b5b365299b03ca1e3b4b97c04e8e6837adaa2b6c6d114a
1c3a258798fe199514288279d329a36a39de6ba85f3f015c559b054f2d46f6e4,426125040,986,5e21297713623ffcccbf51532d44c4d2c3017e580e4cb69dedf0d603ce29e1d9
1c54519c5ff4adbb971b096703fb64f3a88868bba853409df59167f4f55fd24c,420798399,974,58e1ede9f50419c4ba475fd0dd3707c957ce4093d88dd5162980cd6e4e1be4df
1c56f3907a5edd7b6ff67edae8dcdf16b73193beae7b43304af7f6b32fa345aa,426615316,987,c21627bf3873aee2c00a25abb0768fb3ff7cd153deeef0887796e8dfdd1d5f9c
1c577c36890fc66e5909fac81c1f2cebc14ad1c50041f2f786c279883cc3debf,424668827,983,f2ed60165eee1a4cd3f86aaf2639146cc9e4fc25212358a6592738b4b6ac6946
1c6bd8ae489e49623d7e555581b21c8c8eaa4d31b6196b9e46eef4a10ef50fac,425269561,984,c666fb5b2548708c96a9ff761ac0f81946ccb1d2ab4bcc0d1201d7fdeff7a6c6
1c77bcaebedafb06d7bc670d914bfb8fe6e7778c52ab78fb53d4d4b56a25f5d7,425737622,985,1714cb363e23d07b72829e436d47ccb828b42f87f0711c6c392837d81e695277
1c85fd67e3e132ad22e25f9b74f67133c9b4a8f77337432078034a189ee2254a,426717317,987,02bbf589b95f3c3d9dbb9fcc8ca53760dabb8141bc60fb4c0886efe04cb4be14
1c9d8cc524a45ca8bd81d614f1a6ed67ac62f714b1eafb5a57cee2d9a2b5431d,423500850,980,4304aaae2311de3f3161b04d4e14a4a247701d322c192eee2629fb497b1ef1f0
1cb0e82d551569fde9fe4dbad8fd38f62f5761a1b7c2468a0f89d39de4c35421,424332225,982,c9ace7679f2a832ce77d6a0ef21e768e7c49c03ce8030d103487ef06b2ca1b9e
1cbc952cfd79cbccbd3a5f8635c77d2666a65e7dc1d8f8e9b4d6b751cadb6ed0,422697027,978,df4f37e89803d1b14b4d637e902985285bc6f5f926af912dbfc20673d567fb2c
1ccb251a2eee41e1b8659c7ab03725bf292c1ddf9b32a594cffa05e20bed101d,425613818,985,e41b3841973b15462f473b42aae42aae49358bfdcb8bb5d9071ea56cc9e7bd09
1cd3b5b27a5c199f51e3bd10d9c364397757141bc42bd71eb08d93ebf446f2af,425844486,985,e2dca9349f49acce6f7892a24f3e280ef317585fefd259bf714d66a539563119
1ce11869eff87c0db09261cca6f09c8f6ca26e3a9cf1db3f649057242afd3334,425533694,985,0aab602df1d8c7fb87694a2f81c8db756c9d3b3eaaeb8848fa85e8fffc2ced3a
1cee9b66a624328dc64ec32a0d2e594a7b1841c189c5e03d49921d8bf0de248d,423434169,980,6c5be764c669f6d21a2c788af06c34239a25a985eb4c980eec7614d54832eeee
1d20f5d3568c16ee556de57becbee75b9b891f4e24b21948b8e02e1ed817891b,426888397,988,aa67775a5f805ba86c980b1ee203fea80443a0e365fd8bb0885369536cd4d439
1d2b5bb19a65918a63513ee51926352c9faa7928ebdd8994d0ee94e24c571057,426655758,987,e49c4566e18bd08cee0a1aac7de4d3821ca9ffc9da1365075cc8dceddd93252d
1d2f26ba99c1756fbea88f2a258910620e8fdcf5c17d02c8fb4ef5452181e832,422937591,979,aba78f2574f91fd7612ca6e026b4f84f6f4e3fd79711d331a0b9682a19037396
1d36ada1513057521f6b3a7f1704c623bab85f212e3bbd70dbbc1220a07a51f7,426797615,987,1ead0a3aa4d4f888c42e0301363956aa093f69ff8c9f919b2e7f439678f51ff6
1d3d2b421a00ce5f8b8a78417fd67f1f797523a02ae86315d11dfbd45a719be1,425063735,983,8d07ed4d08768ac7638909f86ee295061318597f3fa1a4ab8b29e7303a2dea23
1d46dc332ddc6096444b26d8a413101c7859323b082633dcfb6b90a7533ee9a6,425118375,984,73c503116f41b06871b7476910aca74c121732e8c9e4423db5089362e4997cdc
1d53906ac657b77760a7740343f76222d4267926fdb270f490715df1b3df87df,421589010,975,59630a595401ec78265cd36adeb6eec39892e4c4eaa0dc7984977b7e9a7f796d
1d5fc6f2a85d0f618a27a53ed6ee5586bf04dc65a413c50f147c9c71610360e4,425106496,984,7b7e6c5f4ea8732bfd3806ec53bcd468e57022b7d4d6fcbc2a4646f8fd330483
1d674fcbde09b7f4e57b0dab81b476010eb12ae6b57772c7902a3e6e07c0eb69,420932801,974,7bbaa7d50b062dafb984e2fb39039bf7a97257a70958433ac859d79e85a01004
1d759ca1555cacd5f3f6e346e8b8554a58a11ee7a8eb0123da08a3f519c9ee48,425827075,985,f58142ca032f6a87c721cdffed450d5f9cbe74ae2cd695d27629b2f2ccc0d014
1d9cd54f23bedee368a128a6899e9939f580ecd902a79597c58fc7e41bf87433,424029181,981,b96ca2877e261f4225d6bceb6ae0c35ea6939c5259845431333ca52b723d90b2
1db2c9d25845b4996fa766b5afdb01c07ca0446a0706a0160622f206ac4c6475,421632970,976,5d68f270c6460a1ca134626d3b2342232770c32a5145b69787a7c1d48dbc9c1d
1dd0eac28ce411e1be77b882cd540bbae33456f55d80cae842cd7bf597bf86bc,421834160,976,d7031f75dfc93db07e5965b013fbb3b3ffb327814a2ab5c866839fde126288be
1dd16593b1c9e0105447d254279a2368aabb10b41ba6ad0b26f0d4087a3ee0a5,425433432,984,d24b1353af8ad556a6d180ddd8648935ec6b6459c4f8a4023b1df1b5ae6a54d8
1dd2fa396f5722bc731dd3cfb26c24135aa0a9bc7e957fc5ac76be714446d4e4,426750285,987,ec82a58a042463063f2d4a74bbda35162f2b37407d94ab97af6847726ee3abd1
1dd4179bf7d3472c4df56111a281757fbc6c76f1480a4773bea8e15875743081,424722117,983,086fa5e1f4997ea0fc9c0d92a2941787680fc6117f992f77d9dd45938e2dda93
1de3f72e14c1ab272b7fb7067b9901fce9217fa2995413ebd373f89aa07299f2,425728872,985,964a2f3677e8e2ffee976fd9ee2b03c9bf1a9cf77ae987ac04e4898a8c24d3a5
1de438370cdc8930e53e8ee989061553f69a989f18caab24813e999cdb32a3d0,423703864,980,12deec0f8dc0bea03997bc1ce62a33bfca58d71ebf35fe232858fb1a98edd385
1df3cca7986ecc4ba7116229012fae0ce2384b280495a527a6ee110feb32adfe,425838854,985,adcdd2cd7f138dd476a3430b9416e4e6831ae1b93fefdc2b136e433e1ee3cb0c
1e3a0c80852c640dfd929d8acad0ca8ace802dbf0bae9cc3ad7551016bad1cab,421532752,975,ed0ddf5a6a5fd29aa50be333d6089a61673a9de8fdecf8b2cf24c29d234a4dc2
1e525052a1a6b84c2df6eef16e26162eaa40b9caa71233b002a7e7a2e5f11848,424252931,982,2729ccce84c21ff7b031c281d27bab95d90c2cd19e68ff13a28be675ce0fe45b
1e5badbcdca579aee8c38d82345d17b84a85865e6582180f10eaa39adb54d1e5,423341931,979,46c97057de2d57716b36fcd328923971add4b71df1e2de26e5820d6f583e220b
1e5f52e7881e4172640ee4fa447f6744137987d7aa2f480af3b17e8d4aa77021,424025088,981,571a6bd09531a177b72cfa4afe1e61626b1c00d42584635b28b1632933ed4e9f
1e6082686f0a44e42d8ffbab21faff45f98baed0fab39f1d55b487c9466f9cfa,426690000,987,c62885a57df7d3acb1f3ff97308a72d90fece0791905065f525aa1417cb638e5
1e6e5383f67afd8a5e8d6433a8f0878c2f07fb2c144e6c1b8d2b490239538fd7,424260780,982,9ff9172e0584af7aadb591135fd400ffea189cf04f0bbef6de93015ee6afb381
1e792a880aa3d0f6239b4e171de9e3211073f24c032d84b920d41c73ea6ea8ac,425670584,985,8260d4920dc13aaa434b70ed98a65f94400f0ac87fb865a1792121c395d10deb
1ea07466cd2c790d5caa3d686c9b2f4d182a02308ec32a5aff9f6bc99df86015,420932477,974,1a6d52d7b838c5bbb9a5cd3e3a9391288ba45b198f87504289c1b6568f2c651c
1ebd8aa2cbb51d9999eb70910f30fcc095d639ae0b46c3d8fa8fc15fe2474ced,424503586,982,5bf18f798c96f7c36e401d2dc1ed4104b44c075a588a42687b593817692aceb5
1ebf29834e955e2b810c450ed7a66e9be54803911441c3c0d078dc86fe90283c,426830896,988,dccbccc1a92df4f2bc220cdbb7d87f34c91ab6dedfc1578b50b6f0c4b2abebb7
1ec6cda967903feb1acb2d89b440f42008843fd57a2453345a33a23e4096d853,426726942,987,5d6fdafdcbdc3baecabe070165cc27e91dae98cedf3d5f0d3676bb4d3468e7f7
1edec9ecbd142d8d0bae06dae579b63b45e7d6f71781d5b7bf1b913197f23bee,425451413,984,8f81cd6699b6521452ac43148235fa8db283b980d326d4cea0169380351e99fa
1ee3f78b8030c4bd67bb4d1209f256056a21088d8ee409d587e184daf397d4a2,425257313,984,51634b044364d72ded1dc888bf2d26444ccdea3c83b959734d8899a84b29078c
1ee9dc6b16c0115a2146a351c14f0633125b806505a6578343a59c38b36d7151,423640779,980,51a748483cc2b062b8b1019338ca9483e1274eb67310be6ac9415cbf270f7101
1ef4a29607d28174f54076db4b885663911b17e8a22cbd9a0b7fddcd87bff6cf,422547508,978,0e1ce3b94f9b7441f0ba0adb545d1f045c22cf4bb5ad9f909d7d0e34c441c1aa
1f102d651689f1f7b7d8fb8d3fe23d14b8b5d51a92074b13df955954ee06bcec,426568438,987,3ced4774bdce56394839d81a0041139014f2d95c8c3d88e4ec3ce4fdfcf32212
1f1048f4833b98668728bf18aa173ec49557604d1d97e02968a013f6a6325b93,426306144,986,97a57a3964fd92ac736663c4210f152b73d44f844aee21ad4f3714bd824332d0
1f2fa267e4e047c38d7599c092bf52aa96259cff065845a64ee3629f7b5ed780,423355417,979,f48fb0d9b58e77e9c8d5bcfbb15eef321dc239aed75808fd666e7123f6c43418
1f36261edb560ab684176e3efd94adbccdab0215c37f963949bc46e5b6481046,426102664,986,f42db2f41c9ee93831e7cc9c165c1e34b70de16da68013509c3a9371e7ed0363
1f471e48c2c18d8828198dedcf3d4fe994244879e09f3957a4175a7ac8a03fa3,425998241,986,a9dd71f3b9dd97697ad2ab7661fee65eadb91755350c147b5171ccd691831b00
1f4b75d40dff920d7a5cb6e293219720b98e6377976aca4167e7e9ca8a3675e3,420928540,974,1af7ef9e0c54739033fb927de4ccdf71f49d8c1c4bb2291dd6f2ccd4c6dfc644
1f7150ee2fd13e86398b42941b069de3eead1d33f8eac83375300f82e6746dc5,420929444,974,1fcd363d6846e495249c6ffa5316e7fbd6c68c053995a099cc63194a7aa84809
1f9e2adc6e8630d1edea2b4ea1abefc555f456089b6cffc7e121df7816f9e784,425898784,985,ece9c56796bbc78a05ab2ad83c1a1fb4c1e284d9e11b190ce2933b7617707b26
1fab12d37b1eb3bb712e43084a75c13317b70dbc4bef47383dc0fe0b4376d7f7,426057071,986,ccae6909443bb26effd6015245e9115e26c001ea6ed360c9d9526aac6d831a75
1faf6bd59760f04dabdd092df7a67210be16a937b62f27c44fe11288e3219263,427382010,989,0fdbb271a6225093d07000e296bf35dff6cfdba4eed5e6db84c05633b6e09635
1fb52215abe4cbc9f981b18e3eff7aa9ffba77dc6e2fd16699549ea668f87254,422397586,977,dc344956ee9b5be87bf6ca0eeea28e36a0be1c432f902f71aae56ca6d3e9207f
1fb85f9d9d06ab3de5688c7f311a9572ca9703a06ea1530ef95b9c982bbba520,422780912,978,3722bf386cde01343288572f4b8ef96e6a1d80a3fd9f99d555e25e14f1b0cb94
1fc6d80cef5eb02dc93337566f951ece7e754526cd13d24691fcc27e8afa94da,423805976,981,38778f19d811e32606ea47badafc17dd0e920f66dc47d9b046b25a9117edf9f7
200c413b948e8240005679d97f2c237570dad4f7e166ecea85cfcbe0eb72c9e9,425250839,984,f5103a1fc1e7a63696940e67bc7b9e065f404f38c471cc62474e04447abd352f
201596e0f8048ad09433e0189eb42ff1f49cfed3db2f62ff6462ed7b8c73a2e2,424902919,983,5322cb892b80c33f1ae9b439f99db7533d9dcc235e862335271c757965379c7c
20186b8ec881fe8310dcb3d939da29f86a6b12f45631e2c08a2b6bd544142f63,423808139,981,75806038fcbfe80888cec47ed8806ffbc3734ac48113c53b5e176f61931eb753
20272f82ee3d57b25973697bc6702142e1cc3343000d256e965e850c0efb6aa7,420931963,974,d0745433f388b3e6a695059acea05fd28e7eb39b89dce0f1056bbb963f53188a
202dc84b49a07fd6b7b9e99c304393de2ccfa44b0bad23f0cd62e80e37e0800c,426951748,988,1e1b94124eb47009941ce8f3f3a12e06d7e428f73063432a7c3f28e998d890c1
2037f4a13c16dadea4780af4887ec8f8c333f9d77560db4cc49da630a1aa0654,421386881,975,cb026d31f3023be7223dbb88a87adffb76f0054b11fe3d0a549434c2fd313765
204b69cee476c5e0ab6e0d39f1f068526e22e3be973e3098795bbceb56f9fece,425994294,986,a39a1b876fbfe34b0c6e585f2ab9a696802bb43bb8c0a479a08f4d01ea22fc43
207119a0af8173be9c4c795e2a0ba366de3f6526bf32c08f940018a42852359f,425882999,985,5f2165a350632b5d5fa7941a6011b7706a9615daa646ee12481dcfa4c7653211
207e96fc79bf60d90f68079404f690c1616c69a26b28aefc6222e989c86d341a,423814486,981,8137d25ffb57586416fcaf27f8d12411e7b7815766361931a17e693d1227fc12
2087b5bb0176ed7ef5d92a00faf1570a4023818ed131eec5e9910fc9628a95ad,425908502,985,ee128df864b04be95a7074ff7e174ad6506787a24a8ca7f5a0a741f748abd8a3
20a7045e485814416bca04a419c2b29cb7a132fc90e694c57d30af6936aa1fdd,426759397,987,05fe37bd7aeb6909d9dd43c441884ae9a45d0b8a5bfed64e7cc9971b7d0411e8
20a7c4dea43e87fcf5c49800eb9f7444111a6b52d14d5a58ae4a4fda49f50e4a,425264099,984,659fb57457b4bda3034185f23badc896a6de889eddb962c3bedd231b49d0a3d5
20ab4e2ea89c6b73c51a38c11009c209bbf01b0c2d28d97a5ecc39819d65345d,423902941,981,564144f315906fa0012b33304965bd0d07eef73f3dc7ec2e637e20dfdcebb667
20ccbddfa79f4ce1a78d25369772cad33c01210d451fcd871c7ad6b03bafaffd,427533892,989,3975372075a6710db49a239df6d2eaa88c6b38073040ea3f6c63b1e06f19d35a
20d10cac8ab51a325f889ed83c6ef439fce25d41be71012dc536bc6b036770a7,427486632,989,5d6864371b5e4ed61dd5d2092a29c171ece6fee3d61652e8a46abe3a3df07538
20d28afd25e78adcd365d359b62af6f10d6ed668517df7d45e508872d2ee5618,422814803,978,b8edc83a00f37d61fa481390f2ecb1d504816f1f4eeb95bdce970595dc1b9133
20e52cc3d0d4a987a497a24a09f45038cb51b09e57e2eb301b7c5151e9ae6ecb,426776834,987,137f94e774d14558041b4d52e3023bb45861a1c9fff2e9735e99f739bd1aea3a
20e8e2fe8898492d1e5b6abefc4341cdd4d132d889f7efa5573e3d2a5b7eb7a5,428026348,990,b783bab436ee2d1613ebf4be2625822150c71b35f22d2d4c1d8915766becd7ab
20f3b2fbde46811ae4cb1ccd00c0e4d1403dac5e95c207ed01605936c4baed10,423956104,981,51d5876d4afee722b939d27adc3a600b54d2fcc887024a63c08455c11082cdbb
21128958f91eb3190ba1ce47ae0caab7a77639c606f54394143632526bcf8875,420928376,974,2460ffbf62538b9a669239d0f836e6652a4957bd4c9673df1c5076bc654b64ed
211f9160877721efc4c7bff7406ed6ed509717ae8148ae63f000fd22da03b5c7,427968654,990,2b09b17c22615c777116bc9065adfb03cd269abb937bff48069802d47d82f7d5
21269832f425e90000d04e6c1c9fdd589a09d7666eb4b54cc25952fb8550621f,422682668,978,329384e03b4f1c5ee2a4801536cbf4fe741a04bb6c5c62c24d658da10506e91b
2129dda94898c24c8a4f136dfbebf64c2f13d2edb34cd301b2be291245bb5541,420897218,974,c0817286abf87afeb68c4647f57911ed8e2cb12998952d4e1515ea8fbfbf8eeb
212abc2e9d76fd60c4fd6394c61146c061e2c47c58e49303375b026eaed5858e,427042109,988,2ffd7f59b9de2d2221cf904cb3bf81715646ccd46632d1b2e25294ef212cab98
213853248b5fab8d7c9dfc7a4d71c95a221735d7ecf7bf1b596783ff54289c46,426754986,987,7d020e5b8d15d750b39428f7387aaa691349a06e1f2dd0c2db57c8c6d6dc97fe
2147aef17f5490c860f433ff512001ceb9172e06502745114b7124f2785031bd,423841880,981,136a064d6d999b74afc76bf325209b0a8292334d957e2d01d4c53dd612748b1e
2160c1f8b3f110e82dcdc0063abb02f70dbdd3a96e96c92631c080613fb3efbb,428082232,990,d4d8be80f15d021cbace2234d071421422f39817de0f848b680032911f66f2be
2161b90fd8d50f01522caf54625f200491d2005a440b635f1ae4ba9d882c4d0b,422424000,977,e9f51610e4d1c3cc42bb72d81191513edd5b987154d55dfaece05740a9a397ce
216c0aeccf9d3531d8cf47c7bde58f0a21fa288a338518a8c2a8bd96182ad6f2,427481334,989,1c89b93101ca94ea648c749ef6307496a6d688d1fd3febd99feb0444fecc20ae
2186106e8c81007fb5594fb5c0352ea0d2a1b876f2793766cc28af156b7b1d61,425790462,985,2ee635432e77adf135744677ede18d8c1fc3d993c843858dea35034bd46dcd73
2189e9c97a444e4ac961c22cd439665e3b93df4c6cc0ff02acc97871e05f94ff,426807302,987,8bd34f86db43b1fb9c01a03ca13e6ee0471c96e89b052cf5e145bca244959d4b
21a47f75c8000e09c4109316d5fcecd2bb3cd778dd00d52df21c4d221a403250,426456992,987,8377991281960609eb20e4b39b33d46060f12f0b6574b49380bce2146b0a256b
21bc693b64d76ece52698bbf799f934678f75e9436cae8efcb354300f2d84349,422808174,978,d4c6c33b0fd93f40f162af892aa0acee2b57cdb545d1b71cf52bee6657cb6a03
21ca1c6be938592e9abef333dfd3fc40f792fe64f76ffb47abe003bfeafe5714,425761354,985,cc75179da8f3accb2695f234e5458809f0a3f82b876c2c457e5455145ee543b9
21cd17840ac8eb6eabd53c834a9ede66c129aa12b83ebddc1ce5a4668ef9b87e,425677307,985,a7d9cf9f36dfb59ea922f2e462dfc52dddf574d45ee1864d5c87dd7c11fea628
21d5c51b6811490cda3437f0374eabe50bb0c5e8cb56923f072630a0bd9b6be2,423845204,981,3d03030520bdafef381ce35b7893d33342b2113f3c1a38f8194fa344a8a27a40
21debca91f324083a0317b310e22b36535dc0dd7f84bbd05c79fc57c6bbd32da,425244537,984,0c2c08204546dd7ad097d07869b513f4dc85679455e264f34a9c4e88a8a13b79
21f7109d5b9a71eea339b0408f1bf407cae279c82ac982a9d99bb73071546cf4,427275902,989,cbaacc932c118eb279bdded2ccba4df2e70059d855266b890de40408b4627423
220e912ca359c2ab3502ea4deee74bc67ac1d43cdfddf34f05a2795bcf9cbb5e,423876362,981,bb7f63e734707e82c140c9253830173a787bd406d4c57fdbd4c9e267fcc9d674
2216f92f644756c735a0e822fb17dabed0e24936f7f0ea0147461dce502f5abc,428072053,990,94161acc2e85c87a6dde12e4b8c34e76bfe330a3eb5fd90c19a77fa48d5612f1
22296226eeb6a931a9655af5bbf838b85eaacf1754af81dfc2d27b61103a78b7,420882708,974,4fd580b51321a646935a2b791a595f0cbae8a372ea7764085da8bd2a1e903aa2
2244663d0bd8c6187642255d65df493e7a80c7057c1364eb1aecbbcea8fcce05,420930620,974,1d3504f7c0f57f85373fc3f654cc284bc84e2b128a1fe069dfa64623d51faba8
22459d515f1e59e44052281daa834a73a28c8a9281b66f51ebe356bd0d6f3ae1,425948825,985,f27e1877fb78fcc6c8cd8afdf68806dfd0645278e69b4cb22e0dba72b7512495
226e627146968e9426ff5e93f43a84c5ab015dc4d788fc103df9933224ed0c0e,424035101,981,fd6042df932b7c7eab5d59790cfb79c016dc45ff0569f49773daa8b8a5888bcd
22746d01cc37c378ac9033c38f2eed6f8bf4af3233c2acee6dfab503703ca139,425270162,984,87606e949b75696d857a44953ac95d40034160115bfdef22c2ecb5cf78666de1
22757f06b4a8ab68c7122a115af2a297b793d0cc0ff76f4b22fd89e5bde09b02,424516179,982,8456ca9292b9563f8e13b5e8e234d30840ba6d636e4aab181666bb8c7d2c383a
227cf3200bcbef9ece5ba81f7de4d1e0b7120cf8eea981803e1d7ce29d622020,423747611,980,d2991ed5fa9eb4d597921ade763845d6e126e915d130dabdf2a91094fb91cd02
229967a4153b0b33ce7ee4c9d0a3c6143698bb0637bda66a0aa3c8474de2d70a,423818740,981,d8d8c596fbc67fef9e2b39a9a2bc5e70b4856fb2c06246348e8e0517af8c4826
22ab2e44a6888767e2e2f198d5f0a81f1141180ffd6fdc776c698ec301802e83,423499490,980,a230e348f613d616620a50fc70387544cdb23733cf6c0d6af8c2a435fe92d310
22b876d547984d9b22fd7665eed911d2a0a487ba46bf86ae8c8c35761c6af72b,425947023,985,fb59e37c6f6ee11656741de1f498a5bb5ba28e89d897849521f757331347f570
22d648e29cd3dac8e8878cfad92f2a05b97b4564d081303debc75b9157f7f346,423461037,980,a056b23d0606f7342e1e3d2f29fade2a3926fbb9df152ca78d5be41a2dbbfbec
22d65ea54596240db23d89b6b60c1727fff5afdf6991cfa68bf5fcaec562d642,424904748,983,559189378d052d3ab43c6f6aede5b027925a8c7e5aa48b64d11c8be9ebd7097f
23021bb103cf0b16a64217713d31a267211641685794a32cc33eecd107033e41,423944093,981,1c7f8fbb1343162d01d6f405542b1da55f5d55048e248287468488e8e99427f7
230e033d6c0290864e31896101238a144622f464550654eb714e4a045feece33,422692588,978,1a48ee899204a630275a498ad1c47071e102c2d18d1b65e28bd1d9d37497d64f
2313ac7f401af237db739a3c76f3bce084816eed05e1e9aeb57706d90c59303f,423081547,979,5a1ab2c17e4c92c9569300736ea21197e0df17cf59218b6d023c122a572e29f4
23177d950bb8f54d0e5226b63a47191e5a079555cf3770e2ef11931fab8053d1,426235945,986,c0c0a7e823bbda373110bda1fb8c0934de745183fb04b2439430fcc660ffa7fd
231af7ff65fc34f1ff20fca3cf35b83819f8ea25849a9caeeb4016b64504201a,424226364,982,b024287c6b5a1accd6755bf09bee501d07513ec0cd78fc3e88464d9314db2f66
234e029a9bb0db3bf3f2c4cab838aebb4709094eb3fc428be89f27eeb2c4cace,427697470,990,38716463ea58f67c38371c8439a0ea3dfbe17899a98def9e546e34838da1ac51
235905e3d3e01193acde61d74923aedd61f3c17286ca1f037a5ad39203cf490a,424349237,982,4ce4ddfeafab75fb7a53ba24ea6d7e1f9e4d0be64036e089f9167fd0342b253a
235da673c03fe09fa6ed506f8213e4fe849a7c7d2685035da1d72c237281c3c1,420929805,974,8f4991a0940e1ca24165f9cf373115a1c6e9181bf4f4cf17a3f5fff19ecfa3b1
2361be7c115a18a38bb4f4cecd569628fcaaad9bca64593b281c22a95ad51e3d,421700536,976,968fbf9340d20b2f95bb652c833aa2caa6f532a1c7a5e1f2170fb1d6b600691a
23634f741dcdccf600a0d0738f86d8974d8ec602ba93d381ca54ff0299b86c09,425423391,984,39bd336fe0ba086349c17a4cab0a64f8ba76b2b5be00dca42ac6e248878fe815
2383b058ad6cce61052c21b3239c573bbf061b07381a532dd14ca4c8e9162be5,425624211,985,26cbc3cbe8705309757e3295b5e8edb6ed32913a5ca77cf41bb00528b97fdb65
23864f6cc8c2c0fd0a5e555fa1c3c12065f2bcc448d4c88e720d4398a815cec3,427193787,988,9bc4127982b96bdce0cc3254954b913e2ba87a2b27da1c4702c96a42be3d816a
238c05e9a0b18cbbcaa59c5c0549f23c5a725db276e0ec90d3bcf3dd6900ef93,426368344,986,ec8c5a8b84fe36a0b14f41543be70f71a755efbcf632361af9ff8b4c659911fb
239dc88c46d1126087428c230384ba926a4a3c8f927664510236f83585519720,425606613,985,82f1987fafdb5f803c87e954931d5c658c1922e4eeca68f0c4f9ae2238ca529c
23bd119180fc04d8bb901a34ab8e63d34f5dec9ebbdda03064091a99f74db881,423719948,980,2e8ce1d52d8dc374aad03020300256df4c8b105d222ef77d21577eb02395f8f5
23bf578a440973662ceef03cb3f4972adfe298c6dbfe5d082f84011b0707ca57,426335876,986,d559629ff336a24cc1c72eb2d8e754e3449ec3058513c2aa356b1302159f9174
23c0a669f7318bdaf18828aa958281093400da43b8f8509a7e622f0e8cdeb316,420929257,974,1910cb6dda6ab22146c85d131884ced3489dd92c3539903dd9c8beffd88f02e8
23e49fce7805c41e936ea78917496ac13bd265c6760bd7669b832bc1d903bdbe,421237957,975,08a9cdb219dc1f8de47e572cc069ac4427c0264e88071bfd6ba8c662d517c139
23e54859063a02566d07e09d3330b3f0abbacf2dcbf1e952e4d22ee6f53f7092,423148548,979,8f79bdebd1680745c3df634cf7e91b7f423cfa85dc2c07f4fb8158f4c186a47b
23ed3619f6a31b12b673fce22fc8c3dcf62b7a8b509fb47b3f67761e5b01cfe5,427159656,988,8ce6445b890faaeae80b7d4e071a01295786ed7fbef447c510dab409bea57998
2421252af2f2079957b153faf08a4f81186a474223efb81791276fb36c2a2167,422532681,978,dc23e0884b9a332b2af601fe3e14b9a593d85095b07b27096829ccdc082d447d
2421d85206ff22ed968497e589593fddbf430c03ffed9bffcba42e2927355429,421887929,976,26ea710a3fcf193f3614e533ab9441632b378dcb2fa0ec629d177f8ebfe54052
2453f2062aa6fda1306dd3a7530708de9dd00f351fa5bfddaa02a44b71ade503,421520666,975,f6599707a09aedd188d9187493d6326cb3ef76a63eefacdcbf3c6c2ea869c686
24588e2a66fcd82b1b9d01473818e66b6fba2290422137e61033deec03995906,424229248,982,79ff794d953d39b6737401f9771e06ea82fa285970dc26492a65a6f7fa3c3c55
245d396888e80979437dab9696a848c1344bbc5992c4c5cecf3f88f901cb19fd,426213512,986,9b25539ec9b08426f66108ee5c2892549da23def03a8b5052714e7dc2c847f3b
24767cec6b630d579d3c1fc262d3bcfa31bf750934c1879f66011777965d9477,420902674,974,70d7747c3cd66f5fd5f3189e1b356fd4ed289f4cae3f13b6e8e5d19c2a26461f
2483217c4a39adf93e2904853c5e7cd2e0283695955dfad95542dc1a2e88cdbe,425995320,986,edc4e832a3cd1387944a5ef4e7519cecf1ebc4e56d728cea81163c4f73e9dac9
248f4628511de73e2752faf11f7ebfbe63053ba7ebcc0fe558f8a343457724e4,426255835,986,d8d782e67a823968510bb66a6da0a93f63b197703ffacbed91c8848f89750470
24a2cbf83f3cfb9f76cf3a31e6565afe21092147e4c23751c3ccb486f41e0969,422406510,977,13ddeda36e976d4cb990a9fa8356f9b62afd2e7071506727c02084233f5e609a
24a8251bfd27d703a6391dd1a5818545c74d7ac4e266a496743b32c5a2ffb5f1,421804265,976,a3e05864bc33c1f2e7b535f16bd69225077b2c8edad614506ae6a946b951fb1e
24adbc61a37a3a74284fa00da216e144f00305cf4478ab2fae18b94a03f639f8,422386303,977,a65b45adf764ef12f645147affb6884c42bc8c00249f4c4542424a31f8c2af0e
24babc7087352e31bb6f9a47157806404aa58e218b6f52dd3a0108cbf6e3a9c7,425524697,985,e948455701470355a110d3414088352d60068095176ad527c768f9006d401e6c
24f8b333eddc305d1916ea818bf00e53610980d0a50e8fed5b60e8693979cb1a,425915912,985,de8e3a3428150febb383905a2cc55043ebd2ab850eb98615db5ed5b329ed441b
24fbe6f068b445908db1f55761ddf802bb9290f8dc02bb9c24c4d725e05e9b60,425431833,984,d89865cf5f8f19cc2a43278ae7ab6090f5ae720dea974ec6a9795a3a6b246418
2524bf08920ea9c092131f6100ccdfb4aac53d8b23dd89a830e74a4e78e858ca,421694325,976,ec6a9cb24e67d27ecbf245a53032dc45bf6b8a126e584b82b6e15268f238f5e5
253233c4f7c795cd6155bb527b48dfeaa958fa3741107abd64407fb788a2e88b,426492789,987,363bc52ed24fb5c846cf3cef2a37dd3ebb367cad88562fc017b7cf09e21dd877
2562d81a63c7ab28a0b992d1c78da73c7b335bbb125961eb6c14109e3d2d66fa,422384560,977,1408cea72b7f3e1971b94afa7969ef6ad591dc6720f798329d871eb69ba27076
2569e347781bbbe5ab183b6b3ba7cc5af55d55815df0ea12cf022f3909ac95bd,422704651,978,bd8ea9b6888ab5a69ed5d4b32b0887c9b3dc2b36c26cdf90eafd4d6fea1dad93
2572216c8c44ca1f3435d2f4b6178db1adbaa5e3f32db28edd2a7d1f5f6157bf,427576808,989,c34f1ad8e4a1578a6aa2ed49f57f1a0868b7ecc6646d20fd73e3aa408d2a1bd3
258c2354dabfe296787c093718ebb9cf7c4c2226bd7c779caea75a95b3ec0ed2,421916285,976,5bdc2b5811410e022df7a7d367a53b08373696f6eea7d70f349ea422650589e1
2599274d26eb26921a577323279f8c26ccbcc7b2992da27cb06f8afe1bf85a53,421532909,975,5b7da243b4b714420e523fa6097fbaf4659fd78c23e4f2123a50c644da2ed4a6
25a870f911f8243984f9cbd9dc28a9f4bfea291c3d80e3d7785cb8aec566e1e0,427133987,988,c884f20a1ccc427a65ddd5ca8581ded8d816062e31f2557c1766c36c0fe8ae6d
25af4ab4f6118e34913059440a9a3459376b8b2476e9b8ddf58470c438007b4e,427911784,990,3796a355542309fc87e1ddcdaa86ba4b34336e12004dba24efbb5dc561b16c8f
25b4684998d7e4f805b80bcb811ed9ee79dfdc9f29bfcf7f0b50abe5dd5e0f10,426466025,987,aa1e8e8ec4cbfd74f7b739a78c85aff34915912f4cada534bdafcd4e018f8d65
25b80ec700a274c98063100afcd87623403c4a84eae1973305dc10789caf25fc,425639862,985,ed28e236c9398c5b1cb8276050d103773526179a481139aea1044cf83a2bbb9f
25c607d70f56c94979dc6885f2b127039da85d55ceca4470102a7beeb5a5a5dd,426613777,987,5bde10cc6197658bdd99c5b2c3973ce707fef44a53991bd88912a3318a378164
25d56d1a43e8b7b6fafe7dfe3f31212f5989eca5511f04c360d3e38a4cae7363,423870863,981,17f44ecd55d9fad1caa07d9253c0b7eb9fdda95012c48e98a6ed96cae6627c9c
25df7070f50daecb44956e6939d1fab2baa824733d98dbd5f7d3ef943d5f1ff5,424883118,983,a757731ede5c0becc1549d1a4f56d1bf2baece7ead6fc25f516bad78d505f072
25eafcf59502f1c1eaec66cb0e8464e680ae421a0efb7b96d5d8779218018a87,426150092,986,1f2f19c6f26beb6c4ad508f634ee8bad3165b108507476469efc4fbf5b167834
2603d7a904c2d1b2ee02f20cd945be04081c4fa06cc6b9c75cb96aa156ea4aba,422414282,977,f0ad4d81420c486956906a0ea85aa6e5a7c592443c5ad6d264cf36858f3612aa
2609c36267d53100fad4e36f5cbe16ff405f8b9798f0a9cca544c09c1fcf951d,427689164,990,b3c78eeac9b02e670c105f1cd1eca5416617b8f96b0fd318315280d13feba804
263b96e4ac1683ddd89753c488a258cb782b56c68b43df1fb1a3feca88c5e86f,426349068,986,ac3a7f32e5a2b95a05d7804883e950e2627619ea7964d93ea4d596d44ee06350
26456d2a20301ed1aa8e9243cc4aef7f336cf6adcf7b0031e6baeef43cc1bbbb,424115569,981,1b946e5ca0cea4a0397baadcdfaed33faf2f2653c50771f5f6ff26f0edee41d7
264af9db7aac8e48c7885edb0d387f28a3484363a9f59200b3eb6e99a5f04403,426558094,987,5dfe839753c0fb9a2e7b38872fde742f83ae762744396a31d75e98646000abd3
264b184f037ebedb8bd21760b74d9e18cd0896f47e757b5e4342589459dfbcd5,425237873,984,c30077739a820d797094814c0c8510fbd540ebd13fb66951a239922872ad75af
2651864f228455d4e0b6bb64cc9786e361f9c77683c8185e4a2dfeabadca05c6,425879456,985,dd698ab2554fd5ea891c70147beba892517f54680cb8ce294eb9295bda4b4c54
2657135b40ee2713c3a70af474fc22e8333d8e44d1f65d9729018f7cb10ff8c9,421678723,976,c017363bace26098c0f867847e7907fd298847333bbbd7fe545205c400ac3bcd
26660530f536aa4b196b3d78c24d81c71007e693dd3c27c37d02ec541b1bfbfe,424094146,981,5619b0cc72094921dc70fd6b0e859e8090611bc1af2375611ec31934ed376765
267634879a14dd392986b304c7bd26efa5b55061fbff37a1278c90d434777bc9,425354788,984,fa62251c4d5a741e90817fb708b5ed4755d01556ec79bb19fc645042e53d266b
2690d2ae3ecbd0960add98d18660097be06585c3a44506f099cafb68534f8516,424128362,981,77e20a37bf15f5e624cbe664009610e2a0ba5ee38d7d30adf7bcef3d9b496d26
269a43d4699aba47a1aef3d558bbbb1f97ca83a0b1ed02c199828835a8fd98ec,425859912,985,eb1ea5c32dd17b174309d8442f8dfc4b105a1c0865527a90b86a25e935bc040f
26b94cce71c618ee56fb8ff7488abf8ff0a29fcbc1f01db3024e98af56128116,424178034,981,736d381d5f87482e30e0c2c5eb984f29a71a12485eb705b1d776b5f5560b2550
26cec023d999a30667557994ead1e5448c2d66aa4a95ccd38651ee9280cd0f1e,426031457,986,8196cfcae91ea0972edad73cdb94137ba9995b0594a5ec3aeeef01558e4374f4
26d4d35dc8e0392e929ce45bc0f63a5c8979a4bf5d183e6f98fb9a3675dc2665,428027350,990,a7b8226aa16012eb1f8d69533e35a957b45ba4017251282e229890aaefaadea9
26dd715463df42d0fae60ab4e8d11c542f7516c917d90d37ab728edf5767921c,426437937,987,6aa10ac3883757e054c56921e3d2d5bbedd12682cecf408240f96cf2d19d7d66
26e5b1bb319d142115b8164e80fcbf47d6fa1c06dbf36c58600c9586c3eed9f3,425598655,985,6dcb9b9d068391245ff4fb9ccb4f34ab1a9a8e9c466158d28f247075018294fd
26ece339ad01f81b70fd19cc092aa6762de49b8185a06132049ae94c17383c09,421237985,975,91478d0103c2ab9c448bcf80e48da0ca69f7e8c410e2b64017f8f7e2be2d97a7
26f5f275f754848bd02cdca787024fa4168e6ca20199d79e6476dbc059a69a26,422433612,977,cfb4c5773df5436853d5e2b61f4810e5e4444f20ed0c4ecbe5ea22adb45b9ecb
26fbb58dcbfb4756f156d48949110f60a9a42eae94022a36380819edc8300938,426030124,986,d8e4f774c7fb2705fbe0d0b3d9e138a4c4d7971b84d05ea197f7c47d911462ff
2733a87bb817dda5b3152488289569e74c6c749173f612e11d98e8be8f27c816,423721126,980,c1dcb0170cd460223b6b049fb092a13b7172bad04d7ed98856beb6090bf34645
27342dba844a05052cbfe9068da52fbbda6abb8f26125021af2f6d4be84c521e,426824885,988,da770df87412694fcb880c453226b28db0eadb8e61b96faae35e0aaaa5ce56a0
27457b1e3c6256b0c83e5e20d5bc98d87e1f4082e8fe8643be249cdccfefe76f,426821369,988,d2f7544857cd3a6cf0345806445257c687d6381606325aa0317db35ffdf1ea54
27585dd9e32d498283605e042e4be60b4d325e7be6146b5921ff5ab8e3d6a08d,426521272,987,342594eb1fcb608581e915f1f95f990da181ea541acf871a0d7ae9760ecbe5eb
2766f3c567eadb2498aa523f544cb5ef0627f4cb4767871367fa2d38686c759f,423726969,980,4411749d105fba69a468f27bc642c58afbd110b52e7921d9dd81b098ce7d88e4
2767677f95e19ce5d4d3ba8b3e52f6e7447f7ef8e540f968ec7b5ccfab4c55ec,425831393,985,7299e6a9df6058102f9e4c18cc4b10cc1df0a7c729f16e1f3465ef59eb0b13bc
276a8bee890926fb1bba7fd0be4ba5918b11c52462cd0ce43d454877eaf83368,420820605,974,5e6d6ff2d31b14b9c707c1d6a3b1cb6754a1f0d32c2c36c6bbe4e1c74017a599
2772c6c6677d3851834cc9fa517b0f23fc5f7e35625b6ff6861e76572b67923e,426787329,987,1eca387b1d3ca1175be094e04569bba2fd0d9199387d557838a437e0ff137b60
2777bc6480a7ee3998795cba34615cd3218d863aea0e0492b52a82b917d4f739,426811533,987,8c2781803ef5b8b47fc9ab9ac3919f2a06e9df14b0a3491f7bf576db74caa0b4
27903e4247d915ef8e5c019ce254661b244e603c822505499f11f61bcee8c4e9,426187470,986,c6cca280d9ae248036b321fc0e9abaa981ca782014e8b23ab4f3f700275f05fc
27945ac6b166142cec842a3e99d3c6273b7720e116e9d0e9911f2e8408fc7caa,426349596,986,7a95bd80b21a4080f63cc3ff9da738409296ac0bc2f4d4e3384701df70f2b620
279e1d957dc37e199970e4813185820eca0ba7cec9135df8fdedc1df99ef39d7,426409374,987,6d4a5533a2699baa2f86ce6066cac89a7855ad66a1bc5be0cc06f88451ef2932
27cc64ac74f093915061ec7a5317d5f5fb3282c5fc0c8528b6005a1aa33ead44,422051469,976,518c46b197e91a58edb87af3fe352960c9c384d8cf91b0d8e2f942437e33f30a
27cf46eb9da368565ebf1bba419c0530c1dd0edbb919e259c1ffbbcd4a4de65d,421229052,975,3b5a8dddda2400b2150be56439b0ac816e1bf62d14028f7fa0ac723fd2b7fc6e
27db1b0f87671ec96284453abc32c50dbb7c9d1fae8f57e82c2dad0e3e4d839d,420933136,974,275ae21caa8e1ee2581aac153147993ff0779c5c8ab779f005e18267f25fab89
27e01c9160c7eb66bb15aa13ad387bd4525c0957cf991c232b5d36cd2186ce77,423963933,981,706e0b51daec5fec0084a699a6d3b68cf05bca6d70fd44949d40c65b70383dc5
28113be7684e406ccccbcdabf874fa5826543807199d9fd824c95ffe4e1b1172,425094858,984,eab69e2d8c055ffe0950c4f567ae1f84656a1b0b6ce534a82a150e7957af022d
282388dc365468cbfe73706d38d66df56e77649f2d04d9617681c3b3b73e7f35,423675107,980,ee7bb2c193fb66cdf0aa7cbb8a92e1f0f39e68975213eae7543124fff1e9a63e
284820f0ba0fe15d9ff4a0a894799157656c608757e647336b0b2904794cd907,420933837,974,a2cd6f3c88c535db6f025bd449a7f5bdafcf1787543b6416d308dcae5ca8bf54
286f24c410e326ea2f93ff538ca4c9d02bca6be029e49db05ad237140aee5698,424517267,982,196316cdb4b535bc1d4a47751b0d8ce4c9e4f7891bc94bf9fe9371ebe690cacc
2875ab56b77238ebd35ec0c6443da9011cc5116ec752ac001a8b5f50e53f8431,424185028,981,6aedb7fe7043389a1b219aeab89faab72aa44e0f9b2c9820c6870fd0e7402341
289aab6f9c43ddbf7fb99401db299ca3262efb6112b01a03ea4adf819db7e7e5,427888390,990,c5ef2c814c93e741b09ef98fc99709b7015f615ea68d8ba65170f3131936854f
28b08a48286dd1b70699cf65f28499827b947d486a73ebfe33fbd0867e98c1a6,427937319,990,1ee870e234b305d81bb68c96685f4cb7b51d2ed57327cc2c46b30328a95c9e2b
28c2d35dfede9175f8d3730d77bcd86a0a6e19d7e075c803b2b0bb7e495d7486,422433126,977,9b66f81375caf6c33b789ea417abcf6ed6bfa1b9f07511beecef719e4cd46e81
28c9668a6af44e1471b92e0e9be3a8c9ae97c68a711f5232b01c20cd968d92a7,425712449,985,af3b648c59b2af56b07386f3782910275ba864dc0082a3b6478cc609d1d43a82
28d2a452d66c9325300b62d70844e95f2954e30b73ea9145c74eb0c423ce1446,425268776,984,c7d29effc7fc75609103085951e3b19faf9003533887f1b09ffff102e4a72296
28e01d669829e3bf644c7a37d5c09a7bf0082485786f46ff3220172f9a39ba5d,425950533,985,4382ab42e99361d14c48f0abd63c5b1f2392cc362dc24909fe92100b8adc4c77
28f3157ce379765072908606a3f2703e71689dd93240b45d7a34c2e7906fbd73,424342185,982,d0f68d895433336960c969ed718352fc4f61517411081da2d899305db21538fe
29114e93c1079abb22238b297ca15e51362b6fa02c797606c4473d2e33ec2a4f,425966049,986,c6b7c94ef9a8b13a65074b0d02344323113b4a193f1272bddf46f18a6091825f
291a6787e6550107d99fc512666b9ddf3fb993a6a316802add239f5be86ac13c,426778800,987,8b41ec09cdc6d0b679a687bdff760b9c08d566556c6a64bb85b2da9177e7f883
292215f358e0d98d773b24884fc94aac2940a4fe3b304c03bf045e7d3a216b75,425310486,984,b1330c46a9096d26d432634c2035163b6aeaccb76a73014b66c466d35a9fe961
2934193008e5d766a37291519a2fc7113f9f1f5e95adf92c802ffa9aa5dcb05a,425168428,984,134f04bdd8a43993412c884cda43f4b79826dc4ff8673913087aa24a7e050158
295679159cb27f36102e71dc5dde171593abecc8d756fa5d8433a86bb3d9567f,426356207,986,fd9c50370b267c2e417950a460c921d63068c18e817f04cfced627dfebf33862
29579cd53e3250ef3addd4a277f7f22917e2fed19b8e00ae2342b7757864b125,426306939,986,b1dff22070c51955a5fa4d9dac459830f5b6fc672b269a35578541c4d8c0911e
296e48a5b7129b352512245311ba2fec312236a84176c64ff3903ac28561d67b,426136490,986,c3b9417b567b77b81c2bdaaac96df549a11630fc5f9bab09a2db6f3e17266bd8
2976146b2ed1e78ce3027e431aa793d9ad7836e546a4cd76206207b7b0519cfe,424078598,981,656229514bae1a79a68cb5533b1dfd48e5ffce4e42623cd3c96048f581da517c
2985284cbd2a72c2202572e8cfd166332779141ecd108e46b3cb78c3fe9d39b9,425148785,984,06c1da95a6f969f3d0aed8bd741b56547574515841887b54e3d4abd46fc51343
29bc2df3ebcb8e6205bd5306bced5510a34c6095eefe261a8a589a19130ca7d1,423735560,980,053939da9a0021d56b530ac6790782f89dffa1a1eb16dcc025e84cf7da51e365
29d3ad889f435e9b525a4fba31ddf2498a791013bd95d8b54f2f30c74ea1a91a,423813429,981,b0c0fb6be1db05be9c128a403f600706c3c0c33ac37d626bfce784a212a30aa7
29da3b0a6cde108a66f65ebafa6ec1aabf8ca707902c3353328aa8d989a1c922,426217963,986,557f125c12fef0705099ff622a6a8cf6f174f9a5e50dc5e4c2b242c5c0f4aef2
29edba8be54c4dee2ed6b6802cc8391d6ff04f00b74229bf3aaec423bde7ee82,420930088,974,fa01f4ad8aae22c94fe91201983b007fbbe66f8638740956577a7ae19d17a7cb
29f0351350cdfdefca5d2920fbc5a9b6f38806acbfdbc4326ac5ed0498e46439,426055309,986,1bd5b5d12c6ee0e3f97e4b28d4ebcec3f1e78160601773563ebce27fde4335c9
2a271df580769d47f4b91e8f09000cc5665dafbeaa451e17ec899bb28cd0435b,423821444,981,db14376f92ad9cd4d268bb965dadc2220ef7c38890593547776bfe8e63f39fb4
2a3db3180b7c70ebcebf19c15d4bd02de8634a527fdb92fec959cb317c9aa329,420931223,974,5dcfdf3f232dd9c1209d2df013d5805dd6cfdec8061f7680fd1b4e15aa335429
2ac3c3d58b8330e12c120f7e8c4c70f794755c61bec86fa9b3db5212279b0f22,424471136,982,a559da9880d8405de5221d1b95bcbba2f8811673a9e8bb5251ada55959e04a49
2ad78055b701029067d6133bee1023f2ab0306a6c468066659122e7a617c1159,422567145,978,9050638aea81517bc6c78590c57ef6c5af92183a7de8698a6a4d319775534a5c
2adbd31d63aac450500a150aa4d6cc8bb105feff7258c29e5a3f5983ee09f616,423678439,980,c359f4a672d5af1a565a6c6d952a8d5e32567a7e4c721f93e57272b4807456c1
2ae7fe53ceeb4cecd8aae6f4ef38a82ea31ea56ad9e3fceb94869526d3fd3bc1,425053217,983,8b68993d105df4f9a8288c862a32a9717dd474eaeb2a108547af1bec90b54aa0
2aea3fa50fb484fd8edacaf5c72a37b1a19d1cfcba1353c2839580b12730770c,420902023,974,49f2bfc59d07d604991ef251348fa74de2a6a89dcb9823a659c0e668c496ce6e
2aea55315159b81a73d4b2e301e9a9fe9acb2f78fe7fea8b3a567e2c66cf5f5f,424577663,982,54ce21ea18ea238316961dd0bb8612ad460109990d2c629990b1a021f0663656
2aec758eff016cb8987214414d555f1f1028d911aeb21f4a7d01a4db73f618ff,423964740,981,f20b21df508344b3881d291eef2abe84a5bf1738aa4780124b4d082c1fefed5b
2aef73d558205d5f220930e489dfcdd2a0545b5b214e5ef681c1de2c58f0cbfb,426705213,987,fff7d4ee4c12048ec84e49f2ba016062b2dc5962cbb6750e0b7f491ca7d6cfeb
2b09b13ea46128284db44f5c9a8e1630d1aff12298c2dca69e9d23f14b1e97a7,425965176,986,df2341799fcace9a4424d7da0ce1f4e11f565453fae84c7fa809786bb19b02b9
2b10f5bd34068e79c3c395d613749590cd79dfbf98558b64a4b220b4e9cfae51,423514680,980,33504574b400d21f20deafb541cbe90f0a7c8556e264f6277dd335678026e006
2b1c468fac6ed1d9cbf16c5230f6fd24c5a4d31acefda5c35012f28ddadbd552,423700556,980,d40fe9d44f36c0e2176f1f7edd2b682ba1ed38cd18730935eebf2a135efa4112
2b22d959d9021c3fcedbfaf526829f71aa46bed898bb6cf820674abb09d3b325,425285847,984,501429678eb048f92d91fc043570959242f0347b21aafd7460eb1054fb59ee07
2b403f27119c31b544944770fbb0c0b810e5847e0ea10dc3ea9c44a957278524,423744797,980,aa93c0dce5cc09c1bf547feb18373038e9363357535b2d6120dafc9aa3fcbc7b
2b44c4feabc0aad0729b404f80a841ad2f10168455d6df46a2d7b6727a0d189c,427582052,989,07bd2bf31c08b141f22805a8d99deadf9d05252e18b77e73fcfdb7b58669b045
2b4977a2278db840f0186b2cad37538327c7aa2fd541a73c1f789466cc329189,425943516,985,fba70c5d8c63b7857893a511c2fa6b430ac0490f497c23be48da5cdf98f4fea7
2b63535785d4061a2e3fc371ca93cd04c9f7229d6ad16e47c5d7c68748f88a58,426540277,987,6744fdd9c9536ae3abdf241ebc01cfb79e584ad56217e018a698ae730ce79e6c
2b6c56bcbe4ee7d26df84375e6d9465178222c674aea0d332568777f4b91226d,422781976,978,b7b99a4671f87d4a52bb4a413c7fd568110f04c782dfd50c2e5593185d2f8672
2b7c0f4422cfd2c2bd8fa8e0a7ef8318aeb03257a3993673e9c99e42eefaf22a,424435520,982,d96a86632440e6719e4ef0d9ad7050ad0e0abc3ed1dd7e74034fd60c3f41b670
2bbd2e2dd9a6154eb32571af552d176b8d024f2d6fe187cf3abff90e3d5520d2,426475678,987,11ac3d86476dc7a16b98c19be997e1c2582635550dacad76f263f4bc942e0730
2bccbe7a3bf9b2ec9cdfb17fc346cc7e6a7b8dd588798049e5e06b09ae8e314a,425511041,984,2aed3f3510315002adf6eac2c41ca582c5e4ee72d6ec2f7b401517c959094c34
2bd315654976128782cf3e3422f01aad45f2a7cf457960055574b6a0dae2a49e,424201200,981,f6e7ba998333792839e2070f8cace3c4d96fabb26514fe68f553c69c48406f75
2bd9c11f6de5b85d189abfa0b3a11c0921a0b263a27820a65968da837895a6f7,421672949,976,ddf3d91f7bac852b1b9892b2e978717d78a7ee8bcd9b0c501c4318349fda53dd
2bdc4529189c0510b0e8c1b8a2465d12435047a80ee865341252a4490026f8fb,427003060,988,daa6f02d6a02b45fe80e63535c93608922eba7eb2b84b310371a103ece377104
2be749a195397709105f4d4eaec72cb44912a4a095ace72c0554b515fd0505e8,423804738,981,dba36a9435fe8f9c21e82244a7f488d3a560667c006c4b8c5349e1b5e383208f
2be81c6f527c52a56ee20e78804dbe6a40f21c1a4e9356d7eb5054e38dc696c3,427675832,989,f6fb6b5faf81787a490a208a30a7912a6821cee1a23248133d4b806ee56b49e5
2bea3182966207b0411d477f8a4a7ad3a2391135cc9798d75b77bb5b36f215cf,426327673,986,1e9048e5f90ad41cec25cc42fbd4460ec511535cb2a9cdb147d4c863aa93e2b3
2beed00d9560dbe7649a39f2e708b984809a1e3b1106ad540a16df9dd81d5ba8,422966413,979,a31e71b8d8ae42011451c691ba2a420a50b47d744570a3c01798c2f234539f22
2bf6b4c4fdfb92012653ff517694e5add2113170d8bd5d7642fd6d7b27db10e7,422647496,978,22ad0602232824b82d895b5b1000b9e5af54085e6be191380186fee94c52f78e
2bf75312618fdfad8ecd42edfff6a47bee0a5d0d526a46934de8954d5f659dda,427107511,988,06211741a6f03c40df007c7e8006dba878c41efa9a799a75bf5584401dd85d96
2c07236e96b109fab5a6d0f806a6b545edc408e1ca0275e712e40124de7d34ab,421951347,976,20fecf6005c57dcf79f6d754762085017a81bc17b918104fa1c86e017c81a80f
2c0f69e543352b32adece80ca7d914496c6e15db01de36606de439035871fa2a,426808041,987,c90134a21842343060d87b142ffb31dfe8248253ea9564cc07aad62ee446c0fd
2c2aaec5337f0dc8b6ec7110ed96dedc684ba81c8146bf90713412bf784596de,423968327,981,d98cab282e6388dac01012a0fd979c8f44314a70fd9644e11d1dcf426f1763b6
2c3c325bd49cb5f0b29953fbb42da5561a9ddc8ba84f2f44da96cdb73fe6f0a9,423994237,981,b226660f49c1f059246f1d2917285e19e858b40422b13498a5bed45a57017bed
2c68f1087fd495d579fa84fec62cea54cc54a59230b0764694cff710cd2d4e8a,423665980,980,b9ceeae71c121b72686869f6436607414798f74f06314de5adf091f1596d92ad
2c7e3d200e1014d9fcb6734db883d8bea6e22f4a87047064df9a6ee0322e4fa0,425728620,985,8321ccfee2896fcc538515722bf4f3bca2a447d3aacfb7c830bf17613b71074a
2ca2883232a90e47f4255a096b3fcac542219ffd43b8b15104355a2271a9b614,427481401,989,2adf7e8aa2c256207bc6e2de49d1a503d98089232789ef0a2d721c473b3bcbd6
2ca2fbe8bf0f17525ae6e5b72b820b1a0776d488f9b731abfd832781b190c19f,420931492,974,4fce4a1aa6f86edf38d4b2a752bcdfa672efa8835bc1df8546cd79b29d59d125
2ca3936c8e5482641b52eb27ea6b9bab36059287022a1552e1aac2595e330fd7,425657901,985,99422c885a2fdc3df2fedba67faaf3d4ba16f41ff0652da7b0ffe71c4c3c285b
2cb3357c4b8aedfae863e3423c2ac0897e67f705491c849dd9cb86d25a3f2180,425296544,984,0b94598c1d3e47774ae358193c524cf620b916da0e801c14fafe77c59da9a5d6
2cb3ae01473ca36aee499a23a3dc1f36cbf99b8418db90a4aed05859e11a89f0,427199011,988,991ad429efa5674f3c6d720d4c5d7cb8221db13161dcd24dcd4e7f64a9f877e4
2cc004a91c339ebd9e9de54f6c9043e56b9034a321771fa1268f1715c8417629,421733686,976,f1798bacf5e974f69eaacf6418e2c9c9b86ec7b831e572b9177bc8239a890c87
2cd821e602a52dd1dcc70b7740fc45f3ba6452f09e8efea078f3429a88e29062,425639960,985,bc29deba76141ec3d85e1f3f2bb2b9c06f923f1795b9b063461259d914ddfc11
2cdb5b2a0d9476bdda16610db2f85606fc545267aedf6f325c064cf5a817ee35,425681925,985,95eaacd800783fd2e4a8a54495209962929389259438162e3155c08e21be6e83
2cdf9b8e83f95a02a514c21b823b82a3ee31157bab5cb42d2ec4f3bb85796afa,425762191,985,5dc6feb1dd17097024e22b87920c3bfcfc12b778943707f549ef9c8e189e1bcb
2cebddc53910decc2b2a99d4d03f3ee755df35acce896d75ecdc8561d77e89bf,427605692,989,aeb4b7657c4961668a5d5a4bda3eb9fd773ad05ed20008610a78118612290ee8
2ced02788d31c2e0a8da389c4fdfc8b4b0e89287b098b84b4d54588db7993575,423547928,980,73455c65ed6ef10f9eaf16ebf05851489798fc6617a131c23344bd78ae263d37
2cf2298a789fc5de3d1abc582987d9abddce0de6ae2134aa59040937987a0842,426615017,987,226930a56370ab97c90ed0f233fd31cb39864805826e3f98e28621936205626e
2d0fdc4437132d5301ebb07d122a1e15146b803aea38c468bdcdbaf400dee8df,425223243,984,6a62939b29132f1e736886b8cf9e08dd1d0e9eaf175edd2a80c66c7361da05d0
2d112281dd8de28034debbf424b6f22a8a52d7585b88ad56bfc11cf635c8e06e,426818124,988,e206aa9022df9b7ffb8f3d00771eee3b4114fdc4e53c6e8a19f656f4c8e87496
2d2692bec0411e197c6a945f2d51f46be5f273abcab80fc42075c1aa269d7708,424489778,982,057b2a7200628c2a4a9a3fae7351972f876761ec615a4fff16c1d87d387a494e
2d27a66916ce3e3d1f425a1603c65ca54e73c7637e4b8dd1326b3e7d42741278,425842077,985,33f6af6d626783b486952f130947b42d8585590e52c1b867b3558984b5102bb2
2d28ae93a9e650b2d25af8e500088c275af5033864028e66195ef3a6ac010493,424056876,981,cb97522114723ff1969639e7dddacf1b072afb8c7bd90a6ea86d2e7cf0439821
2d3ec4065d2c2efca0edb7cd4c2fe15e64056e07015741ec68a264ac8a892e9e,426683019,987,e0fb4589b04045c5913db910f6aff210a533ce35f147890520b2cc2bf1fc84c4
2d44dd7cd0ab72a96680d2ebe4f71be70175c0e0b920a916fde7ed4cdf3f3590,420900385,974,362f16d21595b421405cfc7c8f3cf94717eb83d9d0ce682edfae103159b8f278
2d5a8abcb3b935c588fb47b28e4bcba1b867feb2a6494457195c2fd5a622c683,425847383,985,6a8adb879836b789dd87e5fcd7ed8865a5c196573c9af58664eb75417a700885
2d6ff24c2bf4b690d3e513421682c15c41adef4da0f6b99b4cb4b0ecdc6b73c8,424368065,982,1b2a4cfe39e1a63568bc661a1d0c68c7eb5bc389073a1d821c2a82b133c98210
2d71bb992c85e6648a84973a751e32161257007e2565c19714942ebbc9f78819,424639751,982,1fb7ce38af9e362700d4c93cd1d7a57b6c984a7e8a20ed08c42c0907093e7ad6
2d7462df8c475901be8648b72fb575d557a98fe7fef76e30fc45ae9ffc3bcdbc,421554827,975,325305b1fa0365e7866e7f218c630ad90028f0442c0cf6c355aef4cfd24ac0a8
2d79941d1e37cee85740c7d39f1536303584b8139a967847f5fbfeaf04e05022,427036932,988,3fb96de985f980d76b2806568b6c817ff0091d8b5dfa9c8b6e606d1c920fd93e
2db8bc5b07487eaacd6ea1f129d6b90dd98693552028a8fabc848bd6c0224eff,421391901,975,878881db04183871ff895c18e3ba3951e162e352b96375b8b5861992ecaf60c7
2dbe7c3e116751e027d1b479a40ad3d4075a071832ce2ba65c9d7dde98fb7d98,423915236,981,5851e3f096aeb356db30cfd1741b6af2af486d6e3ade2fbded16c22da48dcb14
2dcc8df983814224239b99ee4c06a09fae21a33d848b4b3e53f548743378003a,420782741,974,b99dbb438eab038bf54670ac151a95f7795e0a28e2206f03abc1f90cfbaa22b1
2dcf89b99b6fcdd165fefc58e45907a32b614b4ccd4e560a87fc1d313e63fbe4,420930711,974,788f84575adba44037b5f0a0bad6ef2fd30612d66a11d61c3f3eaa0943604c7d
2de58453d407c6e9142c75ad2e0f5dfaf3d87ee6f9c97309f547ff4250734156,425953067,986,4095ee70baf0a713420edaa2994b8d0d4b0bbaa4f20bb9dad03dfa9214a4acf7
2de9bf4a312329d4166aca52eb6df71ed5b71d5ab3af4073c991e5e149b73d49,427131968,988,75d3bada920445513ef04c0f5bb282a610facfa49bbe574d83892608cef23432
2e077db4d114589b10f4f5627b8f11c0b4dc33efc43fa64e5cdf4f9fd953ab4f,426573969,987,6723b98c2b387453acada5e807a36016b57730dce1e83e3fa51e0d3c9bcbd626
2e0b4f476ca9786e720798a22f7f5992ea5ca795ef57e2bcb0adc6f53d7e0202,422057332,976,6845f425312b9b4b5459aa1db10b5c5a88e056f06050b8f58114432373c3c658
2e0ba6a531e231354148b014b4ef9d9d2be910e5cf795f5ce1242646ddc3d3f6,422779469,978,09ae9c19b4a76b90ad7518484651459bf283dcc3136ddf2b9ecf04e256631131
2e10136738bd792b645a24a64ef0e17bded3dda14177c03c60907c4fa89e670d,423703109,980,fb8b4edcadb822f281dd795372cad3271809c727562f35a2b9741e79c559a82d
2e1cbe8a62d05d6700f8dd140fc4b6c6fecda1ed7724281882d568c85ecf323a,423585977,980,89340080990c45c6f013db6eca8a03f131846f57a5c91d1fe03d69f83a0b0f81
2e296268e84347cb1ee134ff55b1e3f675d84eb037e5fd33d2b967eaae37f755,427980192,990,f46846c247cfc9b2cf16878e88dba4239b6841ef542a5fa023a7b366497bc696
2e3be219f87dab25aa92bd11af17b8454baa5d5a1b1382c447a610526e78cd0f,426692622,987,bdf6f173354d439f69ffab55d54783257e1755547013beb0c87adf31489bff0c
2e6294e7fbac4d76b537dba447667261cda3a9d74e3355e5f2f207c6742e1ce7,423087135,979,42dbbc158f40bd98e19b7038e7873bd10ab218e6b51ac54c27a3b9912726767b
2e67d037d9b15d291eda154249306f7a42e92592517d2c2e66d5fc1f99a29bd9,426215377,986,6b3040b13e65494aaefc2c290946e1ddf783c75d4f6773c8aabd54129d88db38
2e9006e08cf3feb4e6c59e78c19fd58321c00352ece6833000cf9f611edf73ba,426324131,986,50dc1ec012f2639bcd77c8de59f812e0bde8c3eb278fda612c5f5f592a4cc549
2e98fa293b25daf96607bb30721050675575666cf20dc4f3a3372d224e8b90b5,426608115,987,489144215b4dbb6f251b2976c6905b07cf7c654170505b9571f0f46c4a2c18d8
2eb4ca967c584cfb89e7a55373ff6ac99d05660722adfa1697a4d8c4e574a3a5,423395169,980,ed717e90112669205cc7c04fe2caabaf247f60919c250a2e4c1786870b8dd049
2eb54a23974c31bc4bd83b40f1daaa82bb9bc3b76848eae452228cc3f1f9e893,422391341,977,44d366240b110272b4bc58f24ecb5ac21cf739cac8124d9276d512612c8284fd
2eb91fbcef497d481119d62a7ba2bac03f21173b6c9ad464d309d7a6cb139e81,420931742,974,48028ff97bb4e272b479856a573a6afdccbc6bc7585f715a2746091caff59ead
2ec8918ec3b99ffdf98285160c8c6455d32b0c13324e436c6d221fc4066521a9,425769179,985,a33cf4568bdb4930840b71e92962a311790e352aaa90e3fde32eaaafc3a674ed
2edd861e2a02c6b1ed38c9338aeb73509c9c13701187e35e5d23b0381bd404fc,421959541,976,e01dd74fd6d4994b80ba4faf6eebb5686ce3e641bc02a332e5c9191cd97f2626
2ee930cb297be0a6ad41638fe93132ab899807e656498ff36dea4f1137f4cb68,423817963,981,6a304ab4761712fc1116fa91d0a76f0dc3d7e7555cbf61ca5bc600600a00ee2c
2f000e41362effb172f2ca2521596778dfa9a2d343a49d5a5948d995cc68e5c3,423974925,981,10540a88617366a138bbb8237dbc014442a2701428d4d27fcec161de19ab5ba2
2f092f8acb6b4dd143ce6fbeb960dc8fd562d197bbc48b6fbb1877f3d0f0d455,426955188,988,0d410eda0fa79c7f430059de7ac9209e60b13671f04d71316365494ae5b0c980
2f105fd561cf054fb8099ba5d2676ff50d5ac1e93b42529e11f59d43fd15b883,426495948,987,fc19ca430de3bd022f3574354088cd6b3a660cf37350a7a02d37eab981708b18
2f12221821363771cea1f5726e3735177a8ca30037d4d2b08d6218191d5c4db2,424134022,981,2167dbe0b59e8f6ccef9831b015343720256a59f71302fc5dadecc76946eb83b
2f1f1ca927650cf80baa6367c48302fc6912e949fb13de4bcd083dfa4e6bec4f,420914322,974,a1d440e0c039bd37917cfa2c1d84ca3837564c3f100d3917cf4d2b7ce3414632
2f34454b4f921620cc290de85a7010e955016e8f3887efebea620ad4f9d8e5a3,426457102,987,cb0c8762e312f41e314ffd889348b27efc7a237537882b3ecc8e169d9e66f95b
2f3c6101aa258c189b63bf4bf5021a1a41e31d376a14b7285e4ae93d59eaf07d,426872085,988,cd8dac36490fade34bd62095235a6716baf8454ab0be267b70c94740ce9a1144
2f8df35d5fdb4a03094c88dab693a42bfd13a9f790d2bce77658d67c0ed4d47c,423717819,980,f09784d5b8e0da968391a69348ae6efcdc2597ee46a1d05158ab85cc4ef14bf0
2f980f3d3080cb98492fb646220f60cba81c7d738471d84eaa221cbd6ac06006,420930597,974,fccaa7107918466119d187509bcee4e4d50c4a0ed1127173047fdff1ca9aea7b
2f9a97aa8e0f13f8b88e3ee3d395b8ea9aa38e8a6e2e7e817c6e3e7534a8bc61,422966428,979,b925644051b5bdacde6b1fefb4de17de29616209fd78fc2d261a781f7b1cb63f
2fae2e28913cd50da47f1b1fc63efb0c385b9f1a3f75923140c617c2c115a0e7,426805835,987,407c79cd36813c2139c96136c205a4daa97410878dcbc865fc8c3593d3e2e762
2fc770660c1bb9f2b34f3902c8b432ce4e19009dbdda08e125637f353dc8ad6f,423849998,981,f6d44aeccce2860e19193954788daacf77eec2bb65960f59580dd7915e964053
2fe1b8334f9fe51f6558d9b326a8da58038c65131b18306bb2d7363237d9846e,425477010,984,50b34d8b85211382ca6529ac507dfb96cd9ee1a8c2343e7e89c4ed710c7e5fbc
2ff431edbcd5ceae51b8d8e2e1a382c810211f47e74ba2118179091c00f16185,426688484,987,a99bd822b79be8e128386518ad6113b575cc9a31119a4f7f7cc1691ae5845432
30217b22c499f5a3c10c8cf460c4a6664c0b2f0a5c96d6deb8bfa234182616d2,425475482,984,d2f93a366bd014056af1d66715f45d51ec33e9bb49c417d1a70567a42b4f1139
302ae8838ca9c9dabb8924594abe4967c2cafab254408b98ef5c866b6666a743,423756109,980,df66d6f06789a578626690a0bdf3e475a4936e526799d854a888d8789d155d70
30418d9d3947757e43a8751159cb685795a7e826349a1aeb251882f45a8a71d3,425687804,985,1eb47253370bb60986b20c85ef7ecb6a68e9646c049c9e9f6cef20d3da67183a
30545b09845a7e47ce30bbddfcbf3b8488f4d9c88d06d05d2dbb0acc10f2cc41,424732940,983,c6604e776a7a416bed035b0b55062d3245056b9c37cc584a7397034cc5765c1c
3058d3db81b47a69173986c431cd2e8978ce3199b5d11a27881b7ef28e5eb4e3,423802865,981,60cd6be0bf0e485bd7c253b918fecf1a736558587416aeb669509165934bc99f
307619f1709fd9648cb707b01dde3d6a678aadb917b8e3a03557c4645a124895,424087892,981,18fd54be37bfaffab98733fb2a4f376ed85a55b13d4b47e25fa8385c86a85942
309b7d397863cd8b9437fd640721b402abef39c3732fad59318e3d7f10c10d96,423960014,981,93f084cef7ac5df19a29400175f2fcb9608d9691972dbdc8318f2c32ebd968a4
30a63cd4f3f85c57d48e7dc702284b26bf22d5b6ce6d281e6b34c9cc4815c998,424210649,981,aa52aeabe7d10e0a614d82406b749fd021ec1514d1212415c884d2288588282f
30bea1f5e929a1b281cfdcbdce023ff1f0e0c30708234a3b897593405cf422bb,427050003,988,41c70bcd41e92af0614c84cd57ab888e91591503f10026160feae7a8376c7ea9
30d7f3f5c96be36e94816affbe385b0892ba1d0f35e14342c7072afafc187f3e,422405716,977,8a98f2283a51a0a155b57ff71d55dda9d642c18c683af6102e5b02209ff29d22
30d9a119a40e7f6a96890c76795889c120d2f897ab586b0fdc07ba30d9e58162,423442579,980,032b702ab5a08e0fe0a016b70fad5bd28fce472c7b3eba891b3284bc52c975ba
30ddee6d80f39a7be01d40b549cb197596f186b6a6999417144d7be093a6a696,422778003,978,553fa7aed865b5c8e62ab05cd0386fbd652d2f3c500469f141c099e2e24479cb
30ef6340804ca258a4506332683948096b3a13b881509aa1d035532aae52f4e7,427958050,990,857f8c9aa13ad112eac3993366b36ef41d5729b7d38577513a2871c577d20125
310585ae5824b36555ab19eb703173761fbc1300aa1d5f57d831ad59183eba48,422966320,979,fb8040c2fcdd981d47fed073864b088096f622b4fa6f9d50be9d4f429795cbeb
3118e25399049896fbe2eb445f4f2989ab1755921b4d841e1fe4300085ea02ba,426263948,986,4738e23fb34d5b916dea520f1004df21fa9c3920ce8a5da18938387cb3d0fe34
3127be93064850ebb68544cffea6ff31a395cfdc0b3025fd799b7cfc7445e279,421402993,975,cf55ba9aa2a530afd979ab77a2c0bb1cc4beb5c8116e87609b28aa7d0c594874
313fbd6122aaf2b463e065269a1ba9a70e5dd2d7ff16a4743b6c182df8bfb085,428035587,990,032f3702eca2f94597d8fb1aef8222bd19e4aa753d1043ddfe4062e50835bbe7
31572d2630dfb99b6ec6d3b0a899b84b98f7659e9a7d7bcb63143bd86818c553,426820976,988,12de63cf24eb242b8b8983347f3b1a4517536bb8b4d3b31720c676d6400bfad9
31595673de586071bf1446b935e14543e4caabca1d63ab80a86228be8bdaafec,425903379,985,463a574033daa34f89ae0549c34b032ea3a8379441c7617e6d0dc688e463936b
316d33c895007ecbe1fd96e911e050b9cad08dc639f80e83ea6bc7b64bfa76d2,426657492,987,11778ce76a709f582ba8eea18973b636ce750c0ab8c3aea85c1714345ce1c9ba
317914d8f862b554716fdceda6e8fc3d2a6c1d389e8a113b733d479f0e9bae14,421537907,975,d5ab0e0de821737442831506812a58bdf18916f2466b69050fb5a894b2ecd877
31a22aa1bcef936f3d5acfe8e3c408a1aba9d4ae581e8fde8300d7b5cc490aca,425013319,983,e854d142d6e88a5f89d08f3ea154397341fbffd141082bb8c84c7bdddbf80fe3
31b199d223dac645b79c7bd34a49ec0578232e77a7d8991a434a36e9fdc01e7d,423850300,981,16f6b22bc277aba0cdffe7223465b81c43499b4a68cda8c04cb74906ddd76479
31b521c8be1a3c6ecffc5602888f06043661f16547b93ce041fe8c4f05c62df2,427262450,989,cab9a2aac3497975c29c7777ada592f4feb2788f536898186ff9e23bff9c1673
31b5d806df1b628f9b16e4449b3ec463478b5e3263163222e5d2ee3a66a224a1,426074165,986,8185e7a89c3a81269020e21a71a13e6a007fc0a534f91e2dbeb5b7e8897ffe00
31c5cfe6236a865cf2015f57c18634837f96e45587b1ccb6e6830dd520274ab9,423427489,980,7c773b346de41c33822ed021ac92816347924fef384e5deb2e2a5aae721a1a86
31c9ce9a5806315e286c32f496b3afdc557c6b09ac6c4f16e1e78aaddd38e956,422495201,977,77414e1351e2cde38443a64a751a6785b8b416d52f98ad224d3578f7fc0fdee9
31dc93ff32a157ec106f6c7fa8826fa2337cd335c801113c0be371688734cd8c,426070939,986,5bb6d3b37e8497a23478d956c0acf47eee20f7676c78c0b5e69c4878721b6073
31e50176cf8738368e379944c5868efce3d5375e53253a94fae5b979bbc1063e,426115622,986,cc459ad2e09c7e0361545990cbbb23195f2b7827bd51da4411e5bfde6b299039
31e8e3137a602d910aab30bf570a3a9ab658b0e768b0c5a9e5b304b9b720be07,425806023,985,50b886d78224c16775b4d61b7c9ff4a447a8150718eb974c257c4b641b593758
31ecb81f7b66074a5c94bf2df68d8264ded039027f0aafea4187b7fd7725a75b,426743900,987,3758191b8415bcaf3a6118a652a2809e211f8d0b01f52ea199fa272a1518052d
31f1ef3db6bbc426195a6700f80973c6ebfe163ea8b4d3c88c2f55e21ec474c4,423905477,981,2dcc4ff4fb915dde45d67aa0865f96110f6eca327fa547ae7a229ac25c7603f7
31fa2aeb431273e8a57bf170debd93cb0c79279e1eec57db9f24d4124b5a0baf,423573280,980,58d513c526c2a40c2292767c6da06b2715bfdfdf280f21be9a0e5610d51ad450
32072caaed24636f071e8e7e992a5a68fbc9a7077b0c7d290ba4da0e0a3be084,426604796,987,56ce61fc316a5d4fa32b866bb1aeb8b80ea9f854e36c2df9b1752ac050f0607c
32077d931e0ea4111b1f300b6093a96449e562a571b76a0fb32c9908a48783f2,423719908,980,3ffc3e5e22c76e03311fc304091782c40132c1d789833ae40ddb6e1c0d19fbfb
321b84d4888d5c640da921a0c62f2c9f5f0aa34fae314bb9ed3b730b73c7edc1,423652869,980,ae14bdd03b0f43912bf85eadef6cd2a6a10ae3dc90c6cc1cc6a12ea1a330a7d5
32233e738a01260f9ba9be819713f39e429e211d2d39bf81db8def05b99e0e04,426475488,987,8034d459d060b3c57ba76cb5598ef951497ec78d4a343fb7b390ca133af16b2e
3239cb0e80297eea2d51d133db2179768f5ecb2429a0f614ecf0930037b0dd2d,420924422,974,c12637df22cd322bd5eaad1c586739126bfd6579cabd8b80875fd85404a9a41b
324fba41ac69bc73b62a51ae8e7776cce5ee2520cae0bd912dabe59176f01e98,425893059,985,4c717e2d03fb62d4063e0952db87671d4d91e5f51db79093e086bbea902b3d9f
3250c9fad2b8a31f1d69c5c296161a882a99b32d0705c3b1c9d9f13fc0c3f1c9,421538804,975,1d17f9e99c329b00331c9f82c47db41a1ad311806c1e97a278281821e5aae36e
3256fbc81087d06ce40037295d5eed5c565d81f56b05bba2538cda9a918b4aef,424191342,981,400f0dad17a538d51270de8e5104387fa4c432d79694b91c445d18f5cc47110d
325da67c8f2df614e4ccd686c8590113cc63bfca8ec06daf0884a2bea11dc823,420928850,974,6f7e9204021e9964f875d376f17200141df453806b4a20181498f5c0bd6c3346
326c80e5df6ab03642594f7c2e730ee8a0bc84ad0c81f572a8d10b2806593699,422624804,978,9647621d84a8d9edeb3eeeca93b4c14d2af9a824d9160aef83f1e295c140baa6
32777b2353fffb39c6128e8e40cc19f7271074d7f369b106fe50b5d12ec82e5f,424335061,982,e9f692e3adbc75a5ce6e0f532f179fc66e47b524b265505d40fa3d49a25a0729
3289043c69825662041ee2c5f65426d559ff7dc1bac3468129f3042dad23c5c6,426559095,987,6bb3288915332a3c28e6a62729c105f0be216015502272abb28b9e64955751af
328a8f3ffa23a988a6e0c69e0f72cb7482d0e9826d71c65aa9e2c0bb322ddd1f,423778877,980,a2daf6934fb1c41fd09da6c51aef89b9133ed559b81713b527939f885054e394
328f342b133a1dd4eaeae65f047d0e5a48072bd7c51046a8b27cf883d7d3afaf,425581195,985,6fd72ee006147d594715ac0924920afee75120eae1bfea71d5fceb840df22352
329c094ee69f9e4b0f2d60d243d86170f31f4e799e2f28a3a094edd2a7ab3b02,422801010,978,402ec183ebd713681c4874f69ffa78cf1c61e6ad8c797a1d44fad4784dd86ed8
32a1151eb26b52e6ca5a7ac4357dc4bf6543972944ea0d8d1d9d4dbe99c59af0,421712657,976,be5c9fd174f75f8adfa96151498c7bb8060626808e138417c63d442dc537e052
32a2efa1bc8e3acdd4d1f45cbb287381facb8f1016b201c5e0bbd73b4d63925a,422777320,978,85011eb712536cc7608f80bd5f2e05a4b8835ea445437bed43e553d7ee5f26b7
32a82ebc636f8bcb4b24cabd923ad33bfee6bc93a8003a8366e1cc7abe70df85,425108866,984,30754623d2b8f2741d9b71841f99eaeb53731c9e8b59fd6deaab0f6bf2d97a20
32b4ec2ba8d2b01649836130c11d129028f869a83eba2a4fbbddc0945c184422,420902324,974,94829d1cd14374b0e78eaabb75a49bcf7f4f22dfb482542f80d4f278b86ebd81
32cb3f6f6b6b8ecf4da94610c06382208da87694f4a04d9bd38a445984cdee22,420984694,974,02c82af3c59735126ce8ddd697f2e9f7c30e7865608e9366ebd445fb4456d354
32f029918e2fd70799fa2be17b1ac06d0ecad7f2625f24a84d14e428042f5156,427173929,988,7917b8aa9fb1712b94d5421ef805848c81432e463fa127dc6645cd408108c96d
32fed0ad82fd3d80f5bd71a2a68dcaae0ede193d0c61c67fe7732cd0e0f3081d,426242102,986,1d7ea267f7af0d74895367e78b23d992a1d9dddaf07b2e9fb216ce398d9a8f7d
33019478fa4b0328c2fbab5c165ed9c1fc7bac693be9e01139a77990de73091b,426161245,986,5717b2de8e909cf7ea5b5660993593bfe0b4763fff6a8c6ea7680416951052f5
330d3ff559935dd64213eed4bac397aa69e8e746cbd1c0f96d947c6e94486f07,424732134,983,beca809311dc2b6e4e8a1cfd06b15a582dc1b8fb09d29d03b3beaa2dbb3a0189
3315aa13769cc60883055b29beb950b0846465d185d57c0b10f1f448b7aa46ab,423454360,980,d98e54d377d90deb20d9ec6251b848785f52fe0225d8e1c623a2d89ebd5e20db
33319d5c166d6dc314f19a3256a153bafdbd0a2711af268d97428e294c555102,423701307,980,67453d2a0fbe8d661a85a8b0380de4389ec27ee19a073b172c9d6f6ce59c5dc5
333262a2ca86a223b9a6da11cb79e90b468060cc00a080669b534577d9a13a89,425662349,985,c939cc1d531c51dad6f9ed9df59ddc0ab68ef9cace4414cdd3dc6a50194b7976
3335f7c8ce3e72a055af83424624568b84726d95a480c6022a663d04b39b20ed,425802606,985,af5a63a935095e145d00a9fda8a7bf95ba64c8d02178a061e0d426b1876b367a
333a420bcd3d5d8f096cb7115f1467c8aaae8cbbd972ffeee877703f1964c3a6,425797194,985,4ccb544be52c6a581d48bd9dc88d36bcc6e844686936d6cf79d1cd3cb8ae28eb
333f68c1e6fc480487b450394263ff07086b962be356f7b029584f0e6b3d4336,425750227,985,e7b1485de5a998947e6d4d06a3dbf127a02345f81d86d09a6fcaf01884df74d8
334ed0eda5a417ed4406e1a381b117fbd042ddc7bec6930f3ac7f63e2008acf9,426315515,986,37dcdf21451f3b52bc9fb76f78760147b20678934d078ba874ce666b060f853d
3359160ca92273caaf72db2958cbcd3a77caaea6113efdebc42aa001d38f004e,420930338,974,484ed03bfd941498f2f067eb45487e4ff390e8b2fd738af997d8dfe4f7ce9cad
33661e942259ee723b75e125e6892401b9081e8dca427ac72175a5caf776de09,426338029,986,fad1950deaab6110c4155a6eeeb5e921f35241994c4f8d3555b358f2be33037e
336d2a451d4eb0feee6260afeb50df6bac3e689d58145ff5b6db470857b61c0e,425759766,985,2fd6285ce9f759b1c71a585f6541b82f45ded208df37dff743ecf6b1780b81b9
336da654491484e66bbad2d9253eddfafc9f213f40f3ea0a9de9250f14886cfe,423880898,981,2444cca6f4ec2899d4f12aedb3ae69aad3bbf51f2f9fa6988e787f7afb2defe0
3375d345bc52a0305f864ae5a7022d5f55fd63d0c1e2c053ec3a66acd866580e,424438211,982,bd238c0bb7eaf6484ecdbf9269c65e361578a9e0ee534ff187ef8d7442903010
337654a05b690e271fb7fbc544c2433c320bef8d6b14bac02585f7e6709c2263,426926639,988,3fd2d13317a278f9a16fd9676fa5bc4bfcfb113b7ff2d598e67c740214815bea
337cb88849cb0c117fa554b2ce8cb80de2161b7d2019c26ca8cce036d6dbc547,423863362,981,3ed410ac6d71d5f6ac9f0e33984337d7f27a0eda72192b9dfa7f47541486ac11
33ae09dc621d949132592711713e7ff0995f035d907bee2c763f34b9019d58c9,421750319,976,6a6c2873ccb79fbf29a612da7ee295334ae5c4154f9a6bd55e49eb0309bd2201
33b0bd1f2e09637c0003fa4f24fdf5c8581f2ce92818d44495930608a5d25542,425964784,986,4bdbeb9a175fb6476af1a607e734cdb7580de746809afee22eb752f5dbc7f1b1
33c4c15af0455f3c606644947d25949ee15b6cdee29088a553f5615799a59928,422442176,977,369777deabef0b6e1d6838be54e02d272a9c9cdfab76f8db83b53dc51e15eb3d
33c9cf311389782d6823ddf9a271a65918053c2364ae702b844ec57c98b27a8e,420929708,974,b1d81533b96ae796583c7066905430878302ce15e2c5f9b448efe6a1849ea084
33cda6413137b01b9a0c6f4418dd4f269d41807fa1ff31a3fd3c801b7d8ccf2e,426141223,986,65e8fc74321c8dd751f56ad16adb1ee9548c705f2979fc1006336ae087a058a6
33d5b68bbf9b8c989978b4c7d671ddded7bcd61fd4bd91f8f9030b806a1d2233,425243877,984,0cb7f019e2a2df7db785eccf84faab137f46706de05e26abe1b31cd0fcc3914e
33fbbe59b795a7024f2671b4b1b0d942cf2ac9433721e4c537833be484c7e8b0,423772176,980,4a6f4d5b99dfccc58a010c71b47753e854ee8b37b567793c21dbf23926b48f36
340bf9f37d149ed033e8b14525473284f3a9ca3813ae9a6cdebbe6c60ada78ad,424955690,983,308adbead3f571a6c57e3609c954e8da12b64212e12a745a564eb429b7c676fe
340f4132ef084934081faac0141dcf61d83d9210d1ae37828e246efd4ae936f7,423411807,980,e04e99034aeba246a46da6dc1ff38a7aa65895940781e8f8b740385178ec77a2
341bd10d11bef3d415ceeed4064483ed7b779529302b33e3b4547770d8f92ffd,420932404,974,710a4b100203d5107948d4b0e39f4e92874040e288a51638900dde5b10247596
3426c537152e13a70192ed0ba966965e3228a3e29db11b62de99f87a4f01402d,426226936,986,f3bfd62f8bc6442297adb2283ca306e9adfac7ecbbf6021c5c25d93f1a44cf36
34397aabe9e981719d73cb8a279b1760afb0d3b7872c4870f5138b22d8051be0,421629954,975,368017a323a64fcacbd4a208d528f2353bc890bb443fc9abab26f09f8ca78fc4
3441eaf6038945a064019d3759a876fea64d541f8b2a011444b78336446ab162,426733104,987,76f5d5987fece7778d1062dd7bb3bf181001c7d13d101a17d69dd60c324d2f1b
344514d2274027ea56f15d67ec70479f81ca3691fb11785f16fb7f8e2d6918c7,426669441,987,e6975e80d05b4db1673a6334d83a764bd50a5028d1a4e13bbe1af6c84f38786a
344b30ad94bbad2823e782146b3f77fff67430c26711a84456c36516a10e9255,423875486,981,a0a65c7673eaddf5105485e97477a2e8423363daccd1dac7ac71b229651a5121
3459454350a3b5305641bc3cc5db8780cf964066a0044592aba220fce074fe35,425927155,985,cd73a60b649426b6c9b32e7915a50cbc6e368058e3b67a33cf8f496eb680f1df
347f348624bfe4ec3dd173910bc70bcef1b87a6474182d0c1ee0c244c1d7639d,425616948,985,923788481e8b1e75b9b1b1b7d7fd1068626932f427f148ba2b586fa48838f817
34807e3420fae26bece87d48c7766480d8968b0d23dc23fd8529cc9ca9e5ee6b,423929685,981,aed2938ccdd93a150c4897cc2854da97d838b87cdb4a7c0372720d1568c421ed
3494f56add4d1921b82ada8287a579e281a6c64c02b9e462d494ad001949d948,422089332,977,5c25602e56168c42ceb223874cce549faf5bfd1d101f49bbbd5714cbc7c574ca
34bf5f7f154cad219a8f4f941a641065e699d476a15fecb56a549e2a4f9e1951,424399976,982,97ee8551410449575818f026a3be2b48c910743a901b8c863dd01ca310503a50
34cc369909d8106897c2c20ee9af536d2b931101f758a00d889e4687065d944f,423208006,979,40aab5a81e74aaaf0e1c3ee01ce9d4a620ac486cfab6bdb73c47733104f7eccb
34d025a71654a7c7647f1b305318fa82d340b8c9ced52fa7c32ef0364910ed34,426546857,987,7cfd3303530c40b6fe2d7cb35f0ef5c192fc7832f9beaf15cbf5e777e5a5ad5f
34d197c4e0c6a1a94a7838a74adf58038de2c3f93115f0a845306d756e79a066,427501584,989,51487bcd4029e69d59394d3f6d8d987074a53c19d0070ea4afaedcf699bb9a10
34e45cffee7ad2d8de79406993e78d6c7802d6ddf29c7cc9a59bc26b9a2cca35,427481689,989,498804423ee410e02418ca4c3f5ba1fed9cb8fa99c8fc24e65093832462eb47f
34e7fe67b129d08977278a2f37d8c72c27329d65a50c0eed357f9458a87077e9,425701216,985,b1ad6a18a1598d7a7d939237d1a8a172cafdaf0d25c938ddfb072cc7dd32611b
3506a9bee78b8b4b544a8f5a53cd3d31923bb315ef369bcfa41832485b14dd30,427607663,989,57b365c38de23d1b5ed6b0cd81df4bd216fbe783da960743a1c1bb8e7ffe147e
3507c16f5dac4840936a9d54fced131271bb2db3ccedb7161ce417b08830879a,423792709,981,99ac436e2d6cefd466561d9db5d74cf20c6274db4e4ba57cac2b6186ae89cde2
350bdc636b1fd4c4ef03f8cc57b51dd7dbc664bafb8dd91338ee2ab3402d71b2,425145558,984,c1f946fa90ed6939779ec29b73af5ad69b968f49348fdda3415e6e2bcceae05c
3510d94813cdd5d064c48d775dbec66d926ff38e7a99f4dd10bc414b2b6b7906,423836873,981,14200f1eae773956485e4888523adf480240f38bdb2db3b800713347066cbf58
35374d7d31d56b9d33f45839afcb4624829b6719d4d36d4d30b5913c2c213e1f,423761354,980,77719f015daf0ecc00e09a433b2c5ebb87dd57581be17d4ac201b11b4faba2a0
35402596fe4294df1708293af098cbc4091b2d5fe65b481d4e85cb4236967967,426588012,987,1f70d63bf27b06e5bfdc60d8f08d1ea70670eb55a3d220d809baaa0c5b0a74ce
35479ed133af148d67da3c26c111c3346a5b1b1888495335d222879130f395d2,422059744,976,efd994aea0d28182d29a971884a87f1213f329a334a5f162b735366f73442049
3571b9d2ca95838c652e3c60afff4609c8e0c10381c38fc0b33a2f22dcf8059d,421629696,975,521d26881b75a8db7792181d832903dbea52d41a998b30ddbd7231f8468ac91c
35ba5e3f122c6bfed8379f5a716d6b737c9b05b9845c3ef01d6214f69b3b7cf8,425570460,985,97b9a9f14edaae43ae076d18370e9c59434789af1e80011fa11d2e548bb453f1
35c15fb49edaa7b615d4ff8cafe9d92dfc0cb02789eb67f43e82ac6d6d66c195,424072077,981,1bcef908239c3e2702ad5f38d53da7fb0cb4135022c16b3fd63a5ccd0d7d59bd
35d074ce00d0f4cee2ff60b33517562ca13407aa19d2c121621cdaf460f42593,423829009,981,43738e6d0b6626b24d5a846873c662e43f126692f080339db613c7c98b668294
35d96de85be010db45f70b12159018b57f4c55290196ba5c84493cd049cee7b8,423896934,981,bf6dbe7521a444a5dad3334c1ffa1844591c0b5ec631f4024ee05e7230270e22
35def57e5c6ddb25fd125f4158ed8e4c8ec111a6985edf91a3e77b0cf99aa4f3,424013387,981,236c9d2ce37791fb266c6812e1df7fd5b04aa498fdb019607cccf588fe10cb3b
35dfd50cd4a4eb987b6d8a7b6d43c81d426b1c1a9cb3476941ef38181afb7623,424571969,982,f1be3232a6e445e8fca95e1c67ef826de4f74397a24e30e2cf798466f07bc724
360cb9124d68bbcc802c719cb74fe607013573a4c86f0d923c2c2e866d78a46d,426359980,986,6bcafe557b81238a31eeac95bbbf2613c86dd0bbf8ece3386fd7b06295ca3859
360f8a0811732c9b22e54632868b1ddf36269434cd7ec5b599b4c1343ebe1c7a,420808223,974,c5a33870f24f0b702c7cc0c9e47c3e43b9a3a95f6ba58b502b6a68e65fcd1b69
3621a692e6d0cdeb8ed2932c7617256676955fc694398ea0ef74db38bdf6edef,428084713,990,ee9fbec3fc7623c81bf4af49f98b3b914f9b6c1a97ec9b7ece4a9b39ca80e0ca
363f4ab4fbaf27be83175c0f7d9ff35de02e966e221bcdb238a8df11f4121706,424550076,982,adb4bbcc0bb37fc642e00dc7060c298a3e813dfe26fdfd4e31554fa4025a07b9
3647c5cf0e42bcd9727e4e66ad498b934039aa37b987a29eaf4689ff306b8ea9,426256761,986,c4e1ae7a21573d4eac4b28e935e804dd612f2e9edb155a7e0583b95dfe724758
367c90447b1974245cc100a39b17ed7f67d7965329302d016bfd76b8973a155d,423707200,980,74943d2bf18356c3ef661a2dd0b8e7d180bb04fe9ace6e1423c89ff758ffbc13
3691c8456e281712af07905b285fdb98d25ae507b7917dcf83e7fa510472f409,425947328,985,5c846f9066213df6de3b4a3978d4500d10f68a480649a29bb4523cd455c8f518
369afb6862b68050b81bb283807c823b7a21eab38827f5dbaab4d9e899d4316d,425656596,985,1e278a49ebb81a34d0ca01841fb9426749f3c095f480c73fc3860063aae33a0e
36a08878586d4a6208706245405ace50b6198ff2d65240485a44f782fe128d59,422782686,978,edac7f3a6edc343f515aa2117787117f14f2241127300d1bf27b71acf87f335e
36a4fe7055d819d13ba2505b07cf51918fc07e3076b480c81944825bffb31453,424185054,981,213dc7c1832f4a8de8a5c5acc1b43f3b71cd618d7a98471e39ab7bed9db92402
36e50652b9c2e924c7efe18dbe2ecc2cf9a9419152daa3e449366059fa634255,426772101,987,e40f5ef7e0c8e25eeda320f54a65957b225785d8ab8699beb25b937cce415c20
370e6db7146f090164598ed0d17f1e0320bbdc339924ba426b2ca7b34a1203e1,426094434,986,3b5bde51d38e93233f18eca227c67e2e13fd90b4352fb5338a6350dde8adc1f3
37124999b423efaeeea7d338192148733a675d7ea1abfdd8ecd56744e0005963,421921553,976,0a96d2bb65d9ed0082f12244ed69135d76e1a27b2f9e5bbd18b05068fb875e1b
371356b43020afcf930f6ce41804f0deb48ddfb2c016bc288a82865c67712dc7,423663714,980,2ce12a30a1aad55dafd3798f782ca5c36f9c7eaadfecadbbc88531668bb3d949
371b143b8238c230be090c849db88cdb16b6cdbf601bda144f3928853ba9779b,425050787,983,92b1d75aa571c905cd329887528c24dcab0da681c96c4bdb7586c6a5e3f6daa7
372becad2f0c1857f91811ee2fcdba82908b40d908cee6844553b994b7222a14,423841279,981,0427db29c0464ee18a360b3e662ed2771063819378720a76fa19f24a4b2f7349
3738bb294effec5233c032fa9ceebd5e5b9dd82a3fef772ee30a63d469b8e078,424210793,981,6f77733684bc6d6bdad971a9d9e704e32e11473616304dc8afd079502c261fbc
375b2f9b52f903e539a6e4cad0eca2e849eebfa2c50270a8002d6a605008cc4e,423996211,981,618809ed5726d62fc009f2609bc610dc8e9d25724584385e33d1210c9e38c732
375c30d7789540b48dfea14b45b614304762667551d9deb94610f47bde88c4d4,426084351,986,732940bfba263d6b9cfe529473573649264e45c72491f534b42951f24d23f505
3773237fb76396b8d42c6fe7a82fc7263c5e3fe77ca0ee0c895e31ac605019da,425838668,985,35fc65b230895d9d1bd32a5a32a808a7a8f3b65b86247a566454467d23b4fc18
377a012b1ab98544e7b43ac028eabfddecdf72d571ab7218d6be8f8cff34510e,427562814,989,5501b824baa09a09c7fdf1155e2188eebd5aeca027d3a924559cfc609be3606d
3780f48c200eb4d30092972be716b886ba683bd883109ffada30639c91405b41,423822045,981,1524d1ef172ac342321c164884effe9b3243575cf746bb61fe0dbafeb6380e83
37a605dc4ef98aac8bb408d87af66c89004861d585b2a66ab206e1288c488d80,423831096,981,56113888682c9b446136d8b2337d781e3904e6cf837f34caa4c2675e91454154
37ac1f3b0708da2785e7f2d7d95353caf5d51a311e3c176d030c500ddd42d6d5,426103615,986,7019f2ffe5f23e2682ed4c28e4ee0363277baad30bbeefaed832e73c182d4658
37ad0b43a7d63e7f2103ea4f7a1b2cacee808a0861381a447feac01a3028e8fc,427773204,990,5961567f35972a4227d76e59369a5c19c6c88b9e51a8dba887e36a6334b9481f
37bcc88354b6a3207c7647f635760ab27e56f66452fa32bbe7c07fac3c09e7de,426815838,987,d1d15067d55a92275984f8036870ab6c655737b35527800ce0a315ab58c8386d
37bd9052de99028b17eda87aa4dba89745e472aaff300c73aabfc62a49ec135d,423605254,980,4413f23f0575b12e5d4257d53cb97b9b22d77f99ac40a1e837a01c5900b645a4
37c9d99194d38bb18b3a05f45f56b429f5cdb43cca4054641bca1944ec73ec1a,425728218,985,c60426d16e146230cdadc399480d0a3d3799e7e256e82d0ccbf80d66f4325eb0
37cba6be102b677b726c3446f48b2ffa9cee73e2fe079d4dba364c88cc91359b,425259670,984,a6ee6b8b87700ce0d733baabba1b1cd15af9838eb485de12e0f162c2ad9ba2b9
38277f6812de232b0421b5e7749b04be2abc399beb58aa48fa710f79f1f4845a,422394884,977,951d0368971fc8eeddc895e270255420a9f693a0606e7e0d24e63dd6fcc45e27
382cf7634e703c94a0a6f8353e66e9dfc9f95253d8132ff1c8b92440413eeda0,424567118,982,0ecbf2fba4eba653764f15f156d77d81d09f412dac3eb444eb1971662fc2b837
3833de019c2ccd7e009b01218d4b4f90959b3d7d55d729b34a3879117e93e4ae,423799738,981,dbf61efc3ba9ca75d13f669b78803c2f5984bfa6a1c5f58d58556d527619c29e
384c39532e5d4b48cb4e0c4025fce8d7df2f1c6f8d2dcc55d04a31620f7b3abd,422408891,977,22dcca68b8a029a63035bc65ae771f1300aa916824bec522b307d15c91fd58e8
3885c872a56b327880eac29cca4f4bab5da3c2be2bfcf0dd75aba309128f5fbe,424142815,981,2fcbba93afc5b16865c1f58277e836920f396274ab12a3efe9f3026ed155ec0e
3889c7107e6d9d72cff926b2c8b9628e6f7f16d86cd0ee6fc7d9acdce6b8fb64,425525569,985,85c880ec1315c2f3c1c51d96fdf05fa6bb2c3904718ebde226bee036d376d03d
389103ac07078de0c9449ade98da2449e214478f433160e37a497281aef3d18f,421898070,976,7656805ad84104ab144afce81c94a70fa94fbb6e64f72829cc8af4b9e743f96b
3896ca54a381908233070317cea8f73f5d7cf0f2648946f2ea3891dd5db6dc86,421410476,975,49b97053ea13a3163b6bebe9c941d7c5e1d858136ec228f517ff62c22ddc2b27
38abdee08b9a73afdf6bd5af23f7dc7c62666b15bfd630fcb7cee37bca081344,426229042,986,05b4389237153559c77db126a94e15ffecdfb434e1387f7ebf048300bc6f5052
38d1ffbe3fadb77b5f4be9ae384c16d8188b3aeed37ea781199b4219b8b76a96,425265869,984,c12263b7e746c5f6bcf551e92eb45aa80a87d87a1d2d5c5c64754bbc793cd4c1
38e3e330a974a78962c737896ef84685547b012314ba7c563c5f0ec2acda8b4e,422787180,978,37ef032ed651ddde6a2f0e98e795c58763f86cda46d96f614e2c10a2ff077d09
38f3b9c6e975b205ed31b3ea9e53c7e54e73c19d83307a2ac6f34c3b5800b1a7,425416099,984,c67866399e88953d5500286f8efaf5f2502b2fd8e051485a2e37a4e21a7525b5
38fc35183942bf2c0dcde82d0750dc3daa363d1f98bc2900a3b61d4b311c8caf,420932947,974,b3fd1c39d1a00b3f19c0018e5a0375f4fc2238e109d87bd566f05e4dad8cd498
38ff0ade28aee5565faacf270d67b9deb954ece299c924635cd246f8b7e751cf,427914798,990,5a922c97e24bf8058553a3deca0700f804d0864d66b0e68d17960ca9aa179db3
390d0d085ccb008191cac9645a6ad2f809109806bb4294f2bb54cb20b1bb83e5,427505904,989,8a474ddc4e49935be50c4dcbe6825829bcb3ec5850888d3d0ad0b2bd62b0f300
393411c0488e48f8d901e08991e074035c85d4ddd98f7c1fa4e779138b088bce,424957919,983,22fb499d25426c538a296e49a74b9670842fd0ce71157e0d517ff6f76b79bafa
3966a3ff852e69ad2e9bc9cc116f27d3423f2c3cda99ef79285ed0cf55049e50,422817683,978,a0bc2267960b79887bd0bd8060a91d28c62bf6dd95311d10ec81e5fa2ebc9d8c
397300656631ae4ec22231a928ec43be6b69d4507c7dd1976cc5324099170748,421980575,976,b86e0f06f25a72641a22e0bd49396c1f56af76bee3d5677892eb342f0f854485
3976c603aa8f2b39a4621129b5b67c5755e3cf82344b129fa9dc4e17acc2c9f3,426872711,988,2fb017155abd8587bfcbeb4c3101a715b70c21f4f26690e9bca6c6eac943f6f7
399b63f52e6eb8a1bb1b595395b3b455d3bc0b3c965c667cb226c5842adefd62,421762542,976,b760d7ee2463b87238ede73c7d39f51629aab824b755f940e069e03ae672be82
39b681caa7287d022fa45ff38752dd1a898b7e1f87fef95272cd7d965d34d7f4,424544241,982,fb82a6c61592b1d6a5141a1e2115169eb95705124db2ee348b4896e56bcad48f
39dc10505d42891f5e89bce2df665bac0bb8c252f6df64e31522c5587967f1f8,423409392,980,d43eec4f00d4b71974863f0e051de017b380ef487dbf7d052b7cb324697ffaf8
39df01333376b7e82129576c61792326fafc9ec98c00208794d4547b0ac38133,426820756,988,17536c69279040788c5b3ae11636fb2a8d1712186bac1174f2999d0478e1406f
39ef60e30ea86411c86605f7d34debb5ab217894b9957e8102cfe4ecbc7c87cc,420795289,974,9f2ce63138df1398edc4a9c216f253daf587b4cb1ecd23679dea7389e0388163
39f293d8fb11ead47ebeb7119f900d6d2ae5bf7e6b8d8cc0fb09b32b968f8c06,426731454,987,08a670f3119813b978f5c9a478a039edbcf81e947602a5ed367f316cb316cc1f
39f9c916939a1ee69fe6b04c7f9b7ddd941fb6232555e881fbb3d30358d75beb,425961596,986,3c259e5a53efe1a39ce284c9fc69f56d4118045ebd85dc5725fcd1446e31ce95
39fff81106425a491bb4bef4b709ca04ffacd506885250d4138c6abb6096528c,426756859,987,72ac75ce39d3e3f5c59700d5244310700bbc587aac62aac69fd3efc6def6965d
3a074eddcee9aa8f4b116d605ed2eb36e147f69ec2f6e34bea02beef683d054b,424685804,983,5bc32c2f07705fa8953254518e1e4cc1614aadfcf4a6f7e8c86c3d91c26c74ae
3a1c9a410df1f3689427db954d4d452242616fbe8234e889b82fba12c0e4e751,426253400,986,6f2b675db0be85dbb106beb2073dcd18e5d9be3223ae64a2370963e1a5df46e8
3a1caebe4782372b670d8d16b9ef9cde6bfd0093c8e7536b5666f79847272136,421131151,974,0fc61b62dcb7bac6d08ad15c59cc537cad5453ea03047b1589bf972a2cd3820e
3a51f87f691d19eed58a113a840e5050e602cf9525e7e054a6bc3038cb9f1a29,425632733,985,b51a9926d785aa294fc8513bba7fb8c73a11b5d56109c950104f51b574502fcc
3a921f4bd395782c0796e55fb56bfdb1e31a4a11e9afd95fd6b19e9caf26456e,426906665,988,9b7d27048e0b581cb30d7796dfc280ab25812791fc046b8271d7f07b3bb79f1d
3ab0fb90f29f32daf7ad5422376640aa21eb6b99e12ccff17dddfcd8a5f46b2e,426479162,987,92901c1250f12ea5dd10d1628dc2c59734f6aae98ccd01a83e33d0a30d9bc911
3ab58466eb5c201a43dfc72c1d7ac6ccabd2db75dcb28f711e3dad4db239499f,421891083,976,e520400ac2b698d31fa69e22e683ba247d68186ec378f04a6bbad8385309997a
3ab87030490014d789e4747199bcd73b2d064be895c5e7bd86bf45e83f9ecb67,427132406,988,d29409302e8fede1990116ec679d75b1cad53d0d9ad6d13842cf80efa1091022
3abc2c8644bd7f32bf6250f0d0140e813dc4943b16fd0ed34d1248f27870621e,422422238,977,69365c2804761b242a56900cc36845b948a250c88539d58ef45eab67cc7b02a4
3abefc379d006c204fbe6d193103cbf35950c7d7db473d267441082f9297e4e3,426025600,986,3f2a556acb90e285533eab11365064d78cf42617f412c55a642c81debde5c785
3ac133c1fc7f64a166b55bac649bf7857965fc75b6f85c0a712bbf4b5ffc4bba,426359511,986,64d48de7c92ed160a8eb1bbe17ba25bc445000dfefcaa8c916d232415533e920
3ad673bc93cbbac4eb331e6d5347d0254422d3bdeba2346e0df3c4b668f99823,426086198,986,a25354488bed5c8614b468be84e412e8c22ad74ccb4b16ff4d491a0a0141dc38
3b0a712c37208d8bb8b65560a3d01a40d326ede957eb7da2cd7047de8efa3594,424014684,981,7b6f3a45d749ed175833bf6f4398bc59d68497b429f30a4400071f58d1c72b9c
3b1f1728016d8d36cb89c3ceccd1895824ad5f2a7ca0486654de0634596e3a94,425446636,984,b49e801f278da8eba1d02f9d4c203f436cee83fe0d6a363876832de5c89ecacb
3b23414ead05a06633282c8ea011d179e559d2a77852ebc29e6a46e3cb89b688,426809005,987,3a0bfef2de620ce9d0b3b6a8db449aebf8804ef07b2334c2a27a857e67aa425e
3b290f4a5e60e1688b08c4157d2834b8466f3b3078b7260182375daf689137e8,421417861,975,92c30b563889de726e6560dea407c63b168eaf417dfda35ba6dcc928dd4e690a
3b3869c5c7508bafd9d6bc944c74827aadd68d055838decfb4bf5b3c83de65a1,422784829,978,223515e21b10ba14bdf971799b1aacb5ec11325fb4c9ff819dafa88707604761
3b3b744feaae0508620df116200eca8edf00d068024dc8c38a303f452f81dbd3,423976390,981,84c16e41f9e1c7ccf210ee19bfdc0ea1db895150504bd12912d796120c0e5efb
3b467372fba57e687d0df4cad865c14fe7ce95d42ebb1dd2d7029489693caf27,424045277,981,1898da12bb22212cba9e241f43a0ab2eaf25beecaa63e9819c665fb25518f90d
3b46bb26523665c923f9e81e1326c8e751acb3886137c6db62686e1bdb09d08a,426460514,987,f4623eba15a64bf697d70802c49e00c3d05db5c9afde53d48aa758e463d78393
3b46c4274ac70bafadc92b1347b972db3f556cdc0a52334438f060d0a1cce96d,420789837,974,74306e94df5a476b9e73cdeeb930f8cf5c0964a5003c270c03b7154a111c60e6
3b5c66edada0661ecf59a199f5b6879b8d95b8fe8f4abb65d6c2e9873a7b4f4e,423270392,979,cd908a1c04b1c05a82343d34c33a555d1037b30ff5306c7ec8ce120167051c59
3b6166a3911e0dbae2208950f9e79c873c313a490c298f4d31d750339bc7e264,424238283,982,b66e09912ddd0b3d2e48b3f1aa68a0b9776af0ff6931f5669bb147430827c61e
3b6ab25f205f68d23d11211ad2b8657a4bbd256a01ac8dc76182b6ab8e7101c5,421558272,975,75138d20daa9e1e2aecb857860a275fc80c00ed125e8b723f9c8de08ffd80564
3b75581576a6f354f4c0c4b93ac649867d1f1e8764e43497c2affd29dce13935,424096337,981,31c30bf3f8ccfd43801d56c147decdbafba7ba75b13b48c29f2b1511e9f78ec0
3b8d3ced1500810e97aa6fe858cddd449f1d172dca78ccd47d728437dfc1a70c,426230446,986,425baafc24a38ca68814e031b735da7c4b235b7a534552051cd440cf684a874b
3bb5f2c272fefe8e4c1e6e801042187d2823cbd6fdacfa9f54489bd35f8ee2ce,420933882,974,e1dd4d4120fa602da031979e263dae4c700a5827707a397a5ca30b071da12fd0
3bf014aa810dfd4d09ba77ddff6c53d770932c023557ca65099bcbe708d7e23d,423704244,980,b763dabcb70a112ef717041801788ef45dc964ca9fdbc80c120560d0346389f9
3bf26d1ad2f532443915cdf6a5f5ad4f81a599a2c7d51a7ab743603a4b497200,426218854,986,10e84f37511dfcc38ad511f19fa79b129dacdb3703b00f9a8271c5621e353d19
3bf938888e2838bd9054d3bb6acc9b4d05100b3256d9709da9dfadb8efe7801c,426117441,986,0a53a1f1cec9aec2f6f523d27760d5a87860663d20679d63305f16cdcb0d6700
3c1203969c262205de55632a52f85e5c97b377da08dd46b708f1fcfa34e2624a,424185753,981,2599bd638d6a4402b8670e7afb04295773778a24be153bca5f219d69705a442f
3c16db06109380822ca6ed3ec6c34228589d0b6f3a96b231a1f9c4c52e2eaf5e,425807581,985,b6df1ca89def7198aa65a5960b8eca38622024018e41e3e0232cf20e724f5c9b
3c230e583b097525520fcff937beec722fe5979495b560a38c8ab95b47629720,427586428,989,cb77518eff47bbaff23e0285990aed016e55c52288c0d67b1f6bb62489292bb2
3c28d3f8d21d68f590cd474c3918fd7f61448739246091cb42f680a7c28e1ff8,426070631,986,a2f6844eb5600234da811db9a9dbbbe46c4cf19d20fdc69c83d952dd18f52511
3c2a4fbe1899e958b2c717711868ed196f4ac03810fcc0d82386edf4f30aa268,421409424,975,6d6bc0b2faac445d51ec8358d8b7422e46218f8b0043b1e5aa53cd3e5ce7131e
3c2d3ff30a2e3b5867985fd84fc15255c9443103dbe902bd6501c063e8c7ff2a,423876449,981,46fcc275ca13700429c591648fd5d244ac5463bcd9c76f72a5a6329a554b112a
3c30a40835cb40ed81124d529970ce4c901bc8380c366c03e51bf7353f0d1ada,423878120,981,196f8ea7ba48168af1d82f52177b50c3e064634ab00239f2ad0da8f71f72af2a
3c3946836f0dba2e3ae44cc5af1be3d7ff36cc15329f1af838eeba0f297c055f,426817932,988,cff18986ed2d90ae8078695ff0605b3a9162023183aa3cd003b475029f7003e1
3c46293dee2fde51f1591028a9f9ae038caee8bbe3def0579e95defc88be8921,425799888,985,7e150b860a47506556f4501c7cd687ad284d8065b02487df7bca882be4be0a63
3c512ecc5972eed576df4e1b5f00ebd37d8236928fe1d80e7b8d62532884966f,426682250,987,87e282213f70f49496ecc64beb98aea56a3203432a01145cb5442c38ce840220
3c5a290b219d1134ee291faf9652e14506c30faf5117de9411359e6f03048b50,420928992,974,582149c2d6b2e05cded20fccb6279c4f6c8fb7a0eb41d330ce0166b794f45f8c
3c7178b4a0dc13c1eadcdfbd72162b471a0ea5e85275b0247c80094f4162b115,424003721,981,075819314097b1a234134b46351f28bc987e06e358afc45864e2d89bde9ca0cc
3c77770aa94919f354257b39cefce64d1a3ea51b40237a8a567f301d60d35d09,425160317,984,253130994f8733c2a9d49a9f729740dbc24ce1ed7173cc709feef64b6990e712
3c9d42459af16b3e48c48eb48ffd4b9f424d38a4e1b41f46e92c6a1a19d61092,426658013,987,fdd555ed1add60e9b536092ca50d34e4c36f88c04461c045fd5b3b94bff01193
3ca639583d5a94b8c10e71e3efe40b6337bb15d55315b5743a74237f3ae09992,425250652,984,990b3e261e1919bc066472ec8e9174d6aa66d3a9f338d2689ad8ba7b155747e8
3cbaf185e3ba4124a9467bb398123fa4f1d2012e1299195eb1d2bb21f4bf06ac,426988499,988,00fde44661817b8e4dbf6d8df42941812b6dc1cd0514ecea1bc3f1e7100663f2
3cf3b429e750b3c2bba4f9bcc0e79728d86d5ec982435d25ece5d9ded2109bc6,423876667,981,baa7b39cf60b78cd9fb0a1f5d56ae2d2ec99df1ab4cd71a88bf0011a6f682da6
3d01e3910a9341f43035b38deaeec4011d3c04b4bff5291ea7af4ef5434a076a,423016316,979,0355b07b6386f256e396e40f14c44c3ace6a86fce6f61e38a0aa7aaae8870ca8
3d45d9b0e65cf38cc481373564d86afc4b546c80aa4850d428ae24798010b363,423351785,979,87c2d5216f378ea5720a0e777289576e40f714b2716a1f07a175c72eab147873
3d7580f84947b60ac24e8dbae495bbd3e1018730f7eb0a1520603d970090d241,426866136,988,1dbd43798c262486007425af1c04692f5a08dba31d9813c2c0d172ea74b86c87
3d7ccfb6f9b2c6d987f4e09c5274ea3e9634c551303ec015188174ab9fa41106,423856637,981,25e7a54190b9a02a732e5585bc76dd8308464733d46989e297ecdac3156042bd
3da26a4394d8792964d60b8af358b7fedbcd03cae8bcd5331b237d51200325ee,424830505,983,9e791d45f8ebc02f9530ff5be88288c9ebf4b2263221345ca228936e332a5d2b
3da5abeb42b375a7b1297cbea66cda46f63a62e389e8ccec5ddb79d4bcf59d6b,425091820,984,5623189d75639016922cdce7d217cdb964fa6e3fb52982dd0edfd1bb0bdf1350
3decb434fa676e6084315d23a209f22f9d946829e7c3fe7b3bd56a9cc3dff7c8,426771910,987,20aa61f40454b53d012d5cf1dcc4e6211799978106a94c0229acb5fc6e661a02
3df23d44f8e639a373fd13d9681833b142cf5b490bbe1fbfae2224b691d7457d,423999553,981,b5c5aa31d8cf8eef1e8c0e4f0cdb26f4b7ee72e7108110b27699a317d6c52a91
3e04b497d0eed1971538305dbc290f3d447e02294649d25a259d06c8c222ac2d,425914240,985,a645e217f46e64de580525fd291b7687899cb0e2087a9dd572d8fd90256d5385
3e06a2ed42e28d57e8adb83a2dd27cd70fdcf1220770003943b6c1c8aa5a76c5,425983824,986,4f9ea686ef94e6aa111cce05afd7e3128161caa36d7eae5a69828ae7592e737f
3e4591bab71e838d0485b331286389799a4247ea06a729070edba385f621beff,422013249,976,2261be9c07825c88f49e15e9c3d812fefd4547d5522850aa92d3be18761a98f7
3e4c7075b09a2723b3ad38bdbf26d508f611c2b5fb2dba0caafc9f89cdc283d6,423771714,980,52caec8e9ea014f352baac6d43ae443af1c4fc7bb7c2425f5041ed4c41b3efdb
3e4fa7702e8df6eb68ece444052ff1d5d23bff31f59a9961d610b9eb17faaef5,425975665,986,b17329e65ecc31108fd1dd037bab6173fb90e56a5072468397abedb0f5e805f4
3e520c8970d148b4960e265488a2e92452008bb5cbeb582e3550e450b9868eaa,423707401,980,7f94666de140d6be09b57c9f7f4c5e9c3d672ca960d9ed8933096a1e62273d6c
3e79315b4191920a621610094a2c6041f74aab4c39b1e5f0c2391f4794ffc0dd,424946230,983,fdce94003283469bd7b864de757b20411ae651e6c186b305de26ad28c8cf3edb
3e9215026c827ab68180d0ad116aa8dfdaf8e5dc2593d8e0d064be67b4c423cd,425929702,985,269f8b680281fd74cad7c8ed7d05a1bbded390466e940958b78f22a105a4cff5
3e9ef5ee734c5e469b9b9b4050a54db6dccc090d2b6b9fa433d4da662ef9fa1c,426015883,986,208e71929021076327275cd5e6723d16c6a4740d9078da47fdc67ada3f84df59
3eaa5d38f49c9eba1263ca06f2991a2c50d0708bf760a254b854ae60821d4720,423225377,979,ab5800d66613955dcfcf1b19d2fa649ba0deb8464023ae05156e8cfe6509dd45
3eb5d70a47faaa7c6eba259d7fe294bf8effd0ba768ac877786f674257ab7ecf,423793792,981,50f81a2216e809b3316dd6fdbaac80d05b18b87ac7a6249d8d9acf4183d08765
3ebec1bb0314182f252c74fa3c2f01302c78021725b96ae3259fb5a9438b1df2,423656959,980,f5059ebbca32ceb985a29769f9f94fa3a895d8a2da8e9da9265f96119a7214df
3ed79bb4e3502d3576c8991f57d706683eb750990690729f1c9a3ece69b9be54,427869579,990,0bf8eee69cd8543ea43afaad501c86d91f71d33d4f678e6a9c0af85accb9c978
3f161039b5d3fb66b575d85a748918060bae967c2faf0fc7fb16ec5390016cb6,422796954,978,03f9ee97df89eae0a44054749384b076abf492b588ecd644ec17d92b0ef53fac
3f2a3198fbfbe0b9445ba07bbfcce1b94758f9f2099689fb3215cfcfbc8ef7e6,422138848,977,02f5dfcff9876f8bcdd40153a5f80f1d3c18d058e211651c9d214f21b972a997
3f49f5a4d2a980a06e9c833f86a95822b2a07be28f87f73c4d32ff42d0ff7d1a,425945066,985,8e33297752b2b96646480bc9b54a3379a5a0f9fe6d016c02ed09d6898078afb0
3f560993ee31701ad16986541a97e68c6746525d60ce021914ae53b0f9c34782,425683574,985,ef894e4d5b3871498d7359d21b45887b2c5e0d5f8006c90db4a5bab5b47db864
3f5d4de3e1f5e5572f08240bce8eb91fbd1bf786ce89a318ada5bc2a5268e60f,423971211,981,eab1df2691a4347fbec522574c9c5e5577c603bd7577abe858380ff8243d3425
3f75f7431fcf77380f71015307b8faf28cc645b2cfbc77112506104fae74a0dd,423768695,980,7a79adc0b55a0471e85a33010cee326fe430fbed616758422e07da706bddf984
3f843b7e514195db6665036238af5396d0db209dda368c38525bd79082f5cb97,426248268,986,d8b6d0d33c59ee0010660f4445a6f0ba8b8403f0f83668044e47fefa910b6941
3fa5a1918d72a1a9db9389b6c6737bf4ccdaa5734bb75f9603777fba412ae1b2,426969817,988,ab9902e39b6e7262fd1a824930c0885b4bf606e16d02de2db05eb6c79b73e7cc
3faf5bcd68d2ddc6d5ea74d7f721a6390dbc388318c06331f03e11305722004e,423812624,981,0bd2c0826e8ce1e2c5eecc862e131a6e338363e50d50e34913f9ed04c43fbc67
3faf6f648f6a417308e7417b1bc6421220df11e423f42afa784310c6ae22b973,421848229,976,60c77038b2df27860ceb812ecad009a6de858fb381e324d8e1ac0fff62f994e9
3fd45b1ba3db443cc760ba8707e0da2a9967113c28f9b90a79e0d5c10a0acad0,423083900,979,59f705aa5580ef621585cfa59665b3e9658f6d117c2211ab03af93461b49a299
400850626394a91e4c2c64af00c2ef8e81f97c41ad0c2c8a38b1537c9383345a,424318147,982,cf54280ac63a4b6eaa95e9c2a0023581b54af192d2ae6209a678fabe750f64c1
400ac0e68f3bfd2d472456a664834313e7ec2e270259ef3914d3e8440c6e65d6,426571935,987,8397cfe5e3a3d898038a38de931fed7a2bba277e1b99290c37ec7cdb739dcc85
4022de38e8ad848d627a4143f5bc88cd213b27c1632b596663f1189c2c8f96f2,422790368,978,406e18f9c4701abd683feefaeaa3bc9a2dedea7d022e08754389df968895784b
402e76b9f16304bc8952dbd1a5c34288f78c58b9fb49df0f413253fc25d20194,425400096,984,2d7e127736c01d4451983b6f4e8d9026c071995bfbe443feafaae03d11b7a4bd
4038e69264ec62c8a67b9eab1755c1d8b7cb15674829ada5c4a463be2a1f9f87,420932644,974,cfdad456384886302133f6d589be9a68443c0e48abb5860f7124a9262e254170
404a959919d11f26a5664cb93d02c64aa177307fa043f26ee487019411e4898b,423681886,980,cfa4b62c6cce114d13d52bf3c13ced68d03bd44229df388e68ffb649ea8fb643
404bfd27d5f9a3afd985dfb50a37ae2672e56343f14fb5ebe3fa00f03108b779,423866440,981,6765dcdd1c5c18e7671d3dd4c5a9a172b4a15a9d09883143a3b10b15a0f8a397
40553139cda693a0c84940104eeca5c605b426063ee50158a1d82816116810d7,427857387,990,40184ea310bb9da51692c1ae3e1924819dfb3edb326c95352edb41f8e4d75d00
40795493681b7b5ba053e9877770f45a9fb6a3833c5c32c96b19b5c023b6612f,423718298,980,f3bc376dd47e9c095c8dbaa090c58f411ac685267b2cd8237433be1d5c054ade
408ca777cbffa708df86198635e7ad19aef847cba7cfb912eb0d8a5501155ef5,426868884,988,5477ed23cc57d9d3fd72ee2ec5fcb5539d7bbe4e2a9b9bcb4026266759fa2f50
40b0a6f4d09e540c729b9ff302b81e5eaba6c58346eb59d113bfc9273b8c16a8,423628862,980,c69c665167d412b09deb737fd1f86e29005e27b8eb912d3c0d42af11e7d14194
40c7ffe91cdcb63a21adfe39421aa909381909bbeac17fb037b2bf9d7823a71a,426222253,986,2d911ee1ec663b9e17abae7da2688e790f0fbfb4e7745929c54d0bcfba108cc1
40ce71acdd21bf8563d0e6b290adcf94aea4227cde763e7b9483e15fe5189877,423894442,981,aec75b58cd93388e1f5d7c12a9ffef51c19d794b4e368fee39899ad6ebb835bb
40ddda7c8a0fd2476f67afa28561649477b898c9e52e8aae712ffd8b89bce5d9,427279429,989,1ad664446dc5f439daa94ace6df7d2e5cf4eb5969c9c7148e773c2b0f2527014
40e0dffd14bab2042b2f978825ccc72003b92f1511d4848540e6812e777d9964,425958037,986,04b344ff18efd5da2fdceb23a643a0f938d13729162a3e39b34a47f0de8ee353
40ea43e7990b3bceb6349d7f1871208810a0289f71c500b615546b9499d05eca,424195487,981,89a649c0a2828b94712fb646488fb2a563a33a9cb7d7cbbf3ff8568d5d474347
40ea9d82f2627c38516b800a5d321ed906ae41533ff1f022f84c8888377ca156,427484298,989,aefc6d91b02e7c8c47248bb64713c326056e4b6cbaaafcb2a5c2fdaf32e4a2f4
40f9fe1e1a222458a8fde8582a0d6919c0f034efee91a7eef61fbc190e34ee8d,423580319,980,be0c1c0218a24da683f9c035fc03d946e606aeab005a8f793e578c3bad9e489c
4130e07ae981d64d05b9df2c82e97c6eab2c179c3d7be4ccffd84074138c6167,423902264,981,6fb045209519717d60fe9023fac8f57af5ed12ec0fb5aee2c4d0eb02b63cc29f
4137996c3b5549640273b3810ae4016ac476c50e865fc009f058fcda866d581b,426580637,987,f724043a8553f37e69d6285bf1cf5dbb241ba92744d0cd7b00e87f42669b8750
415201ad214ec104e166d550870f4f19c8a1b944e9875b3e3d8f2eb35f2bf35e,425941012,985,d3ba732ddd285a8fd3a2cb3718bd7224a8f7929607768268aeb3c4d364631748
41529dfe0c6b94fd293c815c72bbf87957beace942b49d84b8249e902e66cc3a,426908206,988,92cbe178b9dd5b66f58f5e500149fb94c4e089aa165ca42d6f9a4069925f004d
415af31cacc38d432ac4fa0f37f54a774163136205376f449e2c297f5f19feb1,426708202,987,b681a05f32ecc0e24b2e584c1609d61033fefe9698ef55231cb5d8299899849d
415d906b0b98796b4e8e230f18918c7499927b2d31af67b0f77767c2fa54e9c9,423393406,980,cd2c1cf0b7f855a35559b3de6d2a18a4db8212a97e1c293929edc53af87a40e9
41778e612aef3e97ea568b242c69cff95c0f2bf001f726cf0665814de4498193,426463115,987,855b5f63f041cdcabe0764800b4d5bf6efa0cbb701e05bc75dfa7961680e8c45
417cb862cce71b7d5176d222fc6748cf98eb44288d54db61270b55667eddbcfa,426779304,987,220955c9b8ebfba39e3b42ac1b1fa8989b5c845962f36d94644c073b843bfdfd
4186c3ea5570255eb79b523f5f48d73a8c296ad76cb3cf34375ed94de47f6ff5,424347409,982,43d5dfd44a2072b41b2d5f984ed2162812aea61715e6cbb309dbe74b7fe99105
419d6d0d4250825725eddada46ae90f2aec608190605c6d44fed43ad40fdb4ed,426773372,987,52d567d577313f4b7a9efef97bc45a49192d680a502a7eba80ae528b159fe27d
419f0a5a9e8283f242a6e2c6699d00dd9e59856bbb32d8ba02b2a57bb072f816,424176956,981,fc20cfa29a18077ec80446a55b7887c71fcaac4b2afeae318c12c4e8554af325
41b3e76e55b211e619a5345bca54487f68682a027c0fcbdc88998e8370f97b23,425549222,985,0ac8e5ed69f16eb5859382e76dfa21d4fc709cf2d504f59f51a1d2acca7cc533
41e3f8888eb3cf723d573fe6f66a50f08d268c43513956a8322456ed2b2d0b5e,424962934,983,40daaffeeb729f1db495fbf666d1ac93ef719fa621da0b230dea942d95762474
41f3babbe0aae6784bb96a8ce65c75bf1ac688186cc2541ce0adfc18b2ef4105,426305917,986,382b8ea2177aeebce8f4cd5cea211782f1a4a198cdf95e46039f404320abf418
420931e6e831bdb0bd90127bb19432553f6d4374138317471d6651d7d919222f,423883296,981,f01f628b50197a5a2eb0760aa9f74031c95e44f83c153627c17304d6149d3621
421d6ae1b17d06a34dadf746b6c80147440e3a78a6a29f93d09799286a96d4c4,423637183,980,909058995fa676c7c8c1ca24f9ee7e191f3aca9a07d60f39d416581539036641
425686dfc2c04be0542639cda3d429a19b2e8e36de94eff424173becf0e5183f,424964747,983,6d7a93cfd213aa3793a831fe8a20e5fd25b8b70fa5117f45b07f0c006b23dc06
4259bed98ae363ea9761ff3ba02ff9f94f39bfe9a61bc40b822310ff1c4f8f8a,420934100,974,8134953d0b7eb1994a83e7a40b542cec3cebd6a3c2a42c9e0b77679f844f6dbb
425f6c341c7aff6d9e63092d976ff3243e46d42ec8fc5ad91daac62b13b0469f,423476200,980,05c6ffa9048f55d23b0f57ffb4d6ae707a59b36f46a94adc636f3a28570d707c
426f3e163bec6c0403a229e1dc5709c3e987c6ebfdcd28341b8c6c3677e922c5,426219733,986,79a73eeb058b4c4d3e622d85f06715639b5fd6e8a1d6d35893ae7ce1b3cde2e5
42711f692ff9474980b6a6d551ca438a341576856f4786e13f85ca212a7b7ae9,423782440,980,3e39a630a24aa44ab74cff81a1c45bf6f54a1fc58bf5b1776793b519dfba1b12
4272a50f8dd99ccbae9a1559eceafc40ae6e3c1bcee699810f3b674384d98123,425263298,984,78ccede63f9bf05c3e4db162046d51a3855ad020c1508f03eefccf1cd8464411
4274a3ec8dfe88d87a6c4ada0c164b09c0484addf5ec54e9b4a39ac72dbbe8e0,421675189,976,2d408635eb80d023761e90d7de36ba8b937ad28abeebef97e7c253ab1348b404
4277caa8773e9375628400426823401509bfa53d49b68b2ba82e5e5c4eb09b2a,423725008,980,75742248d4a38be0b536c326607e51714655b99109a2c6d21fe59173766409ae
427b108a4cc1e26770abed989cf85a742894c621a97749c2e32dca643ad798ae,426356658,986,097cd1ff8a64316e234937cd3951c718da223dd03ba7575a2c5df32865897230
429613e2b7c00059a4dedde6d8ce1658e25d90268ad43c65d01fe387323c70c9,422390804,977,5b5d0a56babb969d4521d33a6c27108a8bde68dc94f83b273746b38345223bfe
42aa4e4613e4c968cead65e45a95fee505bf96afac9543e588b78fad7e02f073,422572691,978,570596e6df4adda7543ebb6dc78f93d629a39b2bc4cf07c793e2382dd4c4e2fd
42d58b0289f8982ec60303d4900c54629edfb1d386970e04de75c06a8aa4135a,424017389,981,dca23e0b14172e4b87540c94b84aa86f84cc2954e843ef6c4dc784fbdd6b0a74
42ecd76dba625d36ed44f2650295ea2864fd08908641256b2ff6c7648a660a63,422717127,978,c26f73037a4aa8a0ba42f9ca0ea855aba97267093fd1512bad100dccc19a0644
42fafe0d1cb1b022300ee8bfc960b56ac304e48099cd3ef12f027c46f95c1acc,423920100,981,9b69ddbf8fe76cb5caec7245423dba5e4255db0a28d4e16cd15842dd273f89dd
4307f1dab43b197a433d38dab76c86690862a4c3aaea14ced3bf70d2068adb41,427211000,988,2bcfc99bcb6e31c0c42e36783356fe06fad021c2744a1ab7f36cf718862a9442
431478ee276cb1caa24bf9ced9225bc4cf9e38f984dc98cbf5b39b2be1f7e23e,426645529,987,d99dfe4f6d3385a78ec1b85b4774f838272768531b81a61a7cbabf7b412b9a2b
43259f74ce8f46951f469cc72c63251c4f3957d62aade268c309fd0af914c9ba,423676078,980,7a53851c829c2061fd58b9addd20693c6e6a996f8e40217b3348e4875a00f84f
432d692a507c0b149922bd1e1b6a629980c308ceb82f2dd8c4487a70ca4c996b,421171386,974,e272637a9b6afc99e7e0b5eb92ea6f7038c6b32e34c6e98527de502830fca186
432db32be57ae43c881eece461191c3889cd9fb7663594f82886e4a28c81c4ea,427568420,989,7bf5a6bb675821ed84a645393c60241baffdba697c29009408683f56421b7d28
432eda4505b74db70fc72005af403095ced9b489b360d78e8821130317240e25,426816032,988,7e7d8f77fab3d839900fd610575448c44830cef8ba60a688976f06414c8dfd18
433febee4ed360137d656c6ae6eba43a35ba2644b08081d718c6798aa4f2ec06,426547968,987,a76790c4695e673f83b0b9dc65a8d3b8a7a0f3121ab738db127b526ccefec2f2
43545bdd00a79fa98aaefbc0ed3cb7143f0ea28f4365eb063d1ae951b0b8293b,427872267,990,fe010114fd8a353c0998c92daa8631e830b143af269f700369910e03223514e9
43687fa50ad035db73773cb6eacbcc75ac6d070e98d9e8eeac688fee8c1a2fec,425376125,984,d7e6ad990514096760f3fceecb405d0c4e211cc48e3c0f4846e1c0b08a9823f7
4379f8893106c2c270a83ef3d109238111fbf92bbfa3705b00a2b2a1a3a07e2c,426542522,987,b89ba19d7ff774fa69e6ca236f1d50923f6f185ada53f97a486efbcfa902e6bf
437b61d37c9a9c2f972939b3be039f4177132ba2b4c638fddd85ce4edbff7e41,427907014,990,d68d21e8d7ef35ae3d8c8cfa1dd5ad72ff0fa2ee2d8a1a646fb003e7b4606f2f
437efa2b7d9475bb4ba57c9f2f436c56824fa0dd7b7732cbe4ac3450039348f6,420931319,974,a856563aaa04c7f349aee593fa5c228aadad1f5aefaccd0310369bffa9a0dcb2
43909492b3a3cdfadd041fd09ddc863b57afb2e197b558daeafeb59cd3065ff9,423872528,981,25db2767e24355e14e7386478e83c9095276fd3592cc18228160bc774beb38ce
439920f49cae61e952b3024974cda718cde5f9fa366ea9ae964840aa2de5b2d0,426420412,987,9009dec8d6c29e3c97ecb20743b922ef24779ae3d076f2f40e37012b889d1f22
43b9dc4e86eb4523fd13e8a8b8f24d6cb368d2d0e93d009d2ff6b7eb45092d72,427164717,988,3d074076f54d93a5f959f1322cacec510d1397677469f12b1eb30281b1ff4312
43c01b298e67710f963efe969d6ff253f37499437b0019764f204eb16baf305a,427735477,990,9b6cfca4508c5f6db7407f52aabdf517b4ca19e135c496bba94b02e0a7a5f284
43e1c86e23046a372c694def19c3b86bf3252ec1c3dd30269f30fba92b3de099,424672450,983,cdbabd21366ba9d2a046da9fda853dd02788853b0400b124d1cb6f07a0d94fd8
43e4aabc46a0ea3b6e2c9f719534fb5fa87d18f805cd8e484f5623c9dee6e348,425045891,983,aa551d9cf0273c6f5567adc0893dd4f2dd877cd8258ed16054fdb62a90a6da4a
4406e081bc648b553aa9fac3fe221771973456088cdfac5b0c5a11d21297e47c,427608059,989,01ad8be9a8f2571f27fb83f03b768dc57c6b49cef072244a2a751c66ee120325
440dea012d3a39cb790732eb495710c72c50e1d74e85e929d1de29ad2fc1231c,422955759,979,32926bc3847cb777ba50aa0c68ea88fbe992dcd65cc26eff1a555418699203c4
442ba9044170aa8d6bcf7265c75afbe83b4394ec2d6e1c574e954bf12b711e23,423978496,981,b635cf6de3eaee8e2223045840a52f11214fb8cc7b2c1ae49a4eea71aeb53000
442f03d99f6c2e9ce6a18ffbd0d41fc3a2d7f54662032045dfc24c4f0eb7e835,427973718,990,21a0416bf437de115b41a794395878d5e81133ba9cc70eaf1887be7efa75f14e
443663813a8c9705f2d6426e5b7b5cbf7e7f221e6707a671edc6cc9fb1e500f3,420930366,974,ca8214510373a9556dbee67ad40896e5eb93fd6dd2b9f1b643fbbf4242c3401f
4450c872f4a9d1f87d48a17b300a8577809229122d8db8b59aab23245fceba08,426207183,986,b33059721fa981cda225b1ec449de89017c54586ffec2408fd06d75fac9573a8
449709ad8d6bb4e241d831affbd9adfff1f79692b39fc68a323da7c844ff8711,424660914,983,3ab2e9e52bf604a5d939a5cb125e9e2b7836d537a5ffb1496e016e073a572044
4497ec45ffc89917b6fd0c1f7a50284faed85485b3ce4efedc84f685b708b9cf,426105472,986,3cb6227762a740f2422895cb60b3fa9b68c67fb87dcdfc522ee98030737ee34b
4499e580d3fe3885d3830b784f9d5ba7524873332bcacfe48d91205794b4fec7,424019808,981,a93a038506f47bc37aeebc8458d4703f10a5a1ac59793ac624ed51a2768caa9f
44a9412075793845c038e2a596d088bbe388e365f0aa4f37f678820ae37cb00e,424500757,982,e84c3b6c43ed6ec524bac692aa5446ba6ce63aac4f0fd3537c288c6a177b4802
44ae4d45ea37855529ecfba33495525041e95dd9eca2419ed499e1931b0571ad,424460602,982,41d1d853eac37f074e54ec15f1a296cf365bd74ed8f5373a71560c33fad3ced2
44cea46123e05c975a12a5d818bcc71f248bed6f1c1c977b0098ac4be1632a04,421686611,976,c8719b1b1654964ce72544cf9800ca5d3bb2b496d2fef4ef8dc55da5d09d198e
44d866362bf3aaa7119fd59adb6e36bf6cd1fb34a990bd7a295b970d18cf9167,423772839,980,0a305962eb9b288971e57bdf9c8872fc5806082c278e0dcac115839e78d65795
44ea6f467cffc497577ec9ee871a976f3547f45a8f27e801a6037b2d3d7cae92,425822080,985,cd56a6d34d92012f9c1db7cd82da0e7ef4ea0e60495dc8866fd246c2a821bee0
44f6fdc12b228c227a4be9bc131e29d84d5dc2085549ff9c494598cefc374f42,426300096,986,bc1c7568d7e0d2fe088777b92c91477b9e133169e94bbef4582146a35a3f5197
44fd1316e7da758060b3d395b9303e2138b91d8fff24602c11cfcba0688228d1,426283851,986,98b198d0725719cf032e00cd7a248fec1f27a31cd99ff349cd494b1335878dab
451052d0defe2ef45e9c8feddaaf6a0d5b523310750958c4c45878d237af1e0d,425726378,985,dffcdb9864bfccfb40d42863b6d18cdb917e34391c90fe166992290187d1b941
4510fff531022c0d29c3dbeb24fd3dbd63842a95262d887bae799361b3abdf9d,425673277,985,fb33aa2aef32c3905787ff69f695bff8264dd2584151b64a5a7bad29ef4195d3
451cf4bf7cd13127c3cfeca612773736b9312c6b0e82ce0d9b35f05974d6ae54,426058402,986,4049b3067054b827fb394e8d732006426f1533c37979cd6eaafeefcc25634f0b
451fb50a83b5abedb65eff36f400302ca7a91022e3f9e8223050867763b4e837,424081632,981,ea4be02e2fbf52ca74ef3121802c291288030376657d1073489a06b26f58ce54
452ab86c1c2c507bd5c399e3a05942762411175ce57d86fdc7d3118e5771b208,426020740,986,9e45f4cbde2c1e9e227670a140a1d2ef81750071fff652b7fdfb04cf14cb50fe
455f79e2c41c344a0e7137881ce7dc91ed0f973c8ef02b7850774a604330b882,424612547,982,9c853b3fc04b7bf6be94254c0a1127487c7407cbcfe2fea9705519178c3d3b4b
456e461aab8fec953ad42f00b55a1a75144c0cf9d938732471547df1dc1e7c5a,422799934,978,d8074f5ee80fefb0bc2c9fd5733db99a233018652b96f3f9cbcbd1a93fed5ae2
457e69cd598571561231b06c1aa0f43533f73b13be0eb4c68b5048882f232daf,425549929,985,83a81b022bb167e4f24fd3d7c542a43f30eba0f61be4472b19836d01dd5720b3
4597fd89f35406d43bf72abca768b8878332d9824cb8a41587e35ed9547b4489,426091822,986,3f8660915426e4c3ed60b3f544ae4630ae2da142e494060dca103aa5cf7fde90
45a9a0e2f06199c145e79605147bf3a7f2784e9f8bc18a056bc20a7862ec1737,424489917,982,f21dfae34e0ea0b5833fb670c0259695f5e63334daab15dba9ecd073012fc97f
45ac5c4a3ca3bc8717a869852adab3909cab3a45486feb727582ec8b0d2bb1f1,421399028,975,1861b05e001ab8ce0806ed92640b9f7c1f008f9ca24705662f3ac71b54108f6d
45b6df92452eda1a72143fe9bf3527814e6c8de0529fe0c9e4e1e7b7993869d8,422767786,978,6f857ca3706fa667dff293e873164831f645796e61f7c2886d3aa6232f62d7cc
45d61a82173bcc63786da50e8b5434f64997093741e9190019c8a4f3cca91cd4,426729019,987,a55638aac254026066d57a04ba6689c91ee12b5981827674658fbb958c916339
45f327d7f2fc209ac27ab9b82cb20c697b3ae85c508b088ab58dbef7f346b87d,421254020,975,e4999ac8843f77c636097c3e25b771835d838f9398890b3fab15b0ab3547dbcd
45fada756b56de5c9093e90e249ba976fbc18b09326ed0cb262e758a8b48ad76,426192098,986,cc44751dde6f956b2314019272ebeb0c94016b61131e6f89561e9f26a11c93d0
45fcecb5b48a8f9d2e9c1abd40acee1b676214ffe70080c3c9ee640363aff7ed,426863118,988,9f0a43f85449e11de52471ba61934c559626199430eb5044282071bba41572a9
46355bd10adc04b55c92b40614d067fde827fc52cee5be19257498ba7fda4447,426595396,987,1c4204871f0078aba2df0ce43189dc89d41185054ce75c514e3739d175cb02e3
4636979ce361bb03f50a0fda88080ca3a2c67b86805bfb1696f945e2626e4c38,427440636,989,ca4c8c03b5eebdbcecc11b4b2b2747254e11ee65377c65008913e94582f90b1d
4652c016efa6d6ca5144954f0375f2ac15bede29d739f48c5eae66ce98d3c8f8,425903939,985,4afcacc3f6af1678cba0ebc3cd3170e7f468a259b0d74bf9b39f25e6f9e791fc
465f6c20255d5a514f81ab39228de4e9a2b05e1d985ddee5a1ef1e4ff630e3d9,420933287,974,37114ea449c7d23e3d3ea5fce175610c95c3e0ff19f9576fb638b001e0134fcd
465f8f7f024090efa7a7714990914f45280d0913521a86b0383bdf6428c0bcdf,425075318,983,406ed9137b2ff488559760b710a1d9d8629cf6da2e4b4a781763fb7e621dd5b9
46733235382edec84cc3a632d0526686ffc5d32c84e7a44a40cd5ca14c9f086b,427777594,990,cedbc18af12b25bdcccc3663f97f982110612cc1f53478cc7a9a5b86171357a9
46865c85a81d73b27c6e5bbd4ff6a428e23d830887cfd323f7393cc1e8975a53,424295163,982,3cbbf1dec68f28bb8efc952b051c614a8fedbb50a14bd333705c58a90344160e
468ba4448259b06171f664aa15d6b69b15be203973bf2daa172ab99d4f1a0e28,427156775,988,dc941f23baeabfec3cbf67ff145e913fc59db1886cf77b17bcf29778ceb91d75
468eee635910944ee20f0c4ac61bf260fa8bf2ba37e72c59d041639ef6586112,426836097,988,4323fccfac8925b88854090c973c3eee238334e161aea29ce8355d756903e4a5
4692ac03b3c7a0a0565ef8e18d4a0de9a523dd02d80fd4d56384bbf7b6bbf2f8,427020947,988,6e2b3cecfae36873b126bb44172446fb2b8a8a9c366bb971a2acae33f73bc5e5
469c737941afd3781825d4c34a80b1339d0f0eec6127225311b03ff506d0fe0b,425534762,985,0bdf99eae02e3bbedabe2c2e4b2b9ba94a707bc5b3bd95515d0377b939948450
470fa27faafa6a84f386d2e542f293ab03ae85583a78eff170dcef64f6f0850d,424342305,982,e4595dddd646c73f747aa79d9289725f66b6bc21da333ea1cda7b8f648f61357
471722d27ac09a95d017d92f9d7aa9e7d78dcbbfcd101be15629acc9c38f6017,426450995,987,f70cfce225dbabfd69fd95da31696342a110629c557cfe5c892e411fc5ad2bde
471883c99b38bcfff1622943a76ee5aa7dd45e091ab5ec6be23bad58ffacbab1,426256090,986,fd17f7946d5071cdcb71e8ef63d43bc7b1cd9d9e8dfb39f50e8cb028c2262aca
474036491477d2760512f900f2fa850b89dd5153457e9de05d5aeb2e2d262ef8,423757390,980,7ec761fcedb92694c32ff9d00a91b5e0786735312a112ef8977ea00464e3a8ad
47566c70257edb03465d149498cfdfea443c02cb39262238eef4822ab5967956,424502287,982,d54004305d8f3141b0f80b9aac4d0aeffb4d53a3e76f9a8dd921df3b57ee5479
475996b517e7d13f689d88dd1655aa358875130da6b9ad35e41aa6b714ebe46f,422557185,978,3830f18a850aecc6601ba8d3bef08bad9314540d95596bf38136040db8541837
4767ff882c030df4a17abc5c5036458346ecce33ce670966cd9e71af78d719d6,424119552,981,b79e1367367a5b399367ee61a7229e67ba10b051fcebd416b3540300ca1f6398
476d4fadd09d10ab2d31454adb059087b3c3f5051a99042857f1cfad12bca1c8,427481625,989,0a5403e7eb7c9a4ed74425502687bc12d492d40f4acdb755add9d7fddf585459
4776a4d2b02deba9b0e908b77fd2ec7cf9ef93f0ac4267d5a146a43d838caa26,425631730,985,c696614c7e8323d21b9be7cbd1020ad37adb144810e9e62250d7d27621b8353c
477d76b20812f53e92048665a018b2d37efd95bdb25fbec358bdfdac29137f5b,421764187,976,b6ed7ed836e0d4b6b5fc0eaecce4deb71f03d22f19d7c4e9627caa26d8b71772
4780a8345b87cd10f7421e7e7d444ef6c14b7ad6e12769a29821894c861d3925,425736319,985,e49df837e902bbf6e02961942e1dd38cc0d7bf962861fea26ba8532efcc6e14e
4785395146ccc8443dd94f62369ee386c07d2564b2ea462bfc74c247aa10d3c7,422110576,977,d76d6eadb8dfa4770d27696de11aecffff4ddd4d98a889e864b0a13a0cd77ecf
4787f08781cc9ef3e59c5892c11f5aa37782804c25d286fb661f8489af7d43cc,420928200,974,71ee566c0034c0ff81eb3fdf73fd06a1497747cdd25d6b90be6982cad19c6c06
478a1926a404f0a6197227716b32d6cb36b101e4704b94eb2fbd60df409afdeb,426823113,988,b56c961c8baeed6ca18e721fd631f70381a5237bbb97299bed76eb9dee3c1c43
479c4f259b2142e8a88c5b66959abd53af600750ea47a0219c0ac044ffae77c3,426175622,986,fbc1bfc37207495e6baf0b5f24ca3b16f32891bdf3422dff2b499fef8af496d2
47a78e46802b500bd828618c30e3b7f83740f0c36f43be509138b5e3a0e0ed06,426271619,986,3957daee3b9108799340cddbf08bbc6df02552597fa265e8e734f78a92f43b0e
47aae67ac3e0b522e6fef27df33d91bb6e6fe340b532cf0cb46b3cf462e94876,424434683,982,3526ac34a33f28e2ddcb8f0efbffdafa65e6d994797af5bfe09a86ce805685df
47b913541200ac6da818f363e4bcdfbd6ed1dd00cff2c8501899dfb89acc39ce,423425506,980,0163c3fcb759cfbdb97e3787a54bcc686c141df72295c9ec31673ff72439776f
47c097ef5a0198e667bd09771c0a6d42d5698053916dda6ed7039aa6d7acf7c9,424232459,982,125d62734a8cb53c9b4b3c2291d9fbc50b34339a304eb1c781a2d8d11d622b7e
47c4876c9ad90e85b89d716d854229d8755d971a64e4fcf53696c4a5bed2a4f0,427527454,989,4faef1b7820d027850e0f965b507a0fd450639cff3e84ac97fa71cb5be886fcb
47dbe5bd7c674ffe400340065b885ba8010645d556f3833b60c2c8f036cc9678,425970483,986,f837a759a3db8ae84eac80689b7c959c2f0a4e949b85783b8a6532e50f8dee25
48213b82f5c1e0ef62c3dbf7c691fe16761f3ee83a38aefc40ca2bf4aa07b34e,427793613,990,0367ecacf6b4a99c6964a4af6bc6aa46a389aa5a7a7426016718d905e8f77291
48371320eb3ef85f085af428eacf1e40c1ebae651c3d1fdad1dd33b8b8d43787,427554896,989,678d3403a26337fca75a4ac870ca3c8b5ef934c0b3d42055cca11fdef7d7281d
484a2cf4310e4b939d3c7f87324f920672d1570437d46481009f708ebe415750,425258677,984,c769a04b9156f0114d8d6d28e2a00080405042e790bdc450e75cf33aab5f27d3
484b826f05df68c70029054af9e900afcd6a11617ee3160dbe726f1c4076fb23,421006610,974,dc6d2ebec05474c95b3f03f1933a7f0f612fe204fc18de449ec3524e277599af
484ed5c063e8de297027e267cbb0913fa0f26aca3546f23ffba27bffc7700957,425296323,984,2673a2f4e73d922cc57c534c0bdab5a14bdb4a361e8b3f4a388b545e42b82806
485e4f6d8da022810169166c713157eb8cb2aca910c9b372da39d00049ba836f,423860281,981,bc84d90e205c81eb1df811f135d512f2f552cbf76870e9541a34dce99f69d0ca
4877db02064379c98c56b31036dbd0896a8c28741c9657049e129ad106f51333,425699662,985,726bc3b061319092f57523a348825337964dacce8c2658977cec0e931e092bfb
48985a74d36d0a64030e850dd22818251d128d83ea7474dbe18fdaf591366b1e,426712232,987,8ce6d1437714d40da363a0a561f7dcda3471e7cbc015165acc51264b3a99eabf
48a3fe75c28d5a2c86e79589ccd83a874070eb0b2a49687f80b671b6d4769416,426267864,986,91cc2ec5cd8a6c97d5eaaa53b2bb572d901a24395227c8e7cd4a065158ab94d9
48a4e6a6efb0f944b05abee4df4fd1670d20454fe304c097c1605c3e305144a4,422055768,976,a950aa0cbaeddb5274fdd4a6d84fde852591795a9c94df7ffa0a61b891875792
48b4048d3b15e7394f4eed001c56d3cb14885cec02c9497ebd333b50d25eac4e,424092896,981,0a5f9da77678b4a9894bb4c6f617c688616f63cf5d0b7f88fa473284a10567c0
48be6c8d1f973fd1992f7305b0d8eba098c8f65fab71d091f4335d4571bc2ca0,425897022,985,a199c267f98a5cbd3da9af02a6d279656d1024d0be3e04ee9e85c831afb5d4f8
48c1010942ab9d776340e56a4d01ed254b310024d99af1cd18720779cebde9c6,425796654,985,7775a4d437e5dc1c9da5adce1c6924805f339cdddf8c7cfc3b507d2f1b923fed
48cf1ad2dde66a85731b5cb09b69d9ec3b7609a5580606b2e699eb2e350723b1,427892399,990,d71afa7a516c1f760fb3cbac25d19f30d5fd8ae3a8a8086bffaa3f7511185c2b
48dc2093373495da4069b92150ff5d50b61a999068941a5326be0e51dcf020eb,423891054,981,73dc854c038668bbaec0f7d188ae4d6f7c7fe04a93e9d1545232e435494059de
48f019297803b312eea7bef7d54ea46638e2ea5c271e5b9ff4bba51c73f656b8,424780975,983,1cc74aa06c0d85c825deccc35adb220216b7174361ca6c6d3ba6029f732e2e0b
48f848db3c9b48832634ee14055ff9898d67af62f257fe994f4e6160e073f985,423918042,981,a4d8bb201aea08a37d1a94921c3809612dadf3aa4c7e5bab7ed7c4929c0a6d5c
4926a9660fa77c0c72f38ac225c5a5dfa97b27f7098a899a33bef4c7ab2577b9,422526027,978,1a42c72381dcee55ce3191f6d6c15eb3c343ab2c694e8aaa83fd2bbbcb005585
492e516abe70c5fee9d5fa127ad104a1eccc79ddf0364d454251a82908c8c862,425890274,985,26bb8923ef4807d4a54ce387601d3f622c34267bb92be3232610b5cecaf68099
493c03858d1d93379e8566dd1ba4a19a55c959eda3d88b687fdc6456e28918fc,422776844,978,dc482715bbf7295c6e1a64bffe672aa4b64064baacbec3c7848a27af89543a88
4941dc7e1c15baca3ec8036db65e63f92cd7ea2f3fb7dd66bace11f533047a7a,424544845,982,0893e2caea9d0a4a71c1d3c4145bb6919a7b26ecf74673867769b288be40ca74
4956231e6feb5de8e09a401e97429db3d8142982f48a03bd23b464b02a44c210,426286171,986,5d630c6cc8ec923385d773a7b8a625f1285d8f52e397d8cea3cdf423971be381
4967a3170cb07058ed45c56cf92635475dccc9a11826bb7eb54c6252015c6ad8,421728660,976,9133ad0a010a28f21510cbe65b8205b185dbb145764568702ff390b44bddf285
4977908d869499ec592ad416fbd0ae4849339763103b12ba0f7c1d5cfd172d00,425641024,985,aa8426dff2777387a700e49a08b7453ff162c8cc18b83361cf6873c5221cd600
497abf9fba6c1ea518b3b28f4125bacaf24903e1a0eb5ee2fd15fc2cd49304e4,423454138,980,b5e524b79a30153f87304f8915391f1b50afdaf148dc5eef997b387bd9cff95d
498a5902375165eae9d528d5adb0a41773a8dae3fe7269a6512d501a3e367d64,425897685,985,2d4a5b2e6f7f0879f9399fa9ab80ef0ac614ad6034d131243b872bcc89dfb6d3
499f295e7f3bc9f9d969047a649737bd9a1641b6186b4a18562f8870bb0a3b8f,420931177,974,64c7ad39245bac2bf777811e53af931eb205b404e377c4df493de1c73a5696b9
499ff1294066cc50a3293d2e5f21027f000a2a936d5f2283c77d978fcd245e33,422929547,979,db8b787db29145d1f27c361afdb1159575024e95c1e11e9a2f3017174f832240
49d03c3dad5ae6a0b318a057c146b61e7e5374bed6b7d96ef8256de2cc547699,425250721,984,0f2155cafb1b097c8d7ac47d22700c7ff2f437415cc8cd8b8c8d2767043f1e92
49f221005038bafaa7064bd48a38672a85414a83b76c0a34330af66917e98199,424840615,983,d6bd9a0aa5ad3b932cd4b9a842cdebbdd2d82c5a601495a4f8f946cab6337bc3
4a0c951a4584409676b1c67c9bb5eea12f60c2ad8ac62d3941f25ef578acf73b,420929282,974,b84b8733e6fc276dcbf9b034123477b2908bec7af6b1a2613235eec479129e61
4a2797587154601d09a759b1d0c9bb8acaacf880b8f840a6316fd4229c9ef394,420932526,974,f8fa5fcca50f9100ce6aaf7cdffc4abacc1c7197636a71a81146191bbaef9d92
4a2e3198565cd3a0e471780748d33c4cbfa29526eb95976744025578e60c1a18,422823188,978,f71ae7c8e518237ac5e1b210fa3c916c74d2e1e40c05af4e75a75e220468207d
4a2f5198474b46ccdc82f620ca966574b5a4249fe3c8f0581a164e91241b77ba,424695083,983,f4b4915eefb18c32df70cd3aaa15dcfadf179fcfe1e1b037ddd220c4c2f6368f
4a6f8b429ff8ea1697c1b15831eb1ccc99794110bd28479cddf3782136737e9d,426775922,987,839d300870fdda4c7f1519a99fb424ea92b3d59eb575f383eed7e6b9e91eb18b
4a741aee19e1223645c5641201b720cf25c570f83a8e71ebb7b2af8d8b32c4be,423998636,981,59c453b5eac56fcae391e25de2ccbe131d7f58165a67406748972e93c1d83f62
4a9fb15d4d5dfcabf814049ec5c3710be0c3b56d3f83eae9a7c8dc1fff2204a0,420929157,974,a145886d0d9bbb338ba30f6b76e47438a4bd697197bfbfc0c539eb3bea0638ee
4ab805e1fc57d574695504dba0b28bf2296e097a5b15e918e1cc8ba05171276f,424488349,982,348ff8ccdf1d6ea6ca2024c099270f2701addfd8b143d142c56020817435b060
4ad30c43fb41d4fd5d7651ef255da3c1e37f6982c945cf47955e30aa3a94db39,422068239,977,409fa43acb5138502a16f53fb1dbf30b29871c90c5f0ca14a69138f1c4514734
4b007d3e2f363c69626728dc2160bcaf35d915cfa6c1bb67f4b49c2a5c5dd592,426059476,986,0ed11fa5a791cdbd5881e3b572f72ada7b3efaeeef353ef1433a30c8f96dd97e
4b0873ef695589fa3c4e31df38d5e296870e3dce47741498ec341e70203ac798,420932030,974,c1a7db38b3d8f4242cf835f62df3c0eba20779d0d43e4395e7560a79dd8b59b4
4b1488fcbb9c9cce871bcfb80e310f999ed71189ff687e10b9670f20151266c7,423797265,981,93efc94c9b7ab5f17b538463c0883c6e98b7e817aeb1b1a1fcf0f19cf7220249
4b24319a46a2e59e70c762aa41db3981a3efc761603d5e355f184ac596274f96,427504997,989,d57ae0ef6fda842998feae55c56efb07c74a64423cb3557f2e97c8df111784b3
4b4031ccb86edbbd4519e7a3d8d642b4e9bdfcd97fad8d622e1239aa915e928c,422769690,978,dec370328b63ea57da354839ca6e344a5eb9ac4267970a9ed4073b744d11556f
4b406606252118ea2f71f1c7fda641ecea80b9d60c10346084853a0d331ef45d,423932377,981,12e82055b8f0d7a0fad1046251be6e2b2b6808208b51e39ce92632c0480f311c
4b59d043d60dbdf595d00993d3e67a02539930daccd7c14878e0e057c771b7dc,425324719,984,bfa2bf98bdd6d738dfd5139157837634cc21563b9da70eb55475f92a49483b31
4b5aecc1bfa5077baeddcac4ffc1dc1aa64835b6fbbf634f71605e80c9ea01ed,426710552,987,a319c67de922979ca9cd3eb2f101cfb631ad9bcc0bb956f73e7c2b8bd055d62b
4b5e1e56ac9bdb43f936ee120c852630af2cb1dd4fc09897d3aab2d5428bfd85,425745894,985,dff295cc04971168e0ef4c78ca139475e0dacc7ac73f85de8e94878287aa9eb5
4b6602e53f981b43637dbe84e6ed0fea11300b3bb7befbf065ebc9faf362e2be,420912778,974,3cbe8f7b646b0fad1a6d2fc7d246f3cf64b0eb8f766d60a61e7376081b2527b1
4b66bc598902f297eb1c1cd7b4bfc0326f092f9067bfb95337e0891351ea30b8,423991605,981,7ce6c53f19965f0553bf80df5b1c5c2563b5f5e90e9298af550c6e83777e8a62
4b7c0812d3f35452485af9d9ec2d396862980b8e372e48e7acb51a6e1c8fc3bb,424692676,983,74e841eb92d48106cd33648ceebee7c313495c25058b6559b5d7c62cd1019980
4b7fe4bb12648f4ac572b4d9b399b16fce451d2d3e613ad9c897fbc9a677a9e4,427260948,989,27af7f89fdda3934edd9208d6e37bdcba71362c832e58930a6b1979b9c099cfb
4b8115ee92497675316cff27a49f759e270902b619e401322eda8bc806bc2866,423766401,980,5fa2525ec9e08d859289bdf4bffd837022e6bdb41a775bb29da46b6b50beb35c
4b963fb116eba8c9db0b812fabf76843aa92ddaded740ce79a47cc6f2d178314,421997430,976,6543e33cae8110b5d34917f14a0c486dc9d495e65f85587b169abc40ff0f98cb
4bb2defaa1779a64178448a20b33a16d557c4862f2e92fdc2be3a95f7612d474,423137719,979,a2cc69b5dab7fbc79b9900126135f8ae9d17f44a0e7177c2b085c291d16927ac
4bbcc531aeb15c00a83d1130a976efdce581e4df6c890b8dd147cbfe2333092f,422942961,979,fc15482344888a9714c7d4d9e78cf0e571737f1ede0d05ab6bd91edc0c0425e2
4bc331a78e0fd5687d33ec6785c7bb1e01ae4c9442958fe24b98521b901f6ae7,426072419,986,2ac1c71a0dfc838e237d14818b4af4f2886531b0dfdb8a7a43cd6c7419466d87
4befc7f162df806f51beb16b25d145df33707c874f3d049a97bd49c63bc02e29,424429651,982,6c5c932b48d16d1cdece007d77bb8bb5d4d682051332a3ce6d6d3d11bb744ee2
4bf121ccb415fbefab4d1983a0eea1ef33a0b8f860e49043b62a54ce579315fa,426433432,987,fc2ad986b77fdd4db52d5ded64ef61243666bd53095219f5978fa379ee30b781
4bf8622e5b52e67a444b0972c557e5a37d35a73944eaa03b005c849cd2a29d58,423790923,980,7484e31e64cdab6efca47a5e731029ebd3ca68bb5592d26f87cd02d3bbc04927
4c08a6ae89f83f4aed8587b82a90dd8b34f84a349280bceb6921025b477d21ab,426967876,988,30acebd399661de5072d7bdda3e546740b40d60fe6056eeea3e6bc9cdb0bc39f
4c0b952ce2321ae5c618a67ddd8a50e61fabcd85fb98289fce602c2e55ff8a56,428092851,990,c673f41a09d85ba1051865cb8cf685412db75c5eda2530fb3651c6b3f4480f8e
4c2ff745adcbd80f938c2c1c132a027a01389e6ab17589ffe2dc581e88ac4560,421811292,976,e37bd73f832da9a8380a48ec6fdfa43b2ba99a22e7129c80b1359d7a164b818f
4c534c86819188b914892aa1854c4ec2296fa5e70f4df457e357b76409fd1651,423254565,979,19cddb3886fbf7fe3d7e362beeafcb2bbc473634f0f61e860c47d4c5f6c1763c
4c648301a1090550af114e037a0990154af5da0894b7ab75ed8f1bc9364bc4f5,424269092,982,fb1aa17fe9c3c73b5d4e4d1a738f463ebbcfa36a9a6beee26274223c50a3b00e
4c650af4e2dbd9be6440fe2c6dc874ce651b0480da39f7fe76dbd5407b85713d,425324033,984,654981c3b6cf1bf1981010f52f3340bab8fbf0c8387eeaedbcdabda1e829757d
4c7a80a63c869c7664c682984c1780321a1b494019dc8fe8f7040b312ab5c2ae,425856539,985,2924bbaa2db11bc3ec62549e484a91aca74963ee4d503c5460424738be30fb26
4c7b09def27b6bc3fc1c32cf1ad7ce26e4098b9022a1c5cf78928b6f5abf140d,426224478,986,0f6f848f54223e311d0fa9fbe641c3c13b7b0f9d1496b77cf67f9002a5d0003b
4c89025635ed854f93e596cf862e886ab7c29de8daf40477e154a8bb8dd26349,427932144,990,59b6887c0e1b5c2dd7bb077458281e970872525fc469639b32712b27eeefb48c
4c899aa9ae5e64b8504b17ce4e47d07d3d7c749d467ed48de72ea94b00931295,422614156,978,75beebd10afe8a882ec24bc62c0f350bfabfc4a7a2030915d84f01c158108a92
4c8e4ed945c80946b3377f836675f5c705abf4253d06ddcc2f62778c97375258,426383401,986,99d4e0fc7ea3e211882bab2de8aedf5a3f90efad4c3b59f5f53fcbbaabce5695
4c9470465a67c6810aa4051261c59594a8b0047aa8c220821013b59e5c4a601b,422068578,977,f99b9fb9929fcf9b36dcc5c85bb8c5848a6de774c3bb13abc7d439e36e49ae83
4ca314334c53361b595fa47d03ba16a64e1b42edac89ac4e03f88b0a7a927d98,426110588,986,5a21437f7d7703b7d3f2c5f1df3f33081b695d21b10af19970a79c9236eca466
4cbc3fa3cd47d7981e084e6edfa473ba90c424a53283fc715ab182d7f9bcd517,422543183,978,a30c3cc69a9a21494f7d0f0d5afd28440d731a2a3e118d8ce6d06b694bdcb7ae
4cfc91afc3a7dbf4c36843328c0ab15ac8e614d774db07614c8783ea057dc38a,425729242,985,091803a388a93c0d21e77ed2af15351614a5222899a5bcaddab88576245c005b
4d193c9f3257a4d4444684cd2d3c657a06e1b32d919db084b4a4d5bf55cae00f,425868694,985,3ee2962ddeaf9818edc32219e165f397b1f059ef69722744b4d09708587ce399
4d1c56bd10850c2fa913b6f98495a6d247e62cf667c0a3ac7a19b436dd0ede32,427575480,989,910bc387516e6a11ef4bc7fea59664b4161ad7c94ca72321790d484aa10419af
4d26ae5f1d6151678f1200c6b150a9ff8a3053020b4af43a644daaf4c9def990,424017570,981,9b37350caa2704e044f46832d256b6b46ad10a506ec28a415355ae99b84d05bb
4d3ff09659b3fb91840f4aeef3a10ab356ac33281921d7b23df8c093a0d9bdc8,425779317,985,5b76515f4274f1ba182b85a34a92085ae33bac0fb96ff6dce417d46494243cec
4d49d404109a9926fc855950e9268ee6dac0262ddd0ba0e041454daaba822eb8,423865241,981,ae934e6109c17bd870bdda8148067aaee84b91b7f6fb6551b518222264dfa3c0
4d4c754c698fe23e1eb9f2754f1139f7bf71248dac468e4ec91e9cf85f988c35,423619606,980,a7ae0d8c5639e231c109d0159acfeb313d8767041b9072a218aed8865cf24049
4d4f6973c1db8c7ec7b7c41d668ae5b80f5ca3b50fe9efba9979d314979f82e3,423138068,979,34883c252e25ad22fbddaa3c12e6b4d7fa59f30d215be0bc45d32752c6b9e7cd
4d6f6ae3c20e4e909a7c5a1c51f8e0e6b61f69d5e2205df16fc7ad734c82429f,427443522,989,53b34a940d168971b9a38bb48c5d9ba051735a4043d6b22c62ebb9334d88a158
4d7c68ec907d8a2daf75a0f0daa72383888d8c91d988ae1297ce401b2d35793b,422804098,978,f31098445f93a64f7aa205f6312592416ff7d42ada7c82f8d136994f707c96d0
4d8b0f8b4c3315a58fed4a1af28be6a569b247d363152d564272526544f5686d,427481266,989,46d22672642ef743b0f9cab4d63961c7a46fe16a17d53a985892c3a3c637008a
4d92656d492dd94ef7b9ca526154fdd0fc6b253ea8d00c5a1b91e35104e8fc22,427182478,988,9ce526a8a41a533997123f1c4161422f2f8caa150a894876ad852cd3ba1545a6
4db83329777b3ab53e28eb66129a59b64ceb78857f861d805b0ab45212814267,428061485,990,e918ff4c259fcdca02d5288ed199ef6ced39fb7416b5b1a59bb6e73903e7e8bf
4db90bb7a9738e7c37eed78adabb79c0ae1bee88db4e752d8252f2be412f8eaa,426084112,986,23dfaf38c76a1ab077a0244b0a13603d251a7eac7e5730a0a3082825ffdffa5b
4dd665c98f55f5c97d5a18d1f6f8f9b93ec896e8b5c6317e6420a1f6aeeef7d4,420930808,974,ae16981ad8442b7f584363c039c549397a860a3d4c3e04846c671564ba6e2e39
4df6e0039d0b3cd151d1f70a6654e04f1022f7b51245ca211f9de4920bbae53c,427978362,990,ff986d00b2d654b5af84738565bc9a8d5d3255b6188958e6b2c68828f8e1d399
4df87aaca5456df6b2a0269863ab9b21fea3323933f231c5b93d9b1aa8f60a79,425764957,985,d52d20c848e8d374d4597bba0246bd79fb3a1b98d3737590d1fa4914b4992cd3
4df98aaabffa133ea65ba3b65ec237e25d738a3a110555d40fec0c420f69db76,420901884,974,64a359a7082398e324e652cb16b1cf7476d3eaf50c2a711b61483ab1eb6b8855
4e0ccbc64b9b6c8f2de689e7c165b65bcf17fb83f58bc1e952ee3a60833a23bc,425285685,984,b049bec9ac64f17ef582ea65d4b28be9fba3537a4b21cf370c552e2c1cfe99c7
4e1d5d5e5c52a087071c84b14c5bb24ee8059bc79ca091824670ccd7990fbb21,427450708,989,386d119d93ff3e1f12c35cbdd31269a62c482ba771c85bda3bfad576a9e16d07
4e3dd9ccb9a931e755a224e79b214317ceb9c97149ab79bad3312338392f74c1,426010287,986,265a382d888e5d2ccf6cde3975d96cdf01b5604414d4d97622cbb0d54c0d981e
4e61f441aeac6761cfd13ff5d24d7a54a2a0c8d9b64c0b07ccc3daf6f732fa08,424357867,982,a7bf3939f0352688e7843191deed30caebdf157233cb6004ce8464fc886c526e
4e86d2c1f4324a3c7a5ff56688ccf962cab1e90780198cc1abbc36a4b7df72fe,425766144,985,644ca948717318753bb2c268c6964adadeb630d902736e971e8bb51f87ab2c3d
4e88401e24aa898b9a72f9745afcd3c3491fd2d3d7b2e3ec31b5c92abe555170,426487101,987,09701e58ea95bb6926e64b23663d1025728d20bd5306b85acc5f147da497b96d
4e8cc6983cfa0dbc90184860aa9bcdccb6315c9adedcceb11f97e30f3347850b,425491147,984,9f56b0459c332e0a71d9d893e0ed45ab6fdd4e0354b4af82914fe728561c0020
4eadab379734f8f518653d9eccf0030635e2b6335dcaf73463d9f4374d855935,422806894,978,198c08a0cc064b4c635a229d2d5740f2572d7a974a6872a90d9bc2807d78a6a4
4eb9a02fb100291f85609da144cf208ebd4e584040cf4fdd5870957121e73e14,422821626,978,ddc0f02d8d615e81f93d680c3efc6c3455b4d13ed59f2a6908d7b2522cf389b6
4ec2f134084513ae77de711809bd73375fb6252534fbd20a65cc07789dc7f3f3,423735588,980,a3f9cfa3c512a97d5c5adff671d252dd353a12f50072ac1450e90e6d47307303
4ecdacae38fa43e77c3aa40804052876acdcc9cbc200b5ce11666609e2e74be4,424094810,981,48a0027548e6640c2231c42060c07404a68cabcfcae21ddf49214ac08033cc6b
4efdc688d965aacb067962e1437c45a7e9d38b73734137d46f2ec1f1e6bc6369,423683134,980,0a78b93bacd71b1f34f05ef0acc3867bb64e1cdb41742f0925dfbe06df9fbadb
4efe56aec236664eef88cd424c4ed40d9bfb8b5f0f011936847a7d37d04d19a3,425977709,986,ee64c7797eab1b4cc1ff7357dd42455891d7a62c0383780dc3ae72300472ed78
4f0c25fa9cb238d12004ec624be3e0661b869e9bff5efba46107b9b266d037ff,423314298,979,1ac03179404642affe83c1a2f141c5a3428a80c4338b8bd905f8ed3383f9ecfe
4f42ac3d83f47e9714c3a67395d9caa5527b22124495dba362e0355c9ee84691,425390963,984,c18ebca64862a052be425940b0e42aedf741b954d8b6bc3631c9dcad6a2efac9
4f5664ce2caa145f93e7ef7b802020e8594cfa477271a7dee582fd0b0a77d935,423460834,980,58787edb9a9ebc927b6ef303d299ff9b0a1a81494bcb7867d62ba209ca7857aa
4f840243f9e13430ff690d7022ffb9e3f57e48e66322d4e715357c2aa8c2690d,426275920,986,167ec04bfd3df305145f0361bd5a2d43a2c255ec0ab5a172da7fec5cb7d15bf2
4f89f6850bffe66606a213a4521bd8e43e1e0e3b19aed62d3cb709346ff68dfd,426714779,987,b8290b347dd5054a60eb4073f3166fc1a1cd575a398ebb0a7626ad2ad03080a8
4fa75007571b5de10fb65b1f96292b8ce24af9b10cd4bc0a65244637f205e397,426165428,986,2b82f18d611f6552d139a200f81d212b329645bcabb465f1b6c75efd83e073a2
4fba8a920f7aff6be628f6447fc22bc56f706daab708967fdf6117d4904f11aa,421694481,976,a9c91f6d166c9ee4af2c6dba462487dbf87fe2452d28eac9d696f37344814652
4fc759a02ff7f1c09f4bec57c41bd29920d7616ad49f3c4cd75333a2649130e0,420811420,974,61450f6018c2ce878670c9ac1d441108015bfe23f505c91e49c3f3b93f64b1e3
4fe0a7515b65658ed15688760207081aa36b2cca8dfd07ba8e01172ac01d840b,426356388,986,b941c11bf9d8addff4cb315de7039b0fea8d9d7b15ef5ef0555b2adedd9c4c28
4fe980d4e416132781546ece6af6843346e605a16e377e9dcf65e4595270bcd3,426532553,987,26bb52f3f52520c41abbedbff14de3fccb0ff67d4c3110c96118ece53028343e
500378020994ccec43bb65d20df4fc67a0f0f19d87f2807d3858f222134ac083,422528172,978,edeedcc4a0533ae99e0e3721613a18daa668b2dcb42b38cf42131ce94fe6496a
500af950dfd07263cb7b4f06171e485f9f772beca5de1cde6b1ad8cbe03c5de2,426485041,987,6e5cdb37639268ecb8d2f1f127da903b2cc661d87c27ac23cd65227eb2d68888
50292988e45a845eda3ad56effc204264671786a371c7c832109b121491ede90,424816689,983,38f1de34199f2636182e767f5785bb0f529684e7f1db6d4a2e88cc1a1ecbb5eb
503bc463fd207246480090a2974e28641ddfdf5157ab41a8254ea96070145fb6,426226628,986,7458a3b27c7f72fd37ecac8eaa9c18bd92e71bc8f720a576201eb3cd4e575282
503e36b17c36b54520905b7d067c82a35887f004cc6ef5f0d3739668addbe707,424376747,982,beff0d1687e79ef0f684e7cdc73cea81d530bf39db24ff7f8762a1980c84827e
5051873734d94b641a7ba7dc147e7b70d8bdba13312c13467184c9c1d41c4c0b,425046601,983,aa76a001d004f9c620136f425c9917d13c1f27694b1f24e915333cd4a68e997f
5064197991ef6870072b5572ad4f36a04561e4ed32f7830d0bd258a359ccdb59,421582588,975,424c1887ec4ebdaed4531450bd2896ed0541833f8654c7db12175964da4bd8c0
506d693aa29234cbe6353a08a9a39bfdc8a45e83de06b140da9ddf270935dd77,423426618,980,51bdbeeae166a4d017d0fd1b449e39d565ac65785e0c81cb3d210bc40486f648
506f1174a101bc3e1695cd87fe7da249e578d3c8a23f4d73fc453ea24bfe4d1c,425114344,984,7f95b84126648fe1d8699f3c9e2d9a27b32aac6bd7a6be41da811509f8fb861e
50827f809332fd8a40b5e6497b4f02079a2b92eea73b2b485d519c65e3ed8f0d,423949161,981,06acafb832a03969a79bb15c0485d8e067ed6430934a035527c562d2108eb2a0
5089c1d71d1f956897af86dfefe4b42c7bad6f38a4226d063d5c75adf1118a10,426480142,987,46fec9c3a4ddde4c68ac264b0dbe10f7ce39005dbef262533958357b1ad43409
508d01ec66c52d416ac78828af1864e8b9711abdf7dd498c2154ad89ea96aece,426367553,986,491c5c82b0695e8c7df39b1a116d7f2301bb6346d2789de58e680b0fb1a2a099
508d59485f3dcb10bdbcb6828d0ed5a46c2111d66efcf03868f7ecaf42f144c8,426116759,986,bb250333956490d853650eac08abdcdb2c3698dbf0f7357716a09125fd66a73a
50922126b61be0e74cf95e0f878df40c58302da928194ea0d2f861b981bd47f8,425914810,985,b45a962cb131061405b7627dc9681efd3fe3b0bc426f1186063da13403e2234c
509f7fc47cd4d51d2925382a375ad645f733bf77a270451d4eb3f8b9edcac85c,423930480,981,2c62d1ce3d839b05ad9aa6641fb4561229eed34be68ee2d96718b5c580c6040e
50b3de72dfe96dbd0ab4d3d31a4963da493aa77e466431f58a5ac006933170c2,422460845,977,ead853bcabc0ec89a98e312d66f7ae67a9242452dbec44693478bdc42720515a
50c4b60c70da0e557c096801d8a0c1acf832ca7138a67bff3d581aaf315e208e,422457727,977,ee9d8309e7863a603fbaa15ac986ea2471e81e433d29345b1f22488ed03b36fd
50f1042d982ca824ba294fc688a17d1ea8731d613bfe163cbcb12cb55818c7db,422095645,977,b2366104000d81e4b17ee1973d8b86e44af0436c98f913294a684429cd8e83b3
50feed6d212813982b3969932afa20cf2d8dd62e9dcc1d25d29930e3896d3d2e,423855014,981,e93d053bcffd3b8f3f7d3c1b8814d39a4b80799a117b08210b2b03baedfec16d
51099e2c5d407155036dab1e1a9f296130a6ff0e6e90096e3ede042edb028584,422807920,978,b4188b5d61a2fad1deed2ee53a3b638267c25282fe8ece2ce8ff568f461de817
512be3f50b99cde9b18d06e7b0210aaf6763eabb0caa91479853a0230c76b21b,426750224,987,0d51a574b3e471136c7d3df4786ebd599f65b17a1b2689ac80b29ce7840ff756
5130e6e7d8a27c0508d5d827815c25900bed8528040350436a677f07a62e8ed0,425997860,986,9d5fc3c0f527d19f37d590f728c544dcc5c7f55bddfad53b3701b599325e9e0e
5138a03bfd945526464f1ce0629b87622f30cbe2bc851fc34fd175a6db47568b,420930252,974,ac3d982bda53ff2b6a06e46c4262b67913a2fb90d276b85a9818f4428200997d
517dc8b9a0108d756130bf608bc8ca495b755df42eb6c985da811d64c37132c3,427574063,989,a5424a6dcc1cf1a41a91d188a73d314ab218cbe54def59e8117d8b4e04f115de
51853b306ddedc7fd949b033b146bbad9248ae7885a5b08dcb9aac7031d9bc78,424157604,981,94a629e42b51b4555e73c5752ee686cfbda64f9bacd621b38208b4a6657bab05
519f81ef6c4887b7208c4b0b84faa5c6661563955b690dab638269fa6fe98697,427895124,990,1538590c20331208c63f4a337ec88f572b7d03d35e0b8bef59b0cb24023476bf
51a795914dc956e16d042d4cbde0347fa442b818922c3b21f6dbfeaabf487a67,422791368,978,2c280e907330673754f3f5d8acaefcac1d4f51c12d898024f07f1cd1774ee80a
51ae923ff4514823f050385d24cfec1eac52ffb869b28063a341f3bb60811c4d,422811282,978,a1ece10fe0ae7a8f1b5b18a9fa641770edddb057f57ff795909f75db55b55c02
51bebb3b5dd3430f4da414c349cd26ebd1e60a34e278411338a0af2ececfde8c,426139727,986,be4b7edb4c1610360acd75ef42f70e3d8dd38a163bcf925191eb4f4de8fe4c4f
51cd4572cb5e3e72cddb8d492f3898c39784a3422bf332c924534941ddb44075,422786475,978,e75074a0bafbe3a6ecf2144315b09c2426b805992df22a6de3a236dbff02daac
51ce4343bebfb9b92dda0992ba06defc9df2d34d8d50c7f76a7b3798a5be9142,426190715,986,1b04d1974e9d78808c464a15c96a381281dcaeaefe92bbef6df5234818e51fe0
51cf8b4fa9aa08adac755fb50dc0d9c5fac00ac0f6e361d4bdbfda53f8b892da,425503561,984,5195bab3a7aafedf379889774f3eb3df06e49af19f6175e9897ce367cff057ac
51f4652f98b785bcc081e48761d4f4a65d65016ccfada5f90ca85fc0c199181d,423991421,981,f0a01cf00ca8bb86decb957137c06e7a23a0f0f0e01ee3b5515787f74d01db4d
51f8d821a4314dcbc0428999bd35f3212d04e81904a8bd7a2dd9a3d66b8d4d36,426650725,987,5e5f4f1a9168dae5d41bffdf64446224f1df08caf39cffb5778209a92a9a3615
51fafd5804e55b392436ff511827c2f90a688cc369330ceb9f4c458e95ae4961,427167526,988,6cbfa0598c77728f48251e48862287842884cee701979b820ca1a5389b75f928
51fce800245b797a3a81f3c73b37d82b81aa49f88a8f11d65e681076643ee32d,426749734,987,86233ebffcb49ea661c7eed47ea12d744c8a93a3981654bb89ae74fb5202f076
520b93af4cf9f097df78c89f5e89d98bef508f5c6f3b090e4c9fe8f5b3ed9af7,424459001,982,96ef06ee2447eb8e9980eefbe40645d2d36c5876c828e8673fb7802062eb34cb
5210900388195621d5df0ff2646fef74ed3aebaa8e84bf47138aaca80dadff09,423144978,979,8f338b41ff79c13423da931e9491104d03bbafe0b79ac70f7840297fabf503f4
5211c51a1b72be6d1fba888b0d68945317f4b8f43af8cb604daa87a9dea1bb7a,424678830,983,3483a635ff4a78655f4a5ba189f8a8f12fab9c1a41c4f25c90c4c725cdf5ef14
522ae42e8329b108afd1e1942e4b082abeb0045320f6faac2b202ba5170b5695,422796840,978,339ac5473729e06691b8d80cf549597cabb31c9de7cbce5cf53006ce31fdfaff
5234f00a2cebc7af65b54ff27955c1694df91d77ff7f8552db7492f76923f479,425816895,985,f0065ca9b9dd16fea14885be4f48d2ee231c1ed7402afdc40460ca50b0f6e681
52388db4dde5030ffedcece888698e94624f2dc1ea2763e1b29d243afb1b7ffc,425046721,983,6ea477f7e09ef22c2a3bdbdffa07e7bac351b34bae2f9d9ae2c1beb48f3e2c1b
5239c397fee1839bb111ce49217e2593e7c0411e209efca2042021c71db21240,427877911,990,6cacb571cf76a69edef60d722f2bc192c51ebb5ae4807089c5c42e3ac3e722f4
524dee5b84e7707b84bec233b9b62bca2e3811e334407abb546b86035132aa13,423432194,980,73195ae15076f3f6912925e821d2b00031940bc89527dbf55b45e229177d3df7
526429ee6bed29b560e80ff780a0e88b8645bf5c65ba1972190f167d2aa7f5cf,422431706,977,aef7bb1e0f99a1dc4bc5fd069c0cf5e89cc2ce1f4b66ea4823b4128590044883
52719f8386f28d19c7773a869e41f4db1b5ff703350b82d38601da6ec293e673,425401904,984,480c9f98d1da781204a8ccd70c6b033ae7f682d3aaca4b5ec1e3fb3b967b3acb
52785962472824fb895f7bad95be1e8bf353842fb2673a4940a882a2bf3d04e6,420932875,974,69881086b92fedd94bfdb5b98d416a2159c93173307913bf183adb1544dd121f
5292a7260cc1445b570787e76b30a9808e97755600edc8b890cfa207148e6f23,425154630,984,7db2315e60f73ac9c53e82839754894e9bfebdd9569cfef1793af5130279efe7
52a881fbe7b923a8401ff5f505f9b9f84b0817dae1d5157950c8adc41b21776a,423834454,981,19ccdea5b7907dcd8d2dc65d9d0864ae9af06b4814c1b170245dbb70c6c7bb47
52aabb66d50bea71c69eb5ff832c6a43069f96dc61d886c50441a199dd5feba2,423976092,981,574790e9b2d8b4f9d7b30fd9f322f9adc2b17c4d1fc87f1bd774c2b0bdedabe9
52b4c63ee6a575bd5723d932ad3726cb3604d53094cb00dc5a84df9ef7405715,427134151,988,e1e395cc58b5549f37833954f0b73a8d8d5272604635e755f0efbec81fe0a4f7
52b81efa51ed4ae9b98b3baf98c587a9d0853fa37bbea1c00aa0620c7ee0ecce,422784315,978,d143d1185966f00fb4349d457b143445c0f0cb52518a542f6581f3669673e0e2
52caf5c48e45c2301e34932af95637e11df49789cbd8cd7b78a34a8e069dce21,424276887,982,c2b9cf2a328e37cb31cdd59069d86c63f450230cee096907b5ecfe44934bbc22
52ed115f3e30b9f467907d8a0c99210c1ab6fa772decec9f08ffb536c21503d8,424410475,982,9eacf71a7f4dc9b4e09553229ab3b27b197cdb5c4ab255d154588cd38f452c5f
5308856bc233d5d8ab0406e720a03de9abe2b0c80ea638b60727e8bea88fa421,425457798,984,2db03edb9f7332ba8d751df96f48963edf16b75c48946226dd535ca3360c5097
530d3e33521f623fa51696611bb5f2f696ea8252160cdc403dab491211144a55,424166086,981,bcf65df9c4a179f32a8e1ee4cc6f44b99687d39be2a3718a1e7bd41f8bbd6f1b
5321e0258b2512c858f34c1cd47991fa820b6c390f7f906bc5e7bed9bf897497,422778919,978,59b5d809d97bcd2244acea7dd1cc6cf0e2ca84d7705bb49eda9e39f9cb684ba8
532de048811d1f60c968570a81d1cf802ece9a56e4bfdc394419f4ec1c0176e3,420932501,974,e6827042f8623ae20cb0a0f85f2698067b5d4178cb589e45754277aac353f999
5334e3068ed17e788d2b4b2d630e832391afc2596f905c25f9e7aaa9401de25c,423829557,981,f709659373b0d8eb2fe9408955e2e4e1426f9d364edeb7aa67563755f7744360
53460a7ea0120d280b7d8a0206b21f485945f35a0daad106cd348605d44c3c36,420932922,974,6991adb4a7e5cb7123c0b171da663790e0f03487ccd2e7a76766692179e1ef5d
534e362a3ff8bb04595830694dbc9c81de987d313be728021d379cefc2b58069,427174822,988,c8dbaa83a6bf87a0572ede4de9149e8d73b554cbb543e223342e9ee09e719ec9
537b050db40cddd5c063a2d72f9d4aa0281212d3057784b5bd04b88c5a1d7adb,423315569,979,9adb54cf445dedbfedb08ce55b8c81e0d42d8fb238ef30f631880ca10fce59c7
5395227313d25dcdea8ee6360343339c08c14b0bb639146fc3539ca127ca25b8,422800122,978,60249a589f837cb94fe14cf81f4707ba92e50723508f68ee2e6e984f70335849
5398f69128330421f1fdd7f3f0bafc0894a20bb5a7e9862b8149d1baed6e0165,426288988,986,e7f53d9f5c4cfc800cabe84d0f127bc0039d624a610ccbeba28bf498fe4cbec4
53a7daf68ebc4b7d6e7565e93f732fc1e09a1203efe8a8ff2ad15d93654b9cd0,426128141,986,43d737519e3d74c7bb008dc5d2af12176488cc4ab47e0e67b0752e12b2e9248d
53b5e8401ecb3cbf43da4b049c4806de56ff94eed5ee0594ece92066b53d7054,426585515,987,4b6bbc097c11134e070f43b4bf694f03705e05d8b95a4bb0d77c066e4111943f
53b847356042643d95c255a11f5e5d960bfa993b4e28e6c4fd3fe565ed87ea17,420824718,974,4b6145c77e623e4e26114853f0616304bff001a20476259454c04bf7268ede62
53b8e72e0b074b1f5625bea2ca8054544866520ddab0448eb84f49eb6ca672e2,423860872,981,2031c08341c1f4acb6538659333d7fd6a51b8278dd887ea6b47a6ab7b7bcc11a
53c42999ed6fdeecf0fec8bc2f7bb77d7f9dbc1cdc1a01ba5c65bc6b7662b1fa,422779316,978,7f0c4c3e588218f3475fbff862b01aee0d25ceae122fa82b9090f8cccaca0289
53c9cd916e3c7445dd6ee7d0fea27cfd2485544cced09379e38290f149351e92,420808116,974,140b351f0c31171d7b896b681975867338b2ef86975a0f162d949a777b427193
53ec4c542d1e4f42e4e52b6826118db19290fbf0011a3ece391b9eecc55bcd23,427985311,990,96c4dac6744d0ad89b7c152f270cc3ef5ec48f84fe92c8e742aa2d68e8348e57
53ee9ce2e35bba330e1c488e040ea975b9004c3ba66338eb6f513e8c32bb0927,426212177,986,2324f93bba9acb5d2c0e4167d178c653e964f48dfdf645495c1661150234e891
5413f7da0bc247a9db26a6d487521773c8970c6247b58bf49886d2d5b7e87c88,425331498,984,75fbcf02fbb04b54d6b591f39d609d495d0584d837fb84e873c15d01c4399a25
541d3628179cd085bc37beef210ed641003a7d90f63c868ff9c511b3d1b49ae5,426887533,988,3832e46b818674e4811eafc78314acfe9cc5c8acb8981d7b19d7b08466560d3f
544527e8078232ae629fe7d4b5c4a88ca33d0303091ad6d05a3a6bd99eda8f0a,422002756,976,1bd2713e7ef3ccb221afabc2eb868104d4b83d9ad20cf27f4293473ee3763526
544aab99e92cecd9b16a5e01ad78a0ca362ce43d6762aedcfcb4b40ff29ceee3,426783749,987,dc7543363a6c1d3edea2718d4060a01fbcbeef7d3745811df17536cf2fd25033
545519de9a93a696b07618d30b7457a77d3a4d6d3d9a8a09cf6533602a34bdcf,423778775,980,941fa1856825c9f70ab6f6f80107ee76f457f9f98e1f2d014d9c71604c28635b
54a4aed61de51abedb480942b0c1e3169d1363ae0ca5d34cb9acef83fd5be3f7,426217426,986,8e9ff43163b86c62570aca04d6201a980372e13decd855b126a3e4f897150567
54a85aaf8dd8be92040a7f0a84f6fc0940177d157528239f39b42c265d0d690f,427449648,989,5c86d998b3377987d1344fc9dc5d1ec9797615cf6b88b31f1303e80f3be6a3c2
54d41cf4e6eb48410f909cbce317c028f5977ec0ea0ded03afd0223212b030a8,421703695,976,9c5ea92a8f24ff4e2978649ec74463cefef4e4a75bc8d95ee6a5aef944d0f957
54dc415b4a4ec58e847fba0a062ad145d273b018b3c65796080ed8e03ab2bd17,423569208,980,02377bba078e55ae805799221f53c2bfade4d583129b6c000274d515cbebb310
54ee0dc453b515a11212f9f509bce2ef4e3b0a4d9b4b3ac9a10ba4697a5ca31f,425045653,983,1b27dd351393cf0dccb0e8783d184db0fe90259169703c3699ccba19390c171e
550777157630073047abc2c85b02cac0d943b4a07334ab16db6e3164c65d8f50,425533394,985,0a6d51ddbcbc582acdfa7f1f25310170be43abc5a1b8ed2ce55d2f78bd74c609
55151be475a6f9a8adb92872c57fc06fc3b44c7545fb415e4b87da6492bedad1,426115709,986,7e0d41122ed8366e04cc34f7b0a9b4be10d6067068ac11ff3baecb66269c3059
553828defc9b7711e9646f72d0f72147e5906cb125b40cc1c4540e6c92bdff1a,423778386,980,6b1432b0df528ed4f10acb68a86fac619f145a9adcf59873771cfd754f6c2636
55391320bcb6343fc0d89df13e15ed7deb1729930a05eb38a221c109319f2125,426655837,987,ccc80177f2907350fcfbfb988d49f384578ec3e183f1074e54c2fbcc09d4efc4
554928e03f5dea16e9c1212de4441355c21ff99f37d32e8b66039f99102f680c,422955870,979,3e4ee09830086e5a7cd01bb64000fe64a0d06d66dbf8b082a00bc6efcd55da73
555308e23fb5c4e4f762278d279d020b62545907d1638870aa7b941763be8496,426690293,987,50fdf9a39136239222a8c6382801ad55505a3e5c87445f58ddfb6243e93ecf91
5561d0ac727b76ca3c969f4b30b0ac563eeedd1d11783057644237a9dd48f400,423944172,981,1bf46a3b804e941b76ded44995adb067b4ca29cf13e9d6d5245c06a2c155f5cd
5571d5a0a1d31c82dc584c5553b691b04a3b32e85522a301d624b1f01327b345,424248572,982,f484e647d1cb9cb1048922591d52e4f98afbca55588c61d90f2dfaa46dd9e28b
55732cdb836d586f00adcd1f114fd1db519493839dd904bac466fb79a05aa364,423469358,980,16ad88d6b7e861e9d5d92f65877e75b9428579f6afe81ab309216cb8cc5ea6e6
557d29a34af50130f056d71e6985972ed188ec9a224ab251d8e049a372a95ae4,426706224,987,6ec754592c84c90e780cab17bcbd05e4f0af1c0c4fbac39164d155589fb0748c
558327fb0f7064ba64c71b2897adb6f20d692ce3d5ce8e5b1d7acca47bf6e5c2,422435705,977,f2f8ef95be354e03247aeea646d3262dc112a8bbb9801aeb366e526d4e72bbdc
55bdcd50fe68869af6e246139ef2fad28a4f824e18febec01c734fba1dff8b08,426815873,987,2338e025e2f89cf3d45f241ce464019f337d8e20b65b89a83006bd7b8d1e9744
55be03c7b3ead508e98c72ee022a1fbe577323891f11c2c054f2d726237fcdba,422788036,978,26412bd5e95f43e9f8e8597253f1adb975917276aec81591ee91d4ca096a09dc
55c438a53ad7f2c2140ec175ef9199053ec6a6ddf8ac6724080161dba4a21382,424571517,982,19f742536a84ad5028541d0842ae4cb4d1b27dfa0c97a8d76be93435f79f734a
55d01f26dbdff7f4622ee1b4bef724d47058fb21d856246c365cc2f3b9985779,424753941,983,4b1a1063901138f0bd6653fa7025ae98455efcedcb54ffb6f94f41a882d14eae
55de252d1361557437dd898b559c839ca5e816a37cc6a41d2257e6f0067eec6e,426596130,987,ad108167bf02c0c40d8acffcb4850fb665f96505df8876784aa0bfb056dbcc50
55e046f4be83ff1f35bf844d03db29f5896d7f783a74636e85e981e24ecb2c67,424557608,982,c9eaa326303492bdb5ef2b33251b019dc679b15888781d5ac12cfcaea238f001
55ed0b9f9d6fda11151f384e9920a438eb9fe4ff6dfe3d79cccc1fb51eae2a16,422547669,978,9e20c700f2b55a77547181454f0b9273bdbe54d40690c0c4387194107b9b8bce
55fd43b1e8b11c42a3d468a5a504047294f1f6b9523ae5f877b86bb53894aa85,424402501,982,d1b8345da6350edb0f6e909e57dd5b946c6b920e578a70e8926879d00bfb6db9
56010aa3bbd04293871553cbb896d128a165080e85de0585b0801f9a586295a2,420930499,974,6e3adf85a5799e3c7e2a0e30d19b9751e8ffff9ceb474128eb832c6316c6ee4e
561711f7cc61a36879454cb391b671c43aba400a090a3a57b3a78b63262aadaf,421003437,974,392ccfc9ac963eb0a8fc06091f402df806bd1be187c866cb31d29783dab6f2f9
561d97c67d2fbeead5095ddfb52594bdac7d8ce6c0f5e009f353f9366ba6b47a,425189372,984,1df6b49e4c79a3630b5839e4e06fa058de5b7abb8c57bf28f64ce77122c58ec1
561f4399d52dfbcb28640c3a2e58dd8a5728f3cf657d7bebd1a5a029add892a6,425260633,984,8d27e76654e0fa0e72bf79509539146bd07375b3105835d40fc0d7d85a3ad73c
5666f64f65590aefb50b80606cb8a1a79beaf5c4e9fff0f79fdd5d38491f3d8f,420928275,974,40236eacb1576a96b9389033f085404eee120644301ff98191582d67b247eae1
56783b7ee010b711ff8b98e489ab302271b05cd63295f8cd502d5bb75a0389cb,424909714,983,3993f7d330902b4f3dbcbdf86ec6579056f85a0f6540a82cecea9ead22b3cdae
567dd4701cdd401d70654baa234ef6bfbe4f51f463d31d5c65faed58dc309ee2,423967919,981,1c3274183b36b1b4410c515cedf0f52a0ef1dda9385741ff5f7d7e384b707028
5682b0af90f43ab48d902f93d71feeeb5a97ad853fe7c48516c4f4962e3d02c7,428095564,990,ba5d9a4a9afe4bac8b41a2fa498572c6c9547083c4126b67e8a5dfc3b9f935e2
56bbb16c01151bfd672ea52a4aee2fdded639d71124a54ac066fa895950f7507,427911329,990,b3db9844809c1f82675150dba398cd2ec2233f0c9818e2b19315f6b42b8c64dc
56ed7499f96b260135ce67bdbfce0da02a8714b5819b2794fbc63905960bb460,422751338,978,ed9198f6e60b5b5081d04b13c5ab717e5eb704c958ea38e760e2fa7539b5d456
56f0733f4ef7e12fe1a422ea153ad889133cd0b0710a2e35ad0ceb33f34abb73,420930854,974,c573496d7c8b895a2c2f10528c3f63b1d5e6339ba20c24062d234febe80e69e5
56f2e91acec9214c8d292efac21b633f47b9fd9834c627dd184ba0e5e8dfa01d,421635273,976,c173ebd1561e62037046df1895ce7a64e18daae3d0babdc47fe7e4f76e0904c9
571a78765c2634ef0515731b66aa9253390a8d22e43bc6352a712185e160b817,423981565,981,7e267d51c87c633f13013d57bf51bca29fa1e7b981a1bc6978a54ea442b9a835
57289bb217d5669d0bfed3b94148bede05f41b98b295eb970aa5bd6eb92ada99,424557931,982,a09eeb359bb3932e5e59527b78e095884c8bac3f06cf6a38032fc80f6435561e
572ad5a0c7f7cc0490266f30510be3730316020aa50c5a388ef29cf6c5e0d91e,421734924,976,f61c6be2f66f335026238eb9474eebd23622d47078852313cd4f1053885bd30e
573624a9bcd550f7b35d95508c4f2b2b3cc0463db5f116ad49de74a9848f3d81,422118884,977,cec4edf83623c7bdf181037d2e3e6b3dda1a4ad966a53416e9d252b283be3a98
574487c24d4deb0f94920d157d6eeb7fc7e8a579f3586f91d82100d29e9a8508,423945305,981,d7e6e6a1398387471f7f65edf0cb5baf8215a5f25d10f2140dffb1d3e0d899ad
57506abcfc5667dc66566594ebd2de3ed4bd878d0f7380ede2f8f1cb6616aac8,421809115,976,0027090768a7ca59f755f5c0ecf7f524dde392409d1a227f3cd726a094eff907
5754a823880b49d75abf23c820b157c68af2d147febc3df52bd68e9ba8c7b271,421912514,976,b16425ea9b4dd80c4634b9504c18383ed4f45ae79290faff3c16eb0bf03e1e05
57607f9313853afd86d3817ba65d4aec96e22a23bdb76f71e717cccb30ec5a0d,420930390,974,ee6f83431601cbbc0f6fc64d4796f9f5980b4f3a64bc9dcbd4f9f69a1fac5a81
5794278e18db7aae0d7f85cbbb28056e910309dd896d91a6f505319c9eff0686,423302035,979,f0fca750464b4f75cb79bdd2a67df1bf66de4c35116900394e08fff4c39332d6
57b64bbb540542c7519467688b3ac880b871bd6b66bebeb5a8235e7fe41df42c,427368424,989,5b2cae586be1cfcb10a5d31e835aa02be1ab6c120bd0426128bfce3dc842af1f
57bd6c262f22f1a3fc7ef578135d71a4b01544ea72a0710225641a21b5d546d2,424188011,981,96a6c05de1904f31ec2579a866e51edc6ca36ccfb70ab815f7e936d5d19d7274
57d56cb592f345d5188dbd98e076d978743a5d8a7932df29d1dcefd23e9ff2e5,420933645,974,806393741af3381b8ac028fb798d82eeab77a44fd6a7b3d4da05ad8ab9404451
57d584609a7cc26a3777afa4a94755abb075263be5fc05a0f990aed995fb54a6,423651054,980,da378b33cb48296359855297348f17b5932c5fb9fa67b352b1bd6cfff2fab04f
57e98946857ce516a30f73e6753dfb866574740375b9678fd6ef2b53eac7c3fb,425292765,984,c636a2e14dbd66705e49c30767abf39fa747ed944770489f22396b153fb27a37
57ffbd147d8fc65a312a630005a7555aeb5df3aa0d2c4ba9b1a103494e2a1c7f,424652037,982,7e9a164e75f69ba3f77c81251071eb9609ec7b5e80fccf98c8336edd30740b7f
58082890d9e314827855cb0c0f6108bc77ccd8fbe5dc6795b6f63faabca47839,424638628,982,b5d65ea6417b4da682c2680156ce97436fd5f4dfe6fa943b8ce98e5267c86529
58095e833ba3735adfb6a34408f5336ca3189323b512615d4de4a75c2d33a488,426726541,987,7762a9e9d7ff1208359a47067292289e0e9eb60efc5fe0d6164ce1adc0692183
580e3f8031949248576c88abf9cd29e8337ee1fcbc23b459c12416d3b68ae223,425763372,985,aac97c203b52de4642f668e654818517475d7d4b8182c7130f95f880702286b9
582b8c2c1b7a2d025cee7a6b123a3c471f8fb37b457716fd79e4ee560171e3a7,423659021,980,f7c60caeefacba31b5fac158e844e144741021e8d2f137d7802a10dcea69c75a
5834f4e853173b2a6fc15fa1c0c6a5497fc47bf6c669136431c53811accd3a7a,426501700,987,607285efe49f661a7d42213af895289a4a012df87c057bf814d332247c9ee3f3
5837430543c58c9408f45b68468ab0ef13350771f694aa315475f72b005e40b0,426314644,986,508661f996194d595480396526f0418943541ee39fe287c0cace1f9284b4b885
58404c1b1bab3a1825498199561e9d3ba8842e3800a032c843dd3df8a0f119b8,420933906,974,7d6d7421332ddcaee39b05205c0ddcd803bcb4f512bb15e1fa8ea818423d3e62
585a4649df7b8ffb2722cc4e0de82cd9de34afc74fbcfec30c91fbc47191fb98,425238139,984,b1f6bb5f84db038a8a8948150db7e11d42ca90d8aacbdf3d6b8354d1fb80f1dc
586a959caeccc0b68ad58aaf238d572aabcd5404aadabb0afc65cac6b2162d60,426156418,986,f90fad711d12e74ad7e28d2ec5a20fdfe68573901544d12a09685f0427b10de4
587908c95f49cdc1f6fca247297ff961cc7069069cd00813076f541abd62435b,420932288,974,9383b9249ae2f57f09fac69aa633c3b7faf5d90c5f2281281679b5940094aa9d
587ba7bd5fcf29c919782b151db977d331e9ef162144c5227aaf5877aeebe11d,426702296,987,56598e823fffef2505562cbe42410975043e44f10ee001de554a410a9ba9a6c8
588345469c53f36964fc4c679c03bfca3d605362ab195e4d78b625bceee7fc77,427123209,988,654d6ed8d2db52f66d304fd4c7d1af194e2a081d804095d349e936e512606de6
588dce2cb6b87d9be54887dc9ab4fefbea08d18c289dd6e01e4e6ee0cf58530f,424088410,981,e1523547ab3392c9dac213ec94210b7d852688b19e00a5c449691476a718eaad
588f603778dd1065fda1a1462c23fa7d06f4f9d48797e59891f9d30a9cb2b8ac,424371980,982,428c160087e1124dbff4608eaaae30bbacf1f62b6f70de1c12d4ea93dbf0efce
589355b84661968c01446850bc443da8c2a82a64504a0ee91ee95d501169a8af,425842380,985,dcfab2bf98ed989701d64373028d56c6f021721404457ce9f8d3fb48f5966457
5895a5d412cc3202e339bd6e85e08c0abda977b97189c177cd1feecf4b54d6a9,421945420,976,3d6a2d179d016b1296b4e4ca52c069753050e8af2b4886ba34356212a2eb9e2c
58be8cd12ed0bc30866dbb40553336201f42e1ca5a0e799ed6d998627161ed9d,421237794,975,3d8a3f6c5ff9dbb1bcc92321277e6c88f0d2d008a4e8a83041471d6926bacb4b
58cee9e794267fe4b547c9780d10fe4b7516937befe0b57306bb3fad22425a7f,426285773,986,9f65e709e31572ee37dea0d3925d78bef16b6fc24170657e6b8f2de4619f0c1f
591436b43e38472dc27ee742bf4ed644a0876260f5046b52a24164a95a5dfdbc,425342662,984,0b6f91045a5228cba2c8de8eaab0b846f8dc94174d29b9ec5bb7c9105cb89f42
591c7f39395ba6d0fa61e74286434ad9a9167f0312b0ed0e8f4687c7a14052cd,426728518,987,7337b7798f418d5a3828a09a1f3f4751e23d02a0da6672ffad56a9801803d4f7
595f52860c20ed3bfe2d9c7946ec8015ce85f4004c244cf5f4f10a28c34525df,421395380,975,a041ebfbca7df6c101caeff658c63954ac2540b3a50601a82f2d400cb465d109
596e8fc5d30a9d84c57e28c2c9244628a222efde6ea0b111fbbba99b2fe6dc52,423375013,980,fa78e0b135679c03005c6c0899d3e39cd5f05bfe529295a150b5ea38eb82977e
5971a9e553a3bacdaa552a57238584738cc731d6135e444e3dcab04a17c5cdce,424041381,981,be478b7558e7134f209dd72f979c2babf6ba7e970340a925de2dd34db487dfac
5997cb3aab028148d04de81553ab87456fee9f49c00f6e8b4a3445f62a5e874f,421600293,975,5a43bbc261681eaf389171b1c39fbf1da323b895ed5157033c069e73de96a31b
59a97f6fc755acbb3bf6766633dfdc92ed28f5f0423e9ed18a774062042b8da1,426320678,986,17e1fe49b7124d0794d4bdb98810dfcab137d5f21fae871b00a14cffcd3cc0f1
59c0b437e94c3f1218de48d904ac9bcd20391a3a7b8545c8e6d13f92c259b959,423804346,981,70a027058a9e04d381ac8464b6d2430610f957520ca740d10ba9784e6d6f6a50
59ef9d0e6c5db0c2feae25847eddbb3d105ca2b0bc12a31447b7cd927f4d44ea,425794858,985,a3082fe8fb67acb08d48c9c328c826ed0f201e717da3bb7ed6b8c7f88f5464b3
5a07bb576a1ac814444f53cbef853cfd96da5c21ae935de17594f878bbf67382,426382596,986,3d2dd8e45cab25be6b21c9a82b15ed585180419455903aa28183e824f2cc89a8
5a119d83341f551686ff54d45e00660f20ff72f0ec933cdf4f8d4bd9ef9d8be4,422110293,977,9a61ae28f5c1b424e8773d2b3e9f9676fc077463088f0865c1a5d496854790b5
5a1ac578faf43564fff4c9647a7713d74c777d05b929087894c7292a01aaf6a4,421862228,976,620d9d1b1bce62df610dddc2edcc89ca2ef56f447a339766621b4c700d467915
5a250019555a7b1e433ea1f944f1cfbc3851475b0ee17a3e48f691d1790c135b,426680615,987,3b78b3f650fddffb8082d09ea876fa97cb451afcf1a1932e8e244d83d252f659
5a3568e21eaca81ee303f15195794b2d2388613cfbe36fcd5ae525e0b0e70df3,426584811,987,ef478e52977b2a37de1ebe58171f35f4c8254ae4c95276db32ad86b103d9b172
5a3bf452cf2f206ad5ca068d8c7448f584630fac9b471f5fd09323e17465c3a3,426752956,987,42c19c784914224204d5cccbfac8df4186d8fa6cfa688d18902788aff455a2f3
5a3ddad247dc71a5f42e05fab96839b81ba037f9daf066620712af980d47c125,425737107,985,c748e9709aa45f1d3902ad23196c992a9cdf19b2dba6cfa95e31769da2381b96
5a42a02cbdafb6c8a80f4dc30f3a254231180ffb12bf6a63979efee5e0c6aa57,425098632,984,5958eabc2dfd3f25240fdc121aa167a0518c2e99b409e9e9ebe2acf3881e22c9
5a466662558f993a2fb4b1683cc0a37a2785b6945c05bbc74e221dd41a12399d,420909634,974,c20cbe69fda7d75d8243dadaf25ad1b85cec8bc67f2103c8240024e890dd4edc
5a4f6d61788a544182d0d3f262e017d07f5462ff697b0cea4c381996d9fcc189,426281090,986,5939f86f1f9425b24a5b003bb8c131b6c5d1ae75265b9b3fea327c20d7cdf450
5a50011d1a97df927a35bec3811264cbc1e954a09e7e1e6499e27dff5f398cd1,424625287,982,80bdb7e6e60cc7633e4d16e2f12f7044d77e368477ea3614895d02553a33d6ed
5a55cd039d66fac3dcf4e46d6476fa74e98ce9a68f713f5a587f566296509e2c,427479276,989,dd75180531536687d3457c503f11515cd1151ab2b76bde46439187b81c9888ab
5a713b80fac982e2909b4ad6902b54d4838fe7ac5612e00872844ce8cbd8fc3b,427041499,988,206cc7f35daf6cecb1ae9e17ba58922bd8243971756b012db2b1c2c2b595d022
5a77940e446c6f0bcb7a97818eb71640ea30b198f705831bd6ffce768d323b8b,425307480,984,94ead24c5832191cf3e8cf20d0f5aa95f2c2ff01cfb1946a407f9eef09b25bf1
5a95a45f1b23d2da53dfb95da6274d4f73856dd21ae7d74d6c6dc53c8f701fc8,425787205,985,e606b7f593b6512a080304a5ec1fdc7e67ebfee559afe7a278f12998ec0c1def
5aa7f3e1cfeb650017842884eced3ea6200b16b15dc3c1ea132d44b7b20533c6,422793723,978,d2a2dd15ad45e04081661185d5f556e7eed8885cc36f3a11f95f3ef0a6fa6d3e
5aecdffc077390c8d90f141f92e0800d8f1665f677cd07493889f49ef4491214,421802626,976,2fd21ed4e669197e733fd3bf301436d4eeb0109f12a4212df4d80f4b42bd162e
5aed9a34eaa669bcee94f934f842529022b14d79ff7da86f15f07abca2090259,422806571,978,b07f5178c1128e7e77692bfd46f612c25948337e0271450e40b0adceb2c04746
5afcca079edf2297f34f6000755ac213d0ea709b19bc88ab2a02f8d2a239d269,426013837,986,5e4e1510d5e12d79bcea32963cd0acbf178a508af964dc6da570b22f7e05c2e7
5b093de5c4bebbbda5ee165b90fd220aea8659051931799f5bcd0329ce907994,426582065,987,9669d74905a6b73d2c7b0045cdbac82e7cde12e16e4e3202069fb7101093ed1b
5b123d304f78354bbeb572e70225c790f12cb1d1416f0bedb556efcf360ceb5b,425986120,986,899e8c84b4e1a0fbe689c69484c7e383d5f9fce4175806fa5456cfbf66d82340
5b170f4b38649bebbb26b87f521fde5c5ccfe2f3d81607cb6a404ea027020548,425984601,986,2e6b59557ddcc962831fa3ca949ea6fc56e5adeebf393823b87b04e0a49a410d
5b1b861f885f2f18371f28cf3907f3cf83f801a83c876d9022d4b91c0d0db575,421824910,976,dfe69df6a5f10b3f25c428428c571f2fb32e61d7d886132e251b573aa467fc45
5b329b5b37ecd8d29ca92a149b0ecdac95940d7541e6ded5c0545e5d4427173a,424055028,981,dd9d3c4e60269b44caaeec8ce2dd56d08f621b9eca9e1c53d9b57d23d7b48945
5b35fc49ad4ec898c6356a748cd079e32911eae293d27b36f04ecb20e3b12ffe,426134063,986,403d15a976a5ceccff024b581fda8d91587979c0815abf7eea8e4a1634244d37
5b40602818da3ee18197a63db762d8778eb6e31344d34f2eca9a80c9dcd98032,425929954,985,27426e13785af0f85b8971fba3a07ac8faa2966301b8aa31bd787a700843425a
5b48dcda6387642c415d4ff6155939c14e1a814d3566ff9d33e47c25ed3fe8e7,425324479,984,23061ebf3f8fa83fd8e813437ea1ce6ef1a57015132f75f2ef138cfe399696ef
5b52851bdbbb8c0cafa13a4c32d0e1bd36914b0d1a02cd76c08bc22012e3983c,423684332,980,ea15f75a905d283de35645aa663c59f094fa8ce3833a5fea03082974c6c67c15
5b57b356b6ef267d3bf18cbd2f4ec9fb955691a773a3542f2764ee56023ac051,425142621,984,6214a6098678d55181be9c03be7e92b19c58f328ca67af91713a2b4579da9db1
5b728a1157cd989815e1b6aa48dbb76eebd94688f4cbaf799b608f219fe2bd91,426660885,987,b96e60a03e6ba6aff22706129bde9da8eb3b3dac48a36dc3036a0e51fdf7f2f9
5b7c91860b574918d68acd81c230e1dd788ff024c8744acebc61a930e4d877da,424348447,982,cb72de9f5738b96316caeb30a422d627892ef0de337f823321e394588ad13a96
5b7e5fd088c9fefc6813231eb0a821f9307f424bc2591d9783955a362710ff87,423730160,980,d29e099e6bc931e78e15a38ac5c7f620b6c49295dd4c73d8ea42c1961e6d5569
5bb8e31f84c7a79c62ea6e27e9f0e53760f3e2df289f79a55df1a4a648d55dc6,426151707,986,e11a6fd186c7f257f14b60bb9cfd78b61512b82c1de2f5c5147f4adbcc275303
5bd666a86ef082e22e342043717034b515b5c165f54ac4e47ea96b5f00f1f74c,426183505,986,e598529b5ada05e38f826d4d7c56d5b7d4e03a8951eeae299433528f3b54b9c5
5bed61bc3aadb1b6af3a9896411b5a850d7639b59c7d19e4e0dcdf897e0e0462,425723163,985,7c2516aceb56824c8f3f08da7265d89fbbe4b97ddd7e8e5b8357932741a2b247
5bf6ddcf934c911d88f75d6ccc6e79b189b958866cab1e10d95a971f24e3bb08,423884799,981,29fb0bdaf2a0614a66534e398c8d48d56a5f2c127a68e396fc51a8571983c095
5c118e55cd5362492eb74036cbca0bd06028967c2038a4068d09b4e2a182c106,423974695,981,55aebb1a79b6fff1d029ba3f57bf2d7a8fa25669e164893dcf402c4c4de1b4e0
5c1c4090d608ecb9059bdeb71e3f579be38639d6acfffbfa84c19a8fb913b2b0,426485481,987,49fb02be0f341a103d4e3608b7123658ceea5732c3191c5c26aa3a5b074118d8
5c2b9c11beaa92fbebe1da2372075224b4468d245ab9257d54bba8bd6dd15608,423654131,980,fc4092b6cda78fc4d3ca68f0187ec81cdd9c6bc8233ee5ffbac3279f031fa8ad
5c3acbd88f33c097d5350e8663b0dc1a89c50608204e0bd65b92e66613138eda,425953074,986,07d3e4c610b36f2a98200d47187c52d8dd40e8313310ec71efc8314c795278dc
5c3c3b855b0c0e5f5ef239b8929a63f35d92d16b34bd0d019e67658ad88b086c,420929659,974,508418ec2b56437ec2d4af6f9136c1e48c1fe7df711f6cc0c433d9d6b58a455f
5c8c91a59acea92962a855e1ddc3b9335593baa23cd5e9975a486cff7e91eb81,426142825,986,0cf8b589e3035abd2ba1518e8d63a9036be3e16d90ed6a631fc2d270b92b59ab
5c8e63d2309fbf30d473d5114989878637990d0b01f6a4c7272e2fb3da0613bb,426683819,987,b1056d30c5a0874f29bc4e639a1a518bbd528ab54e7a8c80f0a995ed5c667394
5ca4bbb11c935fe17351a8ef534b3de9d3651bd6337b35110f3573811666c584,426579551,987,ce33011d5482feaf7eceb829e1b580871b31b79d6b5a57beecaceeb1708b7eec
5cc534ebbe0f35306efe43bf590df2385767fbdc20c8bff4e8edd97de859e9bc,426093136,986,90b12035ed27b42942c1dcf928601c24b2fd571a6e25eaf51e834249d30d4436
5cce78370e00e0224cc9bbccebd3b205517416f7b78ab9d5caefe30004356c3d,424998592,983,8d56a02198bad848447e69d35fd9b639ec4a5f8a2241968a04430686e32843ca
5cdaf503c76dd29cdf3fe4e8f4662231edd9f154a415ba033feda96515309689,426338723,986,9463933007a5802f0cd7d7f166bd010dde14c009f4fd0542757e47b1f99faf49
5cdf4f696e18a0330fada70646e0e2c7219f75ab5c7134083129a35e0d6335fe,424798032,983,6833c5ba60a0819b7931f30168586ddc42fe384055e243ad7305e56e000ccb02
5ce20b7cae3eb727bfe8ea2ffd097d9bdd584654c627e78bc652e637e620285c,420933068,974,0d44c9ed875f50af19d2dd6230c76949a241185b4173d111c69312669ce440aa
5cf4674b462040d95faf11e64850cf186086f3b21b284596c8f1bbb829025c8b,426346482,986,5cf929bc05f13a60e2a483d274777e7a6a2f91a87529686e00eb0bc29d3bfeb3
5cf5b9db47e11f6c6dcbae7c3e0a524f312b8a2c7803e36183733e340d0d1754,424246085,982,7e2765f875bcc04d5b1ad79e501dbccc4fd55be39efc32e6b372e783058f5fbf
5cfdbf88419677ab780c8ac7956c10ac77a48533afd8e9c4bb88a3b04693a863,424212148,981,80bad2675e4d0036319f1767aa45111362bfeb6869cf84f90e7416558139a6c6
5cff376b0967e26ed86214f89bb547c117e1ef986bd57e9fa439f18876ca42a2,422889028,978,1f4acec9c6cceb49f9f7415375706887519ca30cd2f52a6785564edac6e02692
5d06a67d6f9e7a6eca77c14f2d01cfb56a5f1f217c16c9862ec3ce2a176f96e5,426758962,987,79953568d25ee3c866b48591f13a6fbf6de99e956047e2341158cac39f1f50c0
5d10b7ac2f1bb8a632be9ba9dcb9632488af9bcbe0fb3985cb236bed79cd062a,425961387,986,5b41e07208c17c5bd9c75c3a1e9df1b2814fe6abc7760a1ad4759c986ea553b6
5d120683ba7d12760642cd46ea5a7d212a0c5a85dfcf70b61c6fedebb29b547d,420933192,974,d287add2163fcfda619b0189aa849892ee7ef23597315a29f7a4bda18fa0924a
5d21e5f33c7bb29d77f964a35828c9f6fa94d14ece3c9051fc25d28f13aa41c4,424230895,982,11ec3f1fbe62444979642a8bfc01132bd06086913dd24a8c0a65c44c95d20cd1
5d2db73839b8cacdccbd734135942216e5c7741aba5c4279693bf6a5767502c5,426382978,986,9ed490fa8da5d64976eb06d48da5bd0c6064fd5ee5e423b56f7db5c52249993d
5d2ee892838c36dfad64cf8299cf50534215de7bb7271f3def8385b5ca6eb126,423952350,981,950b3524265c9bb2c45462425a24b0cc6f231f94e164c796b1ec2241bed89b67
5d338c609fa98e0ac14a7c3e10da9938e0f2cde8549f36474daa2386c0a650be,423613613,980,55d89ff777e0108b7b427983dbcc21006b3e3bf194262ee3e2c5233e6a6fa499
5d46f44e35a897928e49de8417245646b8b01e4a796d5965b6ababae27f60f96,426162544,986,835ec8e758f428b12db3870538af8f66c91ee3ff836b5f42278bea54769e5f28
5d5e5543a8e11fb49d611df2bea662ced1b41ee8e6420c4bbf1ab9131c21227d,423954896,981,225917ce4d86416c68e29b4dd1af237a05aa7913dd0473abf56c75efb679e561
5d635c6f2260ab98c4be2cf37224ecbb428d064184782870b2123e8273b174eb,425473698,984,93df5ee1f9ed74682399339ac149113fed3aa9995d37d7524a0be704e31a7843
5d6b71fc310a9274b780e36d2eeb887b13704634f95e942cbc10038d402d6554,427887563,990,1acd972aadc94246a9d6e2e5e5e700fa7517a58fb15cb4c0ed0bec9e0474eed9
5d721553c0001198c11b1a322e09ed1b6e15629ecbdd91f235b86db623800570,427506501,989,1332d357c47f041e4f5b139a4d41b78977a54ef55efcf339b005267ad6e19d5d
5d7a62f8039537c6efa0f84343aaa2a2de102b502b4f3be46b5b353508c6197f,423858443,981,17c94264553e671cf6075f9f10e2797bafe965f59897ed52833fa359130b3541
5d7e6269f8bd9f9c6717867a58993e52286cc8e06d56f4a735979ef1a274f3af,422567521,978,fec1d86c544e40b284ea07d4c71ea950a2ae2f9f3b7ccbdc67f9a859cf028052
5de61f3cb34bf3bea3cc952b650fc937477c4a430f9a3800c1de0391c78c54bd,425946096,985,fb2191e5553466251836a56dd3aec9cda8b48dfaea8f98752ee546c37e463968
5de6915024801af3a579e8d3396698644b2bee7df86593fbab95bcf70061b2da,423802062,981,d2c885d5f606b4a898dab3f0b1df3d1027a1ec577b5c80090a81125e2c5c696f
5df8d5ed3379344fbc0d1a028f9533943a8f715d3d00747d8d72bf0fcd272278,427797032,990,1ae40ea1c03b37d2b71ee17c6aef1490f004059df9b4a66c87f43e0e299a7ed8
5e056294c215d199a56b723cebf7b5d34f896440b9d8ac0b8128864892cffdb8,425784301,985,7888be89d633e89c5bcdda83cd271820ecaf042b09a146a87fe782a65b6cfb25
5e0d474c5d6d004ace5589066c9b0f8c2f5f753b29f7a6268e0d8e3ec7be551b,426611026,987,e78fa34dc53b9acc7b894d0f7a0ec68f842165c129685f6397e5e7caabdcbb2f
5e0fb9094138249be073df5c0b5eacbfbf33fcad554094522cc2b0454f80c669,420931607,974,ccadb37ea66ee69ef7982b32229cdd90731fd615b8431a1e8117f67ae800ded7
5e19be0cc320f5250effafe8b4c7f9fbe50471cf7bda2ff40edd93c632673ebb,424181840,981,9d73e89f26cdb2ecb4129f41bb137b671d20343489b07d153f47fccc9cbc1ca1
5e423daa893cc5e3c28ee0433c5bf84b8441fed65693408367fa1ca48288f450,420931364,974,c9f16f5c9f192c3e671f079bb19e3f2a589cce14e16c89c06d782af55ee368ea
5e6ec28b0000d6b714ac0e55e3bc4755b8b886a53a5e14e5f02249cfd5236cb6,423958032,981,53543d7b0d0fd259416d3eb4a1b78705f6266987a44b33b01124d0f56a4cb1ce
5e7318de1f7af48afbe3de63b6fb1fbdd3a3c57b71cca40cd177b31bd44fd9df,423974814,981,8678a250f5de88ec7e2089ba423cc9cdc7ecf7741b30153845f42246db4975e5
5e7607565478b0bf18fece7b47f89b6d8f30556b825e800cc931b9fe51ed4262,426816600,988,a8af739bf4bba6dc38e36b0c37e93965b5228a896f0382e8f2f0048faa94c879
5e7c5565c61930ce095d402d6230a5af7b9e4ed190d35a742488e1a49f6a3eb1,426241806,986,2085c0df3ca251d96a5705dd176f79826ae38ee25a2b37cb0e2407aec7f18d85
5e80d78dcd954e8aba57cb6862c59474a11cb99f84981aa6d728696515e1883b,425728516,985,a32bbc85260c3f828f86ec1471af41bd6c03538255fbaace0c0cdcdfb367bf68
5e8871867f01633c93a259ee760dba0a7e82635981f6323c2c1fd4166608d0df,427481468,989,7861a5d44513d290ab119d73b36e15a4f5b0eb44d49de3078682031199cc49f7
5ea0b52e1cc1c9bd758bdf0fdb4663202bc40ebb36e722351700ce8e78531f50,421895532,976,6989e7daad063d8edfe3081bdcf36eba249f2a5c881510e7921f8d0cf6eaecd3
5eada8416800273d67429bc217ed3caa19d258e7a47ef358e6a30e528f8eb5e1,423402949,980,c3b7ae9fed7467b3019a0403e17a9c15d99062751c69119ce450e48167ecb88d
5eb1ff31764586e4c4f3d7a759a7c6924a049a506138596e05b12482e67d696f,424332085,982,10e64b6ab902b89ee1a538fd57ed16da7d74e48c071b5d081f3bce875a2a4bb6
5ed21977c0a30631cdb16b93fe9339b3f460af401cb23251749b827ac1f59671,426776168,987,b7a0b17cefa72b25cf2917007ccb302df46140f22cb4dc05c71e5905de03188a
5ed866a5f5be36139f80209d271ba6b9a9ff6fcde0aa75e89ed6909250c4ff78,422783001,978,3786fa9470df617b8c31cfa231c899fa637dae2295fef5668613d3559d82cdb3
5ee86bf4c34e50dd86956ba390bf89c90a18d780cf272a30e58195b649e475b1,425193564,984,3fecaffd094cae893718552f3bc9ec588cc8d5c59d21df59ea9871d5a16b5747
5ee8df7adcd4aadbe56f187e2ba2f7c60c586e072782c3e0626cc10bb06cc99c,427678632,989,8661cdc49eeac283184397a81307f7f2227c62fbe081d028ef5085eed0cbcc29
5eee2a054274e089ad80ec56cc68c13ff399b43ec565e1ddbbee6bd11e6035a2,423397332,980,a756441fca1855d83cf6cd045fe869e182ac8914f548873834167df55aa1e3de
5eef02629cd1a11f6655de6ff9457d00d134f84b9ced5fe52f9020672b757a72,423879065,981,aa3bc1adcad721c50fa3a50e0f22f3f8026a01984ab7b1e4a540e6fe2d1e97d4
5efe93e8e16fb4fce00af0ce17cbbc60e622bb4f61bb2532418d7a32bef3d4b7,425047163,983,b29c206c5a8c0a1522e9c38a587338283f689440ced3e74f3ff8e88694a134c4
5f0936b90f2efafeaa5290de7983d1cb10305334cc6fb4d5ffc1e7a49e54307e,426036486,986,50084d8e88965b2238b01197dde6bdf648a864e734b021baa9fd71f6017d41be
5f0af4105814730f97892e029e3474118ee7abdafe63a9bf1b48e33a12f179be,425975469,986,0efb1a71ce21a11eb78c1ff06d742d11479d70448aba793b98619cf6319a5743
5f0c6eecb2faebfa4b10a5f8245ee63c650865851873a1b53dd92f24cb89c616,424796639,983,557d349c20bb3080622158f47362aed0dc03a41c450ef9c4ea78e812f532b799
5f15be4055aeafff7607add4fb459d6a200dfa36dab56704faa9dee4036538ba,422016114,976,83d15b292b0296af720d8d92c8f6624bd246d797481da88cd3c66d351c21b6e5
5f1e7c49acf84c45b25f3773e90406737e3c38a2a281898ff3ea47be94911cfb,426479726,987,ec8e91f59e63c630bbcf3bb6a9ce5ca8baabaeeccd1c5de71cc0ddabe37cef58
5f250f3fff62c58460d65e307c64868d534b1193fdb6877958d9085706f9d8aa,426679345,987,b8580b0482474ecdfd77d57a67a9b63f3c53b1c8e8fb6abf64c0c92a4f8bb2dc
5f53e5a713891d2683ec8bacd9852878b90a8a89b5c47e48c7341b6472a4c6be,424863342,983,9b5edf89a447e5b933c426861dfb828fe57497018f273097f0d089d20b9cbb25
5f5aded606e05603a302a81db81ffa1f922bc7ef6ce89eb0fd672b72242475a1,421237338,975,8511c4f565713bdd66fa87288eb004b70d3857dada4581f48686efe4a7cff5ac
5f5f56c0f35b38fb0fc2ef8cb73dda24e2136e32bb14b8a96ad8b9513d716c52,422816106,978,8b9604f64da009cf38f64fb5a6fd7c990ed449d62a0b195d409104f90131e5d0
5f682821d57de9de4820ce4bf53325dbc7859193ce42638e7b2053f73e414f69,426775507,987,731e94da9cbc00dcfbc47830dae08e123c3375784067d95ad507bb5336016ee1
5f77b990ba5c4bd1331117fc4698a9012b1a673e1e234375040c903df18ad119,424317159,982,a1adf2cda2ccf43d6ee257ad328c9608608d8019197c7a04680abe105829e2db
5f7ff0dfce887a37256ec5f5d5d6b9463441f76f792b23662bc7c8b393e3fde2,427072004,988,6b6d16667feb3bbe0ea53437f8466e46a4b5ec34229457a8bcb71696ab0e6b0f
5f86be36bdf7fc5ea571a3ab3fac5c1ee77a5e326efa3b7c0a42d34f2ac60583,420824852,974,469808acc72ea513beecbf544e2cc1110335f076654615fa391223cf2adc3695
5f90264fcd407965cd6389dce6786e648ad8c01ab60d8d9e29ed735e99f09846,427221614,988,e60356dd0824c2dd49426a295f7ec1772678d5859a1562359a5a1bde355bc971
5f9893652452b3c88e84ae7e829955981b437ac5f900999c26b0fc01f4f96d9a,428056339,990,91232fc4e985d9a5a159bc6bda7e321ed4d559585b3c474c0e77e531007221ac
5f9942be878cb39b458ea4ae7b48402b4ad97424034c73c21bc708ed4894caa3,425404784,984,1408e3f0019cead669992e03bd1b2a79ff1d0e1b8a7dc056620229ab35114a74
5fa6cf7541f386de2c467e3fcffc1563b9f67fbbf1f8007e01176f20f4a7017a,422049356,976,18c7f9db7a8e5bc10c32552bf47f67c1c77ac195606ba396abecdbdd0d510adc
5faee38d09fa82a8fffd24343fcc8ac9ac68ac7bbe444026a2918a1421a8f425,420928592,974,cb226f6802ec9468d6d75b0db18bc5e5a9bdf1fb1f8ba552e6c384aa839a2f80
5fc63282f99700e42e35031c4eec2c1c83de7c22d4796a0810ccd47a65679433,426404179,987,54988164ff710cd249850d51c0ca9b91c0b6c1759a91fb154ba1a57880d2b8a1
5fcb7cc2742ae68afa16175147f64a7e9c2a9649d2f89ae460ae5c867970a5d4,427066855,988,204ae907aa7237bd24ada8369172330dc468f8b14b0ef4aa9bd20b4f86fbb54d
5fdc9c32060cf5ee90769177b27af47f5516533383609f4caa72cd1846c517e5,426034293,986,e2a9df652866fe754fbfe7ec06d13ba8666b80e37f4097a16f92b7ab14efa37d
5fde176da5b99127f23695ad047300d0a8fcc6bd38a87f1f50f891515170cfc8,424378517,982,5d5d2c5c5b193ea52ad37937c582225a332c878350e1092730fc0e40341600d2
5fe64062c802c7fbff9125a237a5c6ee84f90a78a048964f5c012d528edc1cb8,423834776,981,fe32daa6c321a4afb6d05116586a43d6e7c8014b9384efdd7e201dcdc054f5a2
6038109336f85e452ed67a916595c07554d59c2157eb5ef0b7ceb654c0c15eb5,422057488,976,d0321c4cd25503f11fd616dc44717754e9fb164129b770a769ec05f4e818730b
603c6627e8444c917fdc3d89295f223986bc6c2caea51878000312632af8f92a,424224094,982,78d92ab32ab7103d8fbc12f16d0b481f8e4192ad54d04ac16c41ef30b672d31f
603ddf5578b3f41d50e40229f8067880c63d8069d30e23316f1917659bdc68f0,423746224,980,62a4b95a6467617adebd29e75c3c75c565bc3b467df12b2f88cdcf65eaf6b0d2
603f3ba409987f9374963a5d5b5eefab9a6f09af84ee160ce30a3b0a44ba2da8,423868749,981,e71909aff6c241d218b5bf61cb4238cc63f36810a7e4cb6818c79bc3584beaa4
604ae60a2e6d15073dbcb5cdefdf0a1af4c15941b0c2f7345b93dcee8d52f7f3,424190977,981,2a070424375617bf246da5bfb8f7318cac677c742b5336fb1bbe7f3ea14f891c
604f006bd6b5fab53e556b20bcd45059b6d3cf1a01701314c9324ed2e32363a7,426387617,987,af59e772bc05970d37d961c9d273d37261b65c8133af011ae593d8cd4e7107a4
606003d2fdb7e53c04ce4383cf3d94c4bf704411ff161ec44e770ebb05c3c4d2,427576913,989,a4385600345d4edde5c9d3faa57eaf521557ab6e2bf6e82b36490c2f52563236
6060b91e835a4863d27cf38a3e6549998a8cdc174d79557dee862ff732e78a81,422777871,978,2512c6d8e4b9cefb1ae1a96ec38dab340f260715a81b662e288061f46de88fa8
6084de0c24bc7a34a4803419bfd300ea22007b91e6c81fe5d789049477ab6c2d,427089859,988,702ceb55578b366905477d0744378dabaf4360ffd957cd2cca7d83b578a95268
609fb6b1a7f76c1423b3baa1504eb4da8f2f1e445bab7a4ed7528caef0283c03,426052736,986,ca62abe6e557b671294f4f0556a9c47afb35b662c77093aef018e42cf8a83d09
60a3dc683d9cb3a89ef8690794cbbe7efa01fea0df58f8878f765866e4a9ace3,427968053,990,be847fdd29b5889d56980b078b75b4434de8c6f71439ae0ccae790f1f7117bba
60a6b19118200d676a8a105f7cb3f0742788227c8b881c9348b692c659d5c81a,426566245,987,c6f1914363299b08d3899032e354c2e8c6d39128a5f5ab4c64853a8db04bea35
60a801f03e041834e6baa34b1e028dadae98e0528b2f637e9246742a743dbd3e,425284368,984,e737c0d01b5163f469beb887e0af5d262d1e10c15b27fa6e090615c68de1b033
60b18d5d4cb81518dd6ec37911f4fa31d24cade469e6edd6e30f7b7e10f0d02f,420929562,974,18b7f8d0ffd4548399af97185cfa26257004b203b0f174394910b3b1358f95e5
60eb9c033c38ad9c573b56c62d17b008ded6e9821c867b48d1dd725bf32ab4df,420902307,974,7fd89a64c44cf8eb13353710988d7cf67c9e6baa549f4ba21bd5f746a77ed614
6103344c0a0f5034a886d1112448a354437d2f41dc5d3f3a25dd573a152584bd,424042992,981,4a6b229c19259ca327eb69fc97170ad222054be43dda6caede6cd63ac0f52678
610c4db50413a6cc350e308bfd1b4a2790586b9f114f4436eec9d0efa647e94e,426043852,986,6ab58c0ab768d5b97de74424e8f37721dcdd64dbe3eb21871a3f108ee86a8599
61316857736ce872e61261d34364893fca28e26ac3e87a9e8998de5c508b876b,421828830,976,d3241900e9b20a8d3514aac5590ef40104bb796835dc2ddaa4c724a6e5207545
614d9c358dc1290dcc3fd625d7d0ecc4833d9a852dbc14c7c6945c22a00ac0ed,422824337,978,87e5110286d1110471148095c929e618e9c75e1c18e360cb02d3c1abc7906782
6156dafff011e0ecb80222161eabd905c5b39841ab7b27c8c886a1b29055f5af,426912132,988,bc8e05c781cd5accb0f497f60c4f4dd379833f2aa4065e88d301d9a4336a1bf9
615cad935aa8ac01a74d9753f00789c70851e88060cc782cabb5b853cb7e0c78,425286339,984,360e3794d61b5adb4e44e92833b62c9105d5351a1a1e98a17f837a36335efda1
6167eebab9631ca2427c239d16d44278fa1035d0cea51e794d29d2dbe4150316,426753561,987,b0307ca99fceac7cd8993374abcdc2c2929a5e0177bc68dc2141d2de710a4027
616f6753cbe6d630c9c8e95ecd0877aa7cf76bab6bc8694467fb53a60bae2001,422540020,978,c4ec0b1aa9d2745b5da6d90c5a4c9a503652075187aa1e132a34e4e552609a7a
6177ed96588fe451e8601e8079875c2937cb76b1fcff192e561b826825909b67,425906081,985,81fa915754127d680ac838a55ecc48ca5594de5f919c0308e218abaadcb344ea
617aaa2419d1cffda63b7a3b4d8edc4a267f9efc95cc0270d99d2c927ed56f99,423673205,980,a0ebc7cf3bf7797f3e0d0d31f6f6429365f1205887600c748b48d9c727c8ec02
617cfb09ce22389066407af3dbc6f5258534deac15e999c3259867279d19a3d0,425700886,985,7d5b64ea87b7e220210d09db43109a9c1274f00ba4f5f47d6e74dde5a6f8d0d4
617d127bd69ba3d4d408442885c0f08e3b538372fd83ae8b7a26589cff00b65d,422032048,976,646d616a7122c242bc0a3df127ad20aef25098a1144c74971c7206a68b7c07d9
6187b6e7bbc9d5319b2a6f1f2e3ca3c3fb3156eff487c790497f0af018c1254d,426673023,987,2c3cdb8270e056c6ba1a2f113746dea3d2c8fa0a0d4b926ed93bf0491e4d25c1
61a7b28d578a4c539ac38d2915c81c0147da7f08d61a0ddbd158607ba123e1f6,425936279,985,9964e9a22a4510ed979f9f318efce269b210050d8c21b09ffe94a05b9ec8a5a7
61b3f1ee7a685c4eaf5e246074fc002f1c7f48bd963dc7e89f2e6dbd0d6c88d9,426655487,987,beb0c5ce14941701eb11cf5d7957dcd261feb0cdfed148cdc1bf04e963bd31b2
61c1d4e76ae72bc68d325d0334f1e781a76193b1c5056632e85271137a0e3f1c,425895036,985,8b9ff79a820ba785c2162c3ae809a6227837fcf95040543d35f0bd4c8c46885f
61c9585962ed6e76a912f9528463e67ff01025583842e0d792dcc65a8b3f6017,423966900,981,5e41e82451963379e2f177cdf4982dc9c7a15b93b09ba35d5263669dc4730c3c
61d342bf428adebaa7597addaafaf2731c51f6c901097f33e6ad8ad95775123d,427586275,989,b4867ff2851addbca5d6e8100c09d89edf00c9bcc376e8932717b093239ff3dd
61d6320acb931386cf89423c3a817aa50c4a32e28b0f8a9c235a28bdfbf89055,426494390,987,d37dd565f67c6a8eb74c6e332f2554935988ea07b1f9a5eb06084a82a81a4379
62073e4a4b7e20e2ee7ecdcef6d3ab5c2a5db6d05d054a181b91ae793a13fa85,426775849,987,60d72afcf52a3067c9107ed74ebe778e23303ef230e9a8ea499f2114e05c8c88
620adf027e23961d2e17d3371eb5ef3ed2bf92019e3ccf4227f65a73e0d7f703,426466875,987,8d9ad4bee9ca164d2164851bc6b4fcadf1758d9f70f6f191800b1bb0627a0011
621fc386302bd8fad96baba82983a00b911128e722f406487ec6f827ff1200a7,422941519,979,d1bf23d42cbbad98221286c66e4a697620ed82507b72124ba5525b8731d20d8a
625263ef9d905119af1d57e5e2d420ee3f308f2e6b27ceed1a62a7c2f046c0f8,423670893,980,3ead63396138851af91516259c7465f7ee0258684b4d62e2eb50b81377a1e21b
628c74ca15f10cb569862f8e2ed17c261df6b3adb13a17afd33cbd2b41947d11,425027086,983,0ee61830a6077bc7e902ae55720409f5a40d488e37f19fca2ae0fb2e8e82f767
6294cb71e0fcaaa4fabcdb75ecee26248202f96cf8edf74820f9fdfea1ccb4c1,421545106,975,528f9145e634b9b6b5c3584482a8737a0f70578feeffa92ec869c62d1854d9a3
62b556560adbf8e98aef7d212fd82b91c08fccdd80e18eea2d6e440e532c1cd6,424897374,983,43183285d34c1a98b08f0f866f7173eb81d6afe5fabb8951e5c5b21eee6c635d
62c9616a1715ecda3f6c73c5c4453ba95c60e78a65c4e5f382d235db34d331d1,420928298,974,aa795c897ffb41760c0e8baea3955b0d828760759040649218327caf92229fd4
62e305a036e077836d6a1a56a9bbbcbd02044463b1cab7aef728de1535a54f87,423754213,980,1b25db643444cd2c0a026c1b33e95f8e2577197a831377e4c5b6af368879ee51
62e5cae6d88536e19790bdef8b5cf28fd6369b6b0f3b7ad1e7b7a99be4ed173f,425598814,985,7f4eeaec2011d0fa504b7f464710c8822c6a1c11c10b06370267be37d5f6b170
6306098474cb393e1ae1a928897406058a8ea3d63ba8a4914e54e348d207fa8f,424179737,981,9ec1d205aea3a2a2244cb1020aac253441d51a006f623fda5b5f49cc65076ab5
6308b61b5144e49c86cc34fc0193ae9d289130633482621bb0ebff9586d1872c,425316471,984,66a5396737812bb21f00bcbb71520782ef078ae959d388146c0acce876ce17b5
6324304db33f6b380bb0a29145cc5786091918bdbb4f382bd8ea065099e8d3f6,425068294,983,4e2a45608a49192f87b85619873132516d110a4aa728c28c6ababb5a590cdea6
6349d2af7b2d0e761860729b67f2376761074392fa05a30d93705b616b62ba99,426794348,987,2046118be6d71d346a066e8f2b131b3e794173fdbfabd220c671a00fe0bc4521
6351f9db546b794d258f1703289f3837b86783bb8b97f1ea6499ced40c0d21e0,420784404,974,261fa8ab977c5acc58c45d62a978ed1976efb7c029ad4cbb8ab8128638b8ff38
638259ff2a15e2655d533ddd0d480c9de04b491f6de21d3268507b0f0c2ef6c5,427622025,989,a80956b4ac2b5effa77cee8b043b194b219c42a50f7edf066b547eafabe5b79f
63863975fb64e101f16135bb7c1d9f28aec34043307ba8a5dfe26d58fa249fac,421432927,975,d9d5e7d7e09acdd6c2c1c7857c089560acb2ea811735ded012e2cddd948f5949
638801db0a92321cf481a9cbca15f1870ad62a4710e89a0c7a7b48bb4fac1088,426676994,987,52d2637463fd78c688374b2f0512fa0a391fee11de2218b372841954747c12f8
63a81e40470ef2dfcc2bf2976564cdda714699b9bba8d38956b9a4d4c91eea19,427861358,990,7803963e96281b6dace45323713e64666c46d02121f4b2b2e09b62394bbb5e5c
63ab3a64fdf62c37ea867d70b1e0ce03c9d57900d7447e2b63302dc303290b71,425881649,985,bb94e05f90c412a9dc7212430557babb6764b76ab8e2ad9b3d421c3de3f4d0c6
63c8fcee17cf5c2dcd35f762404d87740f3bc983e82d8090b95708a35cbacd37,422740599,978,8cd689ca60915df789637bb4210a1f9f3571c2f2d6d0331dd095ab6aadd96d52
63ce418a126b7836d469ef32682ac3fe4a623f4d023cab48029ac71e8bbf3d65,423969561,981,1ba67235a4b5f27fc29d26f790f45f1fb0967cea94aaa6ea047b77ce8d2675a5
63d1fa0916e700c5249179954dbf23e89fc943a8a56cc67892dfa2575d8effc8,425811944,985,2431118d56c39a7f0d71d158773bc934b4b74ab9209f8c8a9cb6ca3b21ac6c24
63e717301a20a4b50186bf34d9b4e2a229aa94836d3eb45ff5b01991ad9fa72e,421171167,974,5a7a6508eeb8931e3a0d233d266d25e495dd0ea6f4f67e9707d2fe2a587a267b
63f25fcd22892bb9249127c085d4e790ddd17c29c64d0e34d43525350bbfd46c,424456248,982,4eb20dc85cca26282186550ac23cc6c82fbb39281655a889a56c000a8f7da50f
63f3dffd99dd170745a69a3190e3186d742b3e0d5f4252f490151356ae769dff,425033267,983,eb02808b644f35d74bb6a6b0662d27155aea0f403f53ce397656680173d7f88c
6406a139e3ed4f913a74c4c83caa7b229286d8454b7049c801da8937019524db,423912402,981,5be353c53bcbc3575f295fa399dff66f086284e0f343ed579c9911f20c8a3c1a
640bdd3cd250adcd01f0798576509af100319e2b9dc39cb5a44c80202d18012d,421673552,976,425ee21a292882a1a3fcdd1e31ad34cdc034d008d54fc1572c56a9801a7e776a
6410690c3c86d457b0218a5e43d97a27dbbcf8532d47e20ed0c28418402f1016,421576736,975,f9a1600c10f8f3be9853da4c391e537648ec50dc695a164d1564385307fc5821
64116bf7ad54a544d6d11348f05b384687d0df2983f97c44eb759a6109b05dd8,425963380,986,b90ff605c4191e775c3046532812039765243fe64b08ff7241a9828299f5b33b
64457756a7cfdab5aa035cbd9d98b9111ac4d6b2ac0a957022d5e04e49c393f5,422585913,978,186301358b249f663c52497fbb9be39e1c509fc9399d6058b58ca55d47bfd1ce
6445a88021ea3963e68d08ea696e74d1c1d79c9ba76463bfb47a08a7ec4c6e7a,426764002,987,b108f0d3285f2f495d7a30199184f3a2bc00e9dd17e24960d1b98a7a49baa0be
6454e777e9549646aaf211b6f58c0c9b1314e3d9575c9a64a4be55a84c3f6516,421747211,976,5cdbab10c7720dc7132315161dde92820a795ba4ff7ca12ff6a97b827df8c565
64576eb89551b3d056ee165811fa12092490e2ebb808422d5773024926a83880,420930948,974,128a85c9c1b1d6ad5953803e775fc256a471689b6c2809516edb5c975b2acf7a
64627fb62e117289b43d6897fe2d902b2aa23c1a2a4bdb2cb421bab0fd7e1cff,426483146,987,d047040aed7a22c9335ae31fb0d9c599117ab4a752a78256daee2e2bd09e7843
64819a3300967d484958eaf2ac9520683a9482e1fd53be490a497a066bcc7b49,423456909,980,48a10f83b5e4dcc7499f4adc21c592ba84e04ec4ce363cb9666425575cacddfe
6487554c6ece72c7b2c01df5b8d93c5402be7ed84391bc338825e498a8f3676a,426661026,987,b1e67d458dc869a231e079a29c1bc2ae876e964a35001172b0eeeb3ef33cd449
649ff182c95cf282f4dd11499a1b19662a58acabcc0806b0b4e6a14950700b69,423303538,979,95e1a373d2c6bd0ca02fae97d6a4cf80ab5b588551fa69d69a0ca6e371e3f161
64b7fabac81235357c74e87c06b2464bbf6907410f9d9ff1c2919ec85e071d06,424399258,982,0258d5b38ea7453a0f286b14961cbbbd3bfe389f71ee9b17ddfe24e746432239
64bb704488ca5f563cedc6746638a9fb349b5cfb3c4fe42e00f327a89dcaef6e,422410155,977,1f7004db068ed5d1867a6368a0f648c191d839ffc11ac17a4f42871db0f84b45
64c634792a9bfb0562fe04aa2c153f7f3ed2a26b51e2aac3da5ec31e1982a9d4,421150344,974,9881164650c0fd93660f17c25f6021ee8b690743197f8252a55e316aade32e07
64d2b51d2595ab1b4a6314bd4129ad81ba737817143ab5f92bb1c91d16d6a19b,423804034,981,0b046be8a1467c0614eec3f819632e581f757e27ed4dbb70bf612d648898532b
64fe2eaaf107c42ce5e48ed8f03d81461e4d645f23cc79bf5185221016280e70,420930062,974,112184466c660d8ca23156471427f39fa000368d0289531737d6e3957195d0f2
650737a23e1a01f8e4b95368811574005b98944879561d0f2799d51c52da281d,423695159,980,9ae964ee32491f83fd01471e9e094237ee351de737162480fbdec06847a2a6e4
6527902db1b86aba074d2ff23f57fbfaa132769d0d87c61116da23ea7e0b9145,423944416,981,87b4db7e30926ab06540029b64dcf7794836b905dbb6a314102d1151d704662a
653192eaaaa8b604d8262ea52725260f1c5c7ce12d34a075778dd8c9756409a3,422955766,979,06bb7de4791e7362a2c3dc11813e78393e68eb713b01df32f7bb3362bc1b6d0e
653bea1a01c6168a6037b237e85ea1c87fcc0e96e8f252dedaa24bbc164a1500,424314781,982,06923c9d1a1f78f873174fa6a2acb3ff9ee89f9a683fd845dff1df36206f8419
656c46e006e08919427e13ad20030c83b11683cebc1391c4ba7a50c41e8fe319,421137817,974,c527b262970fd4a0706817a7ad3e5bd235d855f7ef9c97e084cc9d2876542b5e
656c88b95c2c2df77c17b0fbde0ec491f4b256f276e6a96bb5b747582708dcf0,426359249,986,55cdcda932bc6127cedd04f0ad9f8528a9fafd63e8346890fb339d9c5f0cccd5
65783b68a911b4f3bf4e74e24c233731cce7b3a6e81147c694db384698222bee,422051239,976,bc482fdfb87c624ccb6d33157fc9b78c5e5ea9af157509c94949671d5ef9b04d
65885e820813024ca4e2e8f726ab26a64f1d53f2f0d4eb758d884e9af108ba21,424597029,982,7f486647173dd7ed4d4a4a45703c00d6e331b3cac80b93313c6fd14eafb4a5e0
658a1ad10add85c9d505d440fb2e36a3a2b2d52a098f23f5c65e3af2765cac34,424322714,982,3c1c0b8025110b0b53db8ab1c9705b2eb50500ab67e0e03d7ba4647d7adbe96e
65b4621743bd99b1d9ec3fa816435e3c6a5c7995081f774c1fb025114b4eb401,424858119,983,ba05ca7366110fb6681cccae2b6669b0ee27b9f29598558f8a6eb337798838a0
65cb9b35a8acd01795f848b4f6b70fb55dd7252f66a84463f3f799b981f1c82f,421711560,976,24da6cbf3ce0c067eff5cb2e7939372d838a20c09be74125aa4dacaff34f00f2
65df553b0c9dc1840815ea20d3c2356dee8a5d1d60f763c268042caf53e631b3,425778359,985,b7a94a248280fa812826ab122b798539c25f16d04a4674b7071e2c51a4fe5c21
65e4fed33ed97c7c0271e0be71637a0857fcff88ebe830def2bae9b6cf252969,424447307,982,727d3f83be6d4cf19b180f9ba859c2da8d0a2d304a0dbb5a269d9c240d5ae301
65ee18576246c85b93528fb412a726ed96e4f8e3cde70abc34e762c31d00cdab,425731589,985,f75fb073ee511412cbc67f4431004fe779ff86b0556ddf55a3032eb1022bee76
6603ab2ad88f074ae2c76450d84e0e67bb9704a9d470ceb36927f267d3b2c7d2,425230502,984,b8fc7c2d3892766cdceb21ff31da7d752aee87e3c0ea9628adf8ca5a46d89ea0
661bd3a8694fd526c71bfb7ff522b89d57ab561d5ac80b8d9d4e79b94c3cb768,424455601,982,c3759da6132c94c9a7ee15cde2e0e5da68b7c078693d19f21aba675750a63204
661c8b1ade3abec4b575c350f6bbd13ebf5cfbc14d08e331e0206e473904869d,425186765,984,300b92d67eec79964da44fdb92eaf4e9f28af8a77e88dc1358e858b7002132ea
661e8147d6e59bcc5a809142474e29ab35c4d47c8d7193d124013e61684953e1,421202110,975,1fb6e6d808b5c1eb6f1905e42ad9db1c11c06220b28a64c9cd0eb345616ec980
661e9441c693b4269644b8560c4317be46734b8b70eea3a690ade01fab0ea6d3,424033659,981,127b12ccd3cb931ba2079dc080c9ed81f88ee5d246b7c419f6b5f94532a77769
662f657bef053388fd44e2509117b447f3c7518fbc3972cdf606a8ced34af858,427066705,988,8e7f21096575f79635644dd91b2af669bd10b8c391056ed53bd72ff6446ebc7b
66462e3366a562c4f62ca2488d8c8c529ee1abc61fa9f6c4be6dfd294d8525ef,422803969,978,7b907ebb8464730a481a864bf29fe1ffb65d27f32aa3794635cdf3c22085e08f
664e09c28fd0c0eacf1453fa73fe4c0dcf8976e83dd7153f5e63a21c5a02332f,423985336,981,785c2e9df8891e871f6e0d6c34f3a170b576c7646201f01d7e366dcaa2d6e7d6
667285724db9a9fa644c86df86da03ba8f0f9a00f4c8396b2f45b6c21c613f62,423415250,980,e61c5e15f6ecb43cb87025cfab7baa16baadc72f18b820295185281674be390a
667b6d689e6fbe732aac77fae4bbb5b2751363e3136f02f07e8ab7a87e1d14b2,423449057,980,d3eadc53b0676a7b10517c1203f3a3c8c533b136f3cfa1fda528a0d2e206010b
66a9b406f257ada1fb7b36a0c39487a672d893de3caf1a39c4ec4ee04be6663d,427941274,990,704a8375ed34a298a8f0c10d4888a08a2781a64f3dace7ebd6c4d739b9641075
66abb0928a05d4254a6961534fbf8dfda34eb9aff8a0f7ca290f87a18c79b55d,427587639,989,b1ed509a8a87c4729cbaf8e580725e8c9c110c5f2539c697109184da05f00f68
66ade145cd975cb1a92c5f003b2da6f6ead4fa4808cd94a29c565293020567ab,423863492,981,3ea3d2689c7559a5c7b88525460d404ff0c7f667734549a48ce8f3342e7ef74d
66b8382d395dfa927d148b3abad43094cf6a1f6b82758703ea66bc317cabab64,426674789,987,c2e974c4fe4bcf59c92f77177c3e5adacdfb9a5aac2006adfa45465d6649bb43
66c4c96372fd43451cb9526b6f5e20260794db2952890a65b55e06db0875cf14,424835109,983,ba054f0e123cca805a7650aa798463e6d2427e39d98f7052620e2af94bfc7560
66cd1c423fc48597367f9606c15404e321e7fc231d16f490bcd39ed99d09487f,424402018,982,a3fdb75984aa0a3ebb2612c1bf7a372b79958b9209800010e3e238e8970c2c8e
66d0d3e683ac2ece3d12ded83e1018d4bbd36f582ce89a3dd0545d6d48ac6e84,426499048,987,7a38461f885cd7775d657254cd2f0d2c63bc062f39208dc534c6c552849fe866
66d53b0c0050e628c9c2876b5a5e427600c70358d90d126d1ecd9d86909f393b,423725205,980,6b9f275d1dc9c5c303f3f5aa04304786b73a34a7980366335553accd937a7f77
66de4d73a1b5a9adaf7985cbf1f068bd2e55872c5dc100d5470839de6a584501,426630511,987,ba694232c389aa68fc883e3adcdd18d949a32c3bedc0a5d44c44ffdf09751885
66ed72460c71e323d730fec910bb98c90f8ffd1c9519da1e5576bc93627cda57,424886307,983,0cf218c0dba0377750790c54b88f96e9241bd2c9b3991e4effad0ca2f4c99b18
670a521499e1bcddce0c3c42e49c8b4fe216108b1fb272ff32bfbe9a8f30d879,426625269,987,a282683c51d5ed87ad6cb059edfcd00853d1c215670a6dd56c9c08f690140e5b
67239e223d5c2b27ffc5435b2efe86493eede11f566a8f2a33b4b09faf0da7f9,423955820,981,2f0b0d96ec5b2b416359bdd76af99287dd558caf93a0fe75636d099b2290873a
672d57a63405f9bb2e2e1c9573e2c6b25245407bcb44603b65e9bf285911f15f,427271795,989,06bc44ff2a3858f143a154c7ce6f83b0c01fb90369da384ff399cf545a577e7c
6733c6d6b0a357d1c8a4f921eeca13ec93296f1f6639a23c3079d869ea7db1a8,424739211,983,165b1bbb5b8fb2f58b8109bd8d5f62b5723b2e4a20589434d7fff6e10e9a893b
6734cfd728e213d3ac4ab9d12db99167f8c888d7167caeb08b86b5321b884256,422559040,978,816fa31e8e93f489d0c15839672ed3f7494a6bf776061f2850140cd72315cfce
674fb88738012bfabe551bb9d5a4642b6bcc6c0b8ccb0f47ea85ea8d9e529422,424101575,981,e4e2b49891f0bd6fc4fc7e42518b7588f55a0c7b3c76db1f8c0311e57fa9bb6e
675a164c10f83e89f669b6b0ad45b1ed3d1b2288efa25058cbdf9b26eb0ab50c,425507668,984,177a006cbb81952cb673d9a68a3797bc460a7e66add810114fd776d9b14f6d15
676f05fa0c3480cf73ae93723521ceb97d09d7f71f86048b93d126b95d493248,422941217,979,f5e3b99bb19645f4523f0b9e1e418f23f36fc44b5b4ff09ae442a0b436b5f78f
67896b68e23b300d5ee1b31d2b049c04acc5e664414c787d3b6bd911cc54163f,426407903,987,79e22f215908c2ba337c41e19eaa26dc8ecf838f39dd020fa44ea693d40be1b3
679633d88d40bf90c8172e254f40239ff3952093f9b5a5f33311c649469b4b7d,426816624,988,d380c2b67264e2bfbbb4dc3702cca46ba0fe4f4cabda20d2e323e056d78b5523
679de0786f82503f8333c875e261a832d851459886c81cfd06e11760ff21e594,422790160,978,626c89c9652d96d727f273f3dc0b70164f751e2142da1de902e8cd65877fd927
67a09cd456700f780130ed54dab12c5e3a54307a58cd406b3a1e35ca4a39bf88,426052411,986,4fc8a87c275b832f9f90d5fd1963dcc1e2d885157a6c4c0277d346dc9bfbfebd
67b9fe471f8c66af2e526bcda579b89182114de4c0dcd1619a55d90557b18328,423819792,981,585ea060f85396c76dbb01f09b3b934f270c7fd1831feabe30fa23bcc268346d
67d8bd72ae1770453004855101729e4e25bd8ae9bcced0120454a1ab9d7cf273,426548075,987,fe02788d1f07c16c4b3c4ae9a233a0e6de97882a7e8daa398ac1b5c0e1ed7bc4
67df803f68814cdac96dab6ccdb86a44f64d96d1caffff5ccf2d91d50a427fe1,422386323,977,a1bd6d93bf6b505d34ef94718e25399b39cfe0531cb4536c84282588e4437a60
67fa28c8839e882a62b8fc26611710524665ea719c654d75dac7748d685545e6,426759560,987,37e6c8045877cd72c2b3042e3a3b594d40a2f3c27cb30a9113b0780cd2000ede
680200f591e7ed1dd145b7fc95f98c3dcef9693efd77a5053bceedb11a6fc771,426270576,986,949f9ff56a766e4fae550eec6c11b64b77a7e643337224b9dec9bf41556ff58a
6811134bf980f772e71ddd34e677db285ad7abb1e439297e9133bc18aaac6b63,425093926,984,2caaf0358bed4a0d3157f47f1739b529f6c0fd813c43141821a3c0bcbd3eb1a1
6820156662c93746e898f396ad2108dc0faad259a6c3e4510345812d68fd0654,425925835,985,f7391f6db4659b6393aed9d6dfe7cd6f5a4e1bdb2645cfe8f44494c8bb790865
682030fa5207dbfec32cf93e59819762c5bfbda2e3ca34baee0c9c0e8c331ef4,426572787,987,dae5f645b0a61480a6327aa8aedcb30be14d3f79a4912f4f0fbb36aec96ee84d
6827f64f9d9162b70afac90293af7df6985ff10d355fc318b857a71543a15ba6,421611518,975,9ced7f7956c791e23b23033a64cbb8a0591bf75cdbe586661e9604815d3a87ef
682f7f9a22b45248ce1721fa82df80b165e5f818efedfd01dd7828d8117b2893,426800597,987,21247801ec36005063ae872431cc8358c5ab2a27e1f4d7deaa68ee9e433e5d83
68486688e10988b71e7441939dd8e9c8a883fd215506a7798c04fad95f5797af,423699590,980,3866681d9bfb4489b345c6a5246b7ee4b610e62f30a01d6ac33da4053dfcec69
6848b80136e5e6aad4fe56eed9f4bb75f6d750a967b7fa35e8a387b0d0ed3844,427118932,988,cd35eb4cbeffffa3aea8623ef2a2339b713f83dcd2a7d973e66fd8d10ac9f338
684f24f3c0d9524f6c44d56cdd2e928917ad8696816a6c5bf52f5daab5286add,424149671,981,2eb30c24f647de28ba462b63536d52c3fa21b3284c9e9e95ec096b0fdc8fa115
6853f05088f6d719ba32877d3f1542ce9d487d8ece0c108200990eeb774a2d26,420932099,974,a24ffed5e0d3ec3afe8a7c57324fa7af2cd02b70bfe503ec3184b26bb0d9f966
6860edc0706d1bd23f491b2375c5ff08fe2592eb8dedb10295c0268e73d5abfc,426566889,987,ba011bd0ca4708a8383fec984d23f3af1e58cf10422d2d229ac987e2ac17049b
6864017a92357e086131d77db423663cd06902715ad86a26407963645bcc4ffb,423676468,980,e0c4e98adb786c1da6f26b269e36bbffd8e0bda86dc6d8010967dfcc2a324be5
68758e2e974a85363a73c3991d5350346c0f281d87b0bddc1d8d5b5f5434d314,425427060,984,da340e489156271dc4ef44c7cb8f1ab3b7edb57d2838b61d1ec2ec6803c3ff27
687a8078eb35b6aa4a366415e0b0c3492719176eda3e485a57959dd05c56c2cd,425916669,985,544d522ef113ddfc8b4f3af769c03080456983c273f0f1e2b231a460851f3c7d
6882d734a8b7ed2dab3f392b42e8464014bad75e0cae2e05aa75888bd6b4ce54,422798056,978,48c69f868f14eb03f457fdae601cfac70c70b8dd516422cdba205b87f3935adf
68958edf5b5db06e475a484e3e87a251414ef5da1bbf8d2b6127560c3da8d2fa,420931108,974,b4be12e1d6dd8a1d92333b656b04c2284b295c2d179d04b329b3611b5b4a3d43
6896cc4b99f570759e9f7402a23ed78cf51669acce97a209a1c4a29ed17a725b,420933739,974,0c2651dabf59b70900609c3ba4d9f427c91afdb99a29baf58014927f04701567
689e63a493149b5494730d73b73e573db8c0a1857561757754703052c2889dd6,422391971,977,f575c30b2f72956cfdb541b56013b0b54acd823773d162cbdb001105197c6771
68b452f307e3d319f44da2f08d0253c7524b55789c35dda1867f4d6dd53749a4,423603389,980,d86fb17674470d8bf479d8c858b7d0b3db58b48e84d45c8979fd9fe9a860c17d
68ce0af5c64ae2601f0b503771f0b449ea9da3808ee103bac46dcb7efb631ea8,427922602,990,11ec3f7cb6f2f521e4360ccbbfc73148d9dff34355cd5484f45e2762f0264270
68db45477e9b0109d61a2f88996debf920d63bac053eb2e6b426867b5c3355f8,425945969,985,63827f98ede7b17f838cdbb72157f4611a1b75d87372b892ee4063260dfe56da
68dd8483ea4192357724afd4022b73dc37a7f3d5bedf75f24426840d0eff8bfb,424311207,982,8385be420e05150e056246c7d934567b02d462da9f9506ea9f150f2b7b8ba1f4
68f0e64d0ddee378ccfb826c9c2500ab38f7b21a23932a23f02fdfe84d054ca1,424647385,982,b5a75109163f8a3dbb4154996a7077cdd53bf4cb2b4fac18efcee4a71d3f96e8
68fa2501b5c2682e9e4e12ad5b337078ece9c08c35e8c4b035c3b7f9791cc883,423729915,980,92a27a3a6cf9cd53808db1506737ce99d45da8fd6ab75048cdd928829265ba20
68fffadd131848c6750070f0e827b226934c027fc28504e8a8b0dcb813920682,424073596,981,7905a6342c71ce4a8315916a60ea1ce69a4a9e1c298eb93ff6d079eb6d4facf5
69041fe88f5bb3b7264c9404af92e92df6eb8780955f1cfd4202ee68eaf5e8e7,427790952,990,651357a4cd4be90e2e17a28ad54054a3289a4382aae6d8381bb268ef9420d929
6906e38729b4f2f2366af0fc1805cc2301ffd333c3642ec789cab61b3ab0945c,422411430,977,936b1847b5be6b0ccc0d7e2c475bcf0ea296a98d2f2673e49882475bf441f79d
6912cb5183ccd6343797c4891995449e4c1fec3cfbfda4a4661d69a54d38504b,422700008,978,53e801f2c0640dacadc5ad4e54eaa3733cab2ea5bb7385e2121fe419b0cacdc9
691595569153955d4559ee2bcce3a63d5b623f652430e410adf532ef3b417048,422387904,977,cd06fb46d8e788feebbf4709fa400ad538001b6f5df7387052d6a239d2df7b95
6925c65b76d477251dc9ee29dc5fd387d8c4b2b61306e6d171380a34a948382a,428104295,990,67cd6503ee4f355e555dab7d22cd700337abb242bb6dd38f58bf8190aefbadaf
6931541dba2ecbd7ec6e7ba32b58b9aebf76587317f1915cc1db2810b1f4c41c,420929780,974,64b0b04d1e30cd33adfc84950dc109fb94585e2551b855ec0b0b8a5fa1c256b2
693b417e1209bd79a3a334ef138826dc8467e7f0cac4d742be56b05506395329,423890723,981,d924cf49ae87c3c102ab38d4aaa877bff4f3c668e585778bd6425103c0931b7b
695666a6339d9cfb87bf7d86af44a8c7ca5d2da15036e84846ff54f2adedf307,426665996,987,16e0123191d6d1dc6f42ad568601f9925c19cf9e4bdfc9c606136dd65ff89bb4
6957f2a62189b79e3f80e16b978c12ba1234a4445145c07f8ffce057e40a9461,426749519,987,207878c0d388770481840c8f9001b17c4f319462a9ee7c5c66acf223b53a37f8
6963b5f0ad68cf09853e0542ad7ffb46ab97ef7e6039e7a6d5c4d20e1a7f65e6,423924941,981,b1775f0d3f7b1dbc5990875c23d2abc51f1009ccd5554037afb5116fcb4f803e
696cec4c22d6e7863f2950d20aacb41aada921703b6d43f006a8be174d92dfff,425887389,985,855b6a2d80aaeb216d855c2e7f36e217f4827f1d19465fd8534eb736e7ef0b04
696d042bfdcb8f8ed9b629a647abd56c97671b80ab8abc471a1a98e8a38dbb05,426564249,987,f00ded70784865fd28e73cd653f60b5857bcd6e33d2dafd8772801d554024849
69713c6fc17e7fc87398de26f29bad7699bd4428dd0b377ee1639d7eddaf3333,427870506,990,ae5d7583fe6dd29ed9e48cd85017f9c6a5d60c19602b64a38a002ab8ec24d36f
6982904998354da351347e168e374e57aaeeb4db4c0aef5ded08d4a312f2ae70,427199651,988,ca8295cfa25b613923601c1d727cdc790054bcdbd8412a5eaf82c0d81e104d58
698ffaafcabe11d4c5c67002933a4b9c6f97f7b180d3d87f718644c85c1e412b,425549127,985,cd2fb61e7f10d472d6427f93cebf85e77feb91d23b72d82d5043e153707e4f1a
69a7316702db23e15577841f5e2269861d8b2482c2feb876ad46be2f6e347faf,422948108,979,f7089216038abbb942d8639cee11457059d72e9415969c6b5d1fe662870056be
69ba6653547f7781fe6346528a891cd2ce88588ab27727039ecb991efc228cd1,423457850,980,7e744092106cd9eeb9afd970d5cfb3ea84142c88547315ec8c8aa96a0da31c58
69e6bf95ece53a12de4daf52117a4ae23fcc0fd0c1a3eb49b90b3f18480d5a08,426573280,987,a7cc9d98fe006d3e7fa058009dbd92d092021b890338fd50152ec5d7e398fd99
69f21cafa68ee51f81b66eef9c61eaa32a1670a7491979c3ca03a23fe3774c94,424915860,983,ef669a3eb6d431fca2751e9c90f413c1ea21b65becb77312628794b80ac7c205
6a13a24e543d2a9a1a2f64de131e6cdef169ec1c6f79166c84ad516e091c9018,426240904,986,3314e745c93c592ae173dc7a46a37f1e6a2c99dd751f6c7826decb35628fafbd
6a1558ffacab6af29718cccdcbd638541821ef8a0177dff7858e086aec19e06f,426385424,987,35e4ba4203797b45fb0515a974817becb1efdec47eaa27c8f0d78b9393bad0ab
6a1594227d30b9f822c1c92e7eb7876f2cefd8893f61c0105a8a2bafaa6d8682,426561012,987,e7a3c10fd78c230d4252fbe79a4cf2d9ac86cd21f53adbfcf4740b66f7a03e1d
6a24f4d0daeb9a552487945b4c2570689eaa82556d9a666bb67249d510a15faa,426595125,987,ae98bccccd274d6598c6ea10fb23993e111325e5107435008759cccd7a101e80
6a40dea2596acb687c262d61b3b8f6b2467c09030db7710bbdcd704dc852ceef,426028005,986,1188569a885185b20098186b2cf196bed5d2012a0f90004403f6b5657ebba40b
6a4357b295ec8fca403b36b724913fc46dcd78de98e893abfbb9f988bdd12916,424165786,981,718b14d0da3fa6254aa1d748ab5e0e28ea94e1bd4a46dc3d63507011a3ae36ed
6a52c8a65427ef2d0d75f752ca79b7f2c0f51a02b9e10114fea2fda7cfb17037,425691438,985,54ab4fc9fe3ff6608e3d52c2c396b7aa44d8ef971927ccb5da68426141c8d969
6a54495b34f762d5f1e08980ae3806405bb31bba010f82c7a7e185cf3203b4de,425406760,984,014431db0bcfcdec0753e0039c3bba5ffca5b4d6ba62de70bf8e9475932b598b
6a5b593c4d83f379d5170b0833ef9e56f19a1af8463048d9cd6c5ef6fcdb22c7,424134400,981,a019166b822166dcfe93f218745fbd7825aeef4027e960f52d1654db0ff4d141
6a9a6679afa031f49e474f9f126b1d6a489dba9ca582e96f77fe8eb0cf0116dd,424161552,981,8d6f0c5b1244c84f409162ac50f1fd1a032d147d1e64063812c0f35083845917
6a9efb3f13b5da975ea4d7e1c61b49c1c4ace654adcb720f0e6d2e12ada7fcc9,426559193,987,82c3fe596bb69436c57939ab1c92060abcbb93e8b1ee9bce822e69c8564eb1e6
6ab2b1249c8ebad05b54880fe9fcfdd68e3193e47255409354dc24b459afb126,425267210,984,3cb4d3bdde650b8cbbc558244b6930e4639277f2e3a2bb521e1a9d5be4e66ac2
6ac17fdb76cd8b5d8f26e3dddfbcdb87472eaf16e3ace1aa9f49f3cd7a91bf43,423789017,980,9fb663f2aece27767a67d93eb4558611a5e57a4f8e432a3573dbe345bf6c7dda
6ac4ffebabf6953efc81263c48110d165727d61397f08a03fbcd242b0a4c8c77,422555341,978,3c752d1b66ee79ee0b82949c5f8b3bd8ddc3786d3835216120ffe32861fc9a62
6ad4daea5d96a66b308a8c8beb29933fdc52f2f538dc558eff0c4ed4863337f4,426126151,986,a17760bef41ac2504f8ea8a26e8bafb80f5e465a868c922fbe6d5ce81c63a635
6ada8d96407a07822e300696f59b8b74d67e66c4c4ec2b1ca4d52144f11340bc,426990462,988,b948fd8845dc17d58e9dc289ec0d95adc006fdb42b8580ab109823b829955363
6af2c8f218f376006d3a19a72f6ab9c632ed41738d6dcf2d04ee802afa5719d1,427503775,989,05c2fe72a077ca2483e37ff1a7a700502d21e738e69b872cca46cb1b9345ad3b
6af778d03f06282e93a9d99382cdf171aefd5aad9bc0b038a75726538aeec387,423152896,979,69297a1b5d395a35905b61d40a6968bb5937f1b3a5c9eaeb326e265582371428
6afb178c97f23ed66e7a2c8a3e00ceeb78632aac018df959af06c58d7a5c54ef,424713884,983,5e0dee17e1a4150752d1f8ccaa91048118ade6acb300a9268a5286c2e628d5a6
6b00b6f3b6131baf68aa324601c74561fc6bffbfd946a7edda68b8e2d55afa15,424338035,982,10f55c714f3b8440ddf4782133e6f06d105d8026689b4cd01c345374ee58983c
6b1add2e49bd2727a0e88a06965ca28ec2dba89161d074aa48283957bbbdff88,427043166,988,f5e9714c3de4d9897808924223eb5f64dbcc8916c7e3573258c0b4149f0aa476
6b278e6a0ea73c6f1da68bd43ba1e8d47096331cc83d3711a83ee74c5625a6fb,424013890,981,96ee660137afc80c65751f65532c334538d7b8798c89b82d8ab5b85fa6cc7c44
6b2f3486476a8ce2060bfe630666e1763512e9809c11a71dfab6b66634eb6f80,424965494,983,58e273a5097a2bd17ac70e99d10914cd9c15b62730aaff8d8d3ca371aab577ec
6b3266efa05b445930a0c16ee1b12d72ba217c78ab8b0626f24c10a92eee5046,426168813,986,48fd2161891a60fdd1dec60eb20bbd40655677de3ce96450cde32003e569be2a
6b3ac4a9ce5fcd425ff2d68865501e9ba5846413df802c31393fb70058da33f5,425971267,986,41bed187402df3486a2d25301f5dacfa07847e39f5737227e813b52b060f33bf
6b3b455ccb5edd02c461d91b4849bf67056d27685f60e3273fdb46a385f51d70,423835853,981,7d88e1e32146fbcd9f1bcd98349d42de3fd51f7767d4824e423f58a6811ffc29
6b40a830965db2d6ca9a43a58b18ccd72e00b73b1917bba22dae89c4893c0fe7,424321313,982,cefee2e9596f9366cac013def56050e29866ad75dbb838f2aef6bf08539ad7bc
6b84d487aabee2bf280a90dea936ebc443616971dbed9981bc4ade725343863f,424167076,981,ea9c56304c5427173e40a3ae5aed08611c2fd28e603f5cac0a43f4934611864a
6b992c0216b917568dbb898b63662d13661524de6226dfb83f5ccda69e44ae54,422388222,977,bdcd27313d8bf48ed03f49cce2eece45dd80eb84d2a20f47a5ebe08207548e83
6bb21b6573d5ee0a07fd69e8ba117f4071a2da9845ad8de1146b3f36b604b461,422547329,978,c6030578edf1a4041d8ef68c500c061c245501cf177de4870c0f513edb217ce3
6bcb55a2160d96432d9ba6383040d0c6c64df264bf5426158609b531f753a68b,420789962,974,561d7d4a0b1763d2dd68bf15755db8cb07d82421d423a07a080cb28dcbbcd4a0
6bdee7d053ffc6c78fa0c8b6caaa1371bf6543f7507bdc8b1a230602e33c6d23,423696496,980,6f16879f29bdd9a152ffbdc60da6169b4c0ce5912ce274c7d11fa3bcec57403c
6c00ddafd690d4940a77f2c9faad34ae826e3475688f72ee0e288b12197776c5,424036716,981,f6cf8cdc5b43faadfec81fea4f2e1812af206dcbb8104a7f7ec612e118fdcae9
6c0e8b5a0fd2613131489f38b369aa00fcc22a958b2f7430229e6f41bb6a172b,426327975,986,9d359c10916c4a49c0202b652a0ac97db655cd54abea3794df4f6fe04d530a5b
6c15bf93ac8005341edf290967eb581fe25f5038c6239899a37d36eff46cab82,423958392,981,0165611ecf751438f574228284ba02fba3b2b999cb50dc50c200d0121a435b8d
6c2f0ad4b5f5d9e3b8b8d32eed503dfb816505bb2da2d231a26cdc7ef195c083,425822446,985,81d4b7f0804a82757cf7e42875a89eaba8f2cd183ee6d37cd083d9abd704229e
6c3e585a446866770a4c7d8b41e06394789b8534678bc06fd66a5ac0dbbf7f10,425706364,985,2855710313bb3300669923e7558e9a9f566b005d50271e97321929dbe69bdcb5
6c5a80d8997492db98515d252bdd3b9d5788bf8e41b9fd8557f39d392926ddb5,422258279,977,1f09493c606eb2a88984cbf4c00e8afb24e130f8ddba3cf361ddaef1e7b784ee
6c7d657ce58e46f94d100c1a27c01ebfd56a85347c338620e5e3257c528d5660,425759865,985,3ffaf6044482244a3451ef310fac653a28feded4e45e75059bc4307e10f31bbb
6c80b8870661bb7190695bb2da98a17dc17c9765dfbc8aa31f63702034b35137,425357710,984,71dc2c43f4791ec447d4d50e82b40bce167ec3201577a32f6e629313757ae6f4
6ca8a749f5035b9de20abb9dbe0ee94342a22e7c361572fee422bc357e653c1e,426054931,986,9606d528862c1cec40105d88b7e64f4a123d78d560642bee524c185e58490d85
6cd421b23ae62eb6c10df8f4a53c756dabb2529b784872de5ee634cc78e9bb1e,425336330,984,021f61bd4e97067b5f57b2ce29af6c9a4833ad7a5d1b881b35a62d65106344c0
6cd69c703b4486c0f623dbbeae15ba067a844d0c5fa393514ca54cc3a9d91850,421979483,976,72cf6123e2db53a9238049b4828a6f1d39a49bc0740a3fc9f1391cedd91f3127
6cff936aee08739d2fa0f08a143ae770a56495c54ccf216f44cc3bbe94227061,425217609,984,3b153b8bcc8825f24cfbe98b7a86d246183ca1db841dff7240bd47c5d6f45fbd
6d09ce58f572327c3ff8ad1028526a539f2d6d362dd00891a76bd661e8596897,424679122,983,f7dbc2d46712992e5da37f23e7a37af157e06b10bda76da5e50e9977fd985ecb
6d21d2f89efcd3050a38abdd16b1ee3a059ccd51a68ebb580bb649435b458b21,420795751,974,2ac5c7d369722c45accbbf8c0d4d877af8f01a0fcad8ca4dd1251d80ecbedef9
6d290e6bf49edd7143458e0672c80bd005f29f453c711ff703a968a683ae8feb,426495569,987,2b2a6ef8a1fe542fc08480fb137a610b598e2d8d221fab4e99ebec21da3cec5c
6d3a0f1be202c6c2e5e6c9f2a73b30361774b54ca9b1a866d5ac40ba3490ecd3,426488995,987,ccb5bcf7ef25f409d99bc2796167e8a7067c0ca700adda7c135fb9e772dd2443
6d3d1c14bc4d77396130721a48c70d1bd2abb8078b0612810a7301e9ad2ce91f,426704301,987,582d4f30b643ffd9f0c08418d1ff0cd9f6a60d6c7207b7b8c8a5208a67f78cd7
6d43978b9140d907673c122ef03eb73ce0bc583b402bba5a80713023646f7b3b,421914154,976,270412f7236a20c91c4db5274714fd58a55791900f354ba53bf86f1cd2c3b4b3
6d49ab6f6372582fd1495aeda4037f54fc844ae5845e2720efb3c346192a7f01,421603900,975,0b83dcb94db5f457492605cf5fcefcc3872eec018de84ce057f132892a959f76
6d67971a3a11108f27e703654e491d62c2e199c49f26e34627c0043d3ea410c5,423830649,981,0742d2a13d31445e57b7618750f199ab70af5904d9c7ebf6cd94471ac02aa3fd
6d7a54b3c6659a770270564381277333d37184a3c35973643627145099c445e8,424191267,981,9e4d75ee604b2f62547b090ff304c144b6c85f456b88320a077e678612b17f97
6da99b12e825847ba1f7a4fab0d154830d5fe8598f8baa4d2efe23ca304d1a94,427153615,988,53db8d9d6a6b76511e58ba016c7b784c4f854f22cc24348f323c7e1f333349b2
6db4eb001f0d66be98fd1877ccf57541cf19c2bb3e6fd54449688dea5dd3b3b2,425106589,984,43ecd91050592343fd0fb9d93c776fc5c83ede545fe403ad393def440e59d462
6db5692de1c0957e7c06c1b7424dacb017dbd3c8f8fae9819d72d9a4884298dc,424435741,982,ddf848b4538f9a8948c6e17750a54bc56b631f0bfe1b3fe2bdf65f53a483b178
6db6c54edb2ea36954a06535a19d58053fc3dd5d9441f19dd8a7b2fcabad8e1a,421597920,975,81fbf626d5debcc60288853bd149317adfc3b91d5fb7f0fac580043f6f3713bb
6dc2ce2e04dae8c64d8ca0004e1579d6f69ec6a18eede9306111988104f6d4b9,426215495,986,165305159d6a78d32c0e7b012370fd5327af51b7a49de9b089c1e95d96f13035
6dc39f8067d23b5c01459290763bef3f0449b5733e86f7940398314f6524618c,420931199,974,e73a9186a65fa78732679d28d5fb0ed5a3a6845df6ab5ac63d5f98aac0e2a990
6dcdbc7d4147cdbf77f810f5ffb11fab58f18684020262a3f06f60da7fdc1e14,421483803,975,b51982fc952de48ac1651c7065840053228673bb0df1dc81288aedea28606d60
6e2c82f393b8d5cd9a1fdd3bc82c7d95a7e654694e69826a940ca33bb9635a44,426125948,986,5a7185e26466d008afe74d4523931ca5372d9661a36aa1c6f91eeb7128c7e994
6e3c3c6d4770795ec02735725e592cf9dcbaa6ac37959e92a4075726ed18f833,425528277,985,183989dc2849827ea10547216d51a74957bd94c16dbaa7e0e60cb5d88bcca70f
6e60e0e8d08893155d5c8290c488d2b988f4ab25ca4b4254587247e0c8d36965,426288845,986,205039cc5b5a31c12258a022e19d7b042fedae76676376b6daa544b7290e3eb2
6e61ef0364de1aac4bd3276c262a536f3347c2248fc0ee914c7c4bcce5b69451,424354102,982,80e8e7a4dbae5060be470fba9ec49049aaf6a9e0272d383d5e314060c0889522
6e704473c1669c0c83602e8f41795741e9833a6f5b31a2de89dd68fc02cb8884,425952176,986,4ee6ff4174b969a10bf09e4019731104a421910e6bffdd3fca8dbafb62a841d4
6e70bffcc159ebcb5000edcc861b534deac2be4da6f876e50483c91dc76d9c0c,422422572,977,8c213064f2935356231d5c6bd12723887d274894627a31dcbfd3fbdaecd35fa0
6e8ecd1ad68f9e28c9127e074a665fdc25dae2660a50453c1e72b5e01c49bb89,426721346,987,ca738f92b808b5af489a1275c25f66c0fd75501cdce614f72e05113ac6933b97
6ea0499f7c5efc3b0114719f98466e213cb595ae366700fb85b67c9cd8cb050d,425473735,984,d24d7fc5010fc2cbf2b09d1bfd1ba12bee50c0a1523e16674e1079e09641a34f
6ea2d3f4b2b41516145ddf0175fd0a14102331aee9b9c28d148a15c13ef60696,422788933,978,463b6ecee8cffcd5abc3ebf0dcd9868577c5756016e9422ca54dc5678ee8185b
6ec2f2303514bca067b162be3abb2171547ffed5bf9473fa60c142fe8ae1af5b,423966823,981,bd447dc9d5cd317bb3147c831ba4d8fcdbedc4763dc35214a68041afecfdac1a
6ed648532a5ab6b12edb774d320a3a5128d52a43ed72d89bb9dd1279ed6d5f2b,427216532,988,468ed5910ce98f21ca11a353c1fa3208bc42687dc9f30fe9fe3e2520a37f092e
6ee2d68231a784a149d688848fc88e7d4baaae005e44946748c0420df7b84931,423658428,980,0694d89551a33afcae0f7261225d0ce10cf76f36d99b12def6d6678e94fa4106
6eedbf917ed32995eb1ad6df5573adf1c86912851a5cfe3f1cb7cb2d21b4fe66,422448949,977,e0297a569702be34ceca52934239240ef2d64f7d4461dafbd1e301d3b569b0d6
6efaac243e149a9182a3deeadfca1c11bac851016385da001e2b79dd1ec9ac16,424044085,981,ba835bb474b8225ba7770d125feddf9a29cfa6d371a63776b2455999bff011a5
6efd34fa98070d2d81cbe82277d2829ad13cf93a4d23fa42d195345b48fdb5a8,426483472,987,c88e81d83c8bed6f1c2a6146880e003a2d2bc57b872b3027601e5b9a678e2552
6f0479f1ebf7b4b73578f459ae7b6e07c85bcbef34d73914afddd01452169c7e,420927046,974,28df180fb050f98c164e7869146d284e59685384903f06b77cec060f8fe22dfe
6f0cdbf78b7e6c9a43859a2b570f214f67cf60fd8f900095533f02e040b767aa,425278581,984,8e4566bd1852f2a2daf6bf27c3ff98f3990c0e9566755b382e49df3e5b2a18c3
6f0f2df06c7357a2b6ca1eb155ece52c0b2aea56a9c900959f7128e5980f86f9,420932572,974,a851d97545845776391126d1b455f50785d060df856c91a473f92e84e06be1f1
6f2e7599763986ba67c9eb5abded4d13765cb97870db2e11bd97ddc1347f9cca,426597207,987,8423c252fbd022b5f2edb91381c8adcb901b23b9202108fe8074317caf1451fe
6f38fc93c2702fe75bc4ebf74300d2beffa8793934744f116dadbe02dd1d1e85,427102246,988,a9915c80a6bfffe65afda05c71c766af65405bb92c577dfd47e416d08d503088
6f3b9595cb4eca74e6a0aa1e6d8dedf0f746d25db83c5857b15bc336f26058c1,420931768,974,4e26c3f82403b5c37f1cc08e45bd8cedba79c745870826fdf2cbf3a15abe7f58
6f5117f6e66c6eb847efb354fac30934c16922e85113f0bcc0007ddfa71a3211,422806388,978,5b2eabb683f506bf1956ae395e1a0e4f2f56030c3ec35d678bcdeca50d982755
6f549b4ebad32e6edabd46cbbb7c3cffb001c8bcaee7ed8ad0352a86908126c2,421618998,975,ae513a3cebd9d490158fbfbb1ef1e3b7d5b7dfc2fa050fd9444c0f968610a43a
6f54d6030f810b8f93e21c1aacf689a3f666428198e447014257c5b4070788d5,423794004,981,5016dea75b0aa8a61ab15bf8588b123d18aab7e1cb4f17880de7eb66ba91282e
6f67815e293254d627e3a3889604ed0eb3f5ff760ea64eaa3f9c56493788b68e,424268884,982,84315d96c094a90fbc8e8f0ac92e18054cdb3cdbeda6c4fd5c87dca1830db5cb
6f742f123e1e0e5deb18b573b18f4e41d5e6f01aef93700f26e3e44ab04e7251,423670968,980,8e0b97e06916b244ed1a47ceedf8bd2e7d748888e69b0a9153d9c58de8481e75
6f7c80b97defff3503a1bdc3745de7478d866e2768503df271e5679ec2e63f82,424359381,982,1be04da508d68a596fc571575ffbda3797048d686c4e7da23fc2389df7e861a4
6f8974c1a2f557100d8138300570403979cd63f212fbf967d5ab9ed31214f897,421763437,976,65521735f6bc6b3d0cb13032302aeb337920e7574302371e360ff77d7f23bc70
6f92f2f597e9d1d2000851e138505a0c1b9f6fed91f37503a632ed7ecdb14046,421238074,975,2a890638fd2fe9ac6f6bab0174fd8c69ef4a78a0b263744391d9210082d05582
6f9c13b4a3d9b30a1e1f87684fb6fa2fbb67231379516d6709a421a228d4cd81,425295392,984,189ebca14c404e9c12f7dfc37d91d7fea3251737fb1f94ac754d3ebebcbaa6ed
6fa0b0c17029b8ee9644be85c6f1833c1cc86992d99688bca701e09f8f5e8ca1,422558710,978,f99b1de3f6fb29fd3f3aafa0c3b1bfe26330d8c595906f86b703b75176211c57
6fb0155d5234e8fba934a5d1e92c95ba5790aca4ee84afddde6885486bd75dbd,420931013,974,85e5f9cf30e820946ca00c0ab8a5ca1916651aaee4518562f9fa74231ca330a9
6fc67fefcfb9f43824a7f6ce67b5c077fecc075cd90b2b32c05d22150b157cc7,422797992,978,1a4bb85ff293d8395642878394bdd2a09a27311981758d28c4f9d39f6ee75bca
6fe150fbdd4e65646fe3e6814c68e40fd4c3ac8a73871785aab40bca66246c08,426307987,986,0037b6151a59248c0d0fa2e457f0fdb0fce3b8bec3aa7541b15f59ccedbb1396
6fec3f28b722e8be75d99098fe33fd37772ac3fd11114d1b9e11259552fb1542,425785211,985,de4414af1268a9cbbbb4f6f957c53adb9be77d0a8718ec81f75b95729713882b
6fed7c76adcd368a3f834515f73b27b2d27653d060d951904f268ebcf0152464,422778622,978,08e82e3175eb4f1d1095dae4fd2aca28299155f15b7e03f67d053bc3a0bfe931
6feecde4d5b741b083aee9f4b03ab275515935b4744d2fbf46d75de48f3c9d51,423699730,980,157dfcfd8ba7164038962e8e0d0ea3cf0e5c617cc22c0bb34b73539a1a49e82f
6fff0cb743f1355b251736be77bf58550088612bdc395322970d576dade54a2b,426522817,987,910e895989bee4683419450dcaefadb9cea87622947438133fbca04d3865d8a4
70122d6808100c91e3b2d47a6dbf394c3dfd11056b549cd7db11fa4f46e06131,422698333,978,db37350b56026f56baaee6fe680db05867b1b97c9e02a11b4ca6e5c450d8465b
703a7337ddabdf4afb3401b2bc9d497e25fbd7cabb9af017320fab480e1b8ef6,421919671,976,bb87de47f40c79d91fda9b6805eca6562fdc9bc401530acad853e72151c058bc
703a80ac30321f1ba40a102008656bbaa12a77bb42a256401476e23bba24d7f7,425016405,983,917fdca9951dbfa1d83787ea17b7d9613e2c65a9a673cbc12d7892947fded9b1
70509221d2f6e19e0bd806217b937f2d1b2a526d426b52f5e16fbf60cf65ad15,427359172,989,b0fa8e113c8621865b02ef6f3fb8d3d45bd6d4dbc7f6b052eebe1929ce9e2282
70601880f747c41a2417f28a24df807b7d07e8aac0824bbbf71762a7cff22c2e,422830373,978,5306723c9222db38ec0077df57fdc3ead0c47a94c372ed87b9d62310ff69624a
70616181aa207e6cb4b32fe5b91ed41433ab41c998007f79c5a1501b5bfab088,424849566,983,d74f2f9468724d45c424c92234e457733b60041a482b071274bb29eb254de8f1
706b1837202b7915df5224e8eb463c63939a685dc4a1a64b9c65ab5f0e6f44fd,426460213,987,1e9bce2be7324e8e4c129f47edb600bce7aadd5de51b6997828e050f08764e90
707955cea39aa4b9f90482e20d114e51955d8783f1301befba1ab9a422c3ea4c,426489749,987,775fe66b7bf0eaf96256f8d8d4a77a0dbcefa5c447de88216ce53de93788b5f3
709831cf5be8878da49ce1b83a82d419e265e5fd856e855165acb75235680169,424004795,981,bd429199c45a173803131a8dd188e071df17c4be75fff97361b97ab679b0ea2b
709f71b51ce1e15cceb2feab0d3e1594551d7e87676a0cd02cfa24ef816bccdd,420929733,974,f1c963442b356fbe67c48064b41b938007b20cdbb7857109a597f14ee9b5ee93
70a3b279d22ee1215a5126965f404898ccb958a98e37b171a667d2b4be5710d2,425748853,985,318daa9f3ae66961f903bf1229371cac0cbb373e12b5a02efb4c0fba0d9c28b5
70a72c7655812e5dc64f57a14897bfb056e837eca90f99c926b0ec40d17855ec,423191269,979,eb914f7fef8177553ca74f851928131cc4b1ce628a2923e57e45e84ed9081a74
70ae6b1d1dc269cd57e21eb088c1dc1e4cbcf8f0753f57e00c917421c774eb96,424243082,982,ea21a614dc04ee0b2ba0c2e17b872ea3037cf4a8a6b87ac64ba092049ca9815f
70bb280eb4fc51057399c5040ec6f451e7c3fcdc3e30503a3f85229b7bfc876f,427625040,989,9429d385d89a5a9b4cd0905b4f1dd0377a33edd298f1eebaf2b4a7e19398191c
70c2583a980e1de376bc854d9f9393fbf34ceb4a542ac64b2705e28b80386de2,424417133,982,1aa4faca2a45b2fe93b4ad49d01243e69e14369265685038a8c271117db49f15
70cb0895cbd5ae3744b37dd6234c03b227b941fa536d164ce65fbf0e9850a696,424284124,982,4ea46f99b11576fa4846219438bf990e7c5bb6bfc08bbe000bc9aba982c0013f
70e42d47794aed853a6693f579daa757c148849a28bdcf037d88405ae34f8ace,422806889,978,47cf29413e73035e2186e9db3de9c043252cb43ffbd0fb9537a8bdd3621e4b33
710f9991a8802205e1f05705a66152fc4a6026bc16554db3de18453adcfb8437,424624171,982,bc9a09ce93cad6ce0711a0d95751b316b2ab128671c3fa1773507435d4193bff
7118e03ba3692835be4b3efe7393f75e3d081ad80614c1c6757691a1e83df895,423594035,980,ee2414cef0bf1bc10ebedf3fb20b05c834478789b05fc90f32d995c7b810294e
712568e8feb86669d0f9e46eda9100c7bc07785fed33649e07136f98429571c2,421237638,975,ff3fdf1b538495c76422aaa0a86eeefe5ba339f69ad5430285c7951bbc389699
71392f0ad65f571a5b6eb425c4fc335afb7e2ed8eddb0d041ad1bdb46f652ef5,424391112,982,2dc20a2cf98fd6b2d49930ed2d1f59464339fbbef351972b309aa221b7da22e8
7143163660a643afc9bab28c8858751e16d8f6efbc09076525ff9cbb0129aa12,420813655,974,0a75a129ebb2b13121c0cf3e5a9e2df2de07210c57607dbd88d562c495c38701
715bb646a23a3a7bc267feaa72e5303057fb7876fcd7e0305f9bfd2ad8ffc3ae,426129521,986,7cad915192d27e191138aa42d5d272ff59f9f618edf0510005396afcd8e5f282
716176d5ada39dcd6dfb6637e44bbaa1b50241a1380f15173697271ced4d0967,426526191,987,e0bd03c83ec1c41afd4055d579fe571ae0dc054e5808da6c44adb4a0b1309967
71640812c5019169d1f12a8d2c7af90d316dc66cfc264725d2c24a67991b4d4c,427567575,989,9be4ac28343919b867d7e27d3dcf28177589c2658b8ee9fde0c30e0755aa2b30
71755a9d42d218d5bfdab21261e072f502d1fd35a6e05dedd29aed102828c98f,423672968,980,e3475f7dd645287be16bdb9cee4a42d5c44e0971da1488d7f66408aabdd90361
717f1e9ec77a0dc024d527cdb90bb7707986f684429d62297bab87e90f605e2b,425623113,985,f5a6d9916d6f5d32a35751b96cc1267e6330cb421e36adfe64603f3dba6e2832
7191207ec39056746c1abf575e48105f10103fe3acb2fa4767ff497023d5b222,427105147,988,2028b17c1b23b7b36045460d642ec4e7a1ec1dee046e22d54abc7b8b31535b5d
71a8cabdf21b0893729790432f1a405e0eeacd712418918684bccf63a10914f1,424023647,981,26ab81a785da004391c37ed96ace5e2e7e0c61d1d4d4f147d6da74b73f01c38f
71ab03919cad62e1bf801266adc5b3d66c66304be5b46054417b0cb060ee2ec0,423876033,981,51281795cd0200626bfadf10cbe380f9731931ddf7ff18c64593ce1c2111dd3b
71b60b816b438e0fd63509f5f4c8abbe0d9733be03c0db05b4d557594c9b7078,422821118,978,5177f9d379cd3abbd0ef4463c90942772e791205545968144601e20eb9c57d07
71c5434e1f7559b6bf08d6896f23af7df54cbc2f3b3b811bf614ddb4ceafc94c,427801475,990,bdda27b5ea9886c92eee1127d268a2a9d8305db2ee76b5ee851c74d46a0bca55
71d006945892b662055d098994e8cdbbb613e74550dc6481e18ad2f94d961f1e,426130202,986,7efe282ef33435d8106458f9df73184d77e468cb2fa7c3bc85479039b569f276
71e3023344b1c795c2a8edd27f0459b80eae55d0320973105086d1ed6ce3d943,426584296,987,575993fef9d8f90450a99e664a09a0bab63ef49081492550db90b54a55c27fd2
71eb10e5da7c93cd916cbeb32da708a3e74d6e1cea86c24e60039a5ef6b13079,426138299,986,10ce77c8fed66c8d5f0bb0f8b2505ab17fefd33a5dc907a69120e3796506f93a
71f162c3456f7725438de892799956ac3c10875226e1ae3f405ef0cbfcc946e3,423772896,980,61fbbfcc925969f9d0f479748ba2ad2ab25d078b6eefea9705f8bec2d41ab4cf
71f25d8c0780200826277325a9cc74fd145b3e5419bb2fc07aacc22abd7361d1,422433287,977,379a8bd9f42b9d279ad9fe2e57a93707931545783451d057ad06821cc93889db
721afcc5dd8e699bdaab43eeb58a1572286adde46e85fb204a8f422747b351d6,425672896,985,b1ba0b802a9d7845d2b2f45174ec7a3b754476608699dac39e525f71ed7b7edf
72291e6f971db2457f7df738fb7f9a5e6ec5779101d7beb553269fea059d2a02,422809176,978,877270cecdb531fe5f0513f9d6dc6ab341d3c210341b1029bc9301409b63f823
723ad5a1a790a235cc081b93ef05c0be050bed9b311e640aed28a25d7ddb6dde,426520968,987,8360762f4673bb77ded94a50b387d35c4dcbcfc9c4117ab46b1f259c85a3cbae
72421b64665bbd6e2d6a2a2252edde536347f55eb2d4f2ff53f2c8dacd68f05a,423915980,981,32223c2883abe6ec8d940883d4c370c14b472bb4dc0f30f0aa04848cddd83b45
72488357afe8328389494893928e11f05000537d5ec1fe7d250a58c67f7bb01b,426472160,987,9deab2585aeffb1126d5d7c634eb375cb87b84ef7cec3e3bbe222127943382c1
726577ef70191584bb37d4e823df9a5eec37311ee7339d05b9f1bc71673f4ae8,425869378,985,984c50c4b1620af56b683ee76261a9fcb1a8e7a1a21da886f2f5cb8b59156a6f
727e9a64480d040867a98b8108c3fa8269cd487a5cc68c7dab040bd56547fe9c,423857646,981,8f7c6d96c0045662e4a91e78469425ec10ee9bc76847c8f8bed08bef6062abe2
728cd14ae7151c36a87aa1881275281fb209988617c7164a15b52071600655d1,420900550,974,e92d23dda137df829aea0bd52390d611be975cb5eb6d92bd63ce236d99765a5e
72aafbebe31da17952a034e96b567918f8f8d9f5be0b665470eb1aff3937f832,426679884,987,8c4c8165e7ab139eaba987e153a19104ddb1dc3f94d9cd150b54685708868fe4
72ac82b13d6c5a60108234a8bbed8e1cd83dc0711211bec2bab4350c5f843a82,425807226,985,681b5a15d5d3e968eefedd1b416792e7c1cd397469cdf0f7a1d577490580dd24
72acf22c13c5ec22d9ada74ffde78de9cd8fc88775a7e7c61f01d34a1a8a41fb,423883640,981,264262bcd3bf995f9822e949686f38273bf3be0d8bb3bb1ec7314c9c43bf2e18
72b090c1fc6b3782579029f204d23c347cd0c0ebc117fef1ef08e902a22d46e2,426012851,986,555f8edcc555f29d77e4dfbae94b42acc3eba763cbb2e86a7faf4e1fca4df171
72ba4e32a9630f3a6904bc540c06119ab15768709739f8eedd4cd826cf239d81,423499629,980,bbb635c28ec594047c485f769314ad053941b5b856364ea0cf57bb309c58e584
72bda81d22b7963373476222cd9268b7d193d356714897a6a5adf86ec0b71573,427950917,990,314d7f59941687805d25cf27d1a919c39aaed66a99fa7891e61c91023fc0d24a
72d2436ec2d0198d811089834ba558ce96ea4eba72a898f88d9b37b156cdb017,427755592,990,255144832d743f019849390426e93bf6973c9f64d7d8c54a480869b0857f1a6f
72dba24573f10b8b4fc1fca6e13a1b7e88286a2e7d5e75a453c07ad59a747ecf,422384837,977,7eab6e9dc5c0f2eadf46123b96ea4b856c88d577008d37e73e9346568cc5e5a0
72f1f18e75d9f20a16b8edba1848f5d2142e4e8cc0b524b1a145cfb9d781bb8d,425192571,984,4aff431bb3ee1b305ae6cc31a95fa0db8972ae0254afbfe897ea74974efc80b8
72f2e70af475a00e04f0fff07e2a7f040ce8afd45f0122c83f417067690f939b,422425280,977,6953fc9bb4188eb8671652aafb4677f7313d7d2003b03960d190377494d6f74f
72f5d4cd732b86cba1b75b1b50412c60d7d57b90bda2c8241d7032de68107004,422770852,978,cd9feac76f581c66eca0ff57430cba049c49011acc4d6ffdefca95b82356a284
73054cd36cab8180194b9142358bc376d767912458f5a3fea4cd7eab254a84e9,426804844,987,53e1d4275542f604180a9557c2cc4b6ca7f7e0ab76887d6a88afbd5a299a426d
73058e4a975e7cd4d93ef4c3d5cbc4fe94b9fbc14ecf884539e450818a01a6db,426091902,986,37f83acd4c3e03d75b175b16177c0b37392c83f3568678cf0b067141b0171985
730fa4df0b5ef044d266cfec52758a770c63508561920511d26d03b4dc61a8ae,426141545,986,265fec04b959d69deb9d30c46ad43103f11cb449d38e5e2507fc247c8acae750
7335600169ac47f4af418f1af7a472ba47fcc41140a425580192a5f465713c14,423791081,980,38f9a8654e41216d1046ed6edd38646c24379d0e5254c11de89a4e7ca0e3cb25
7344f77e5827355715414fc74fc6336dddae359fa987e96b751d13179564e14f,424056567,981,e072dd80c56a969a861e00c5ecb9686eee454b20d9fb4feb503de14ed20ab92a
736fce43c0b9a3c36ede62307abb41282ad01eb6b148bb725f331cb28304d7ed,422822197,978,241d49f53b1301fe24fdf3a2e504a06302570c81be14461cc615394f9d85dac8
7376d517ca95941da95d3b5ae7a5202fc7922f9dd55b23a4c98411277291b56f,425923571,985,78beccbfb680b2f1d97041121eb7abff4a6b2f11b2048c70ca674076e4df6d27
738373e0df6f3f71ab397b66c541b9f175b396160cbbee8570a4fe4fa030429b,422006507,976,08620da12175b9d8af673b0c20435223cd4e49884debc85d9193b9c7d3400253
7390349d00b2839f1f7001ed500f7ed9d051adf3f33e65951156462d67d7deec,423728246,980,3cfad23307579d83dde503f97360be172c63856e9a4c4430c45a3bf190dc7bfb
73c503649acd603259163f6a1ecb1dad8bc131707cc9791e8ebaa87e6db2780f,424082279,981,c5f36f1f3e99cea8b2075db1c68e88bd49ec8962d3e26e62f197a9c4133858aa
73cc4828c63dcf84beefd771c2c3d62b69360474695fca4210318f2b7d2d7d6b,425420410,984,29e853c0b13072f3f455e12a95eee3bcf85be0b1d81e87143c167d6a2f6f1ede
73d961ec195e9d66d16f1120a6cc26e05231a447c8613e5deebc3a2cc7435cf1,421390279,975,6b84ef6c3393d83444d97e709b6f1de7e8a8c28c4930248ae782a52f3135a411
73da00ada6f4d950068c30f282b1cd02715d090fd3f06105441de1d477b8dd7c,425972816,986,5b6794dc08708b8eaef270e0b259dfbba138e3f7b23220d385eb71bf19a1eb85
73f2d72a009ca495576de51ecf20db14916a56f1fba300b42bed9dcc4bae7833,425288456,984,3d02191ddc5cd4a58b7cc5c3ef8cf99faebb3e172a0fdcb69b0563b8d0202f9b
73f68e07a6b51bf251e89d3d5da2164fd6777fd7d32e23455ba91330d08ee059,423804116,981,1d2c7a077ebcb277e59b2890d96bf040cb1884c7ecdfbbce7dc9148901ebddaf
73fa8ce02b0d7a73a6ea853f1ac5663ed12d3e593cf5c24de154d036c1cb5f54,425748916,985,f1656f7e600041fb97b52d92f407f0b83e62a678b5140f32324c21e79596ae59
740b78b99c53254397c2fc5774c40659fb64317d7953662fbf87edf49504d57f,423814218,981,df739efc3506cec2345c90ab71573441dcfc043bdfb994e392a1f575d4dd57dd
7418d4a52c571598e0558cab6047da4c70e5bbf1456818750d9f62abaaa9268d,420929586,974,68ad4dff3d7cb676c86471c9e035c13ce8df66938bca1cd592dabc845c3cab41
74288d660dd7b6b1d021ffdc6de753386f292c96fdc2ca4d153f859b9bc95932,424214106,981,6643a41289a45230f037a749f2c7b2f33b9e461b4c88792b14ae29e979465a99
7433a16327f4a34b347ea061bd0d14106d9417caf750507668cdb25dfe19509c,424480743,982,1affeda5f1e4e71524b26662de7bce27970ea04ecbed952e8735c528a1695098
7446741a3396caf9def2bdf856557f3445e62b0017c1d1f29d4d30a85ee20d44,425097381,984,5c79c8ba2e3418b8e4e6c891b50a670af3425a76b48e720e4fedfad48a1ed8cb
744a6451e3ba8eb25db7090fe05fd39a92417a1e8e25200f4aa25ddf7a0b947c,427445027,989,7610c238b4d3cf15b76546390b9e67b68ba4e6b45b45a2ed3aaa44f1721801ec
7458305d9badf0ed10946471ab99d072d120bcb3001c5e01fad7202a393694ae,424999303,983,98482e6b24c15f2b3c2fe9d2e3cf8369fbd407c8e9f757bf80ed09c00081c446
747c732900aefb8dafb65884c563eebb8d63ceba971a1e9fb301c4792ddceb18,426233359,986,d1a37c7ef67f4ecc09f700632cb65e229b6f387c8979ba996d66a27a773b3271
7480be8cca28c1b04547177952fbc0415b488c4831290aecaa65e118986de2ed,423892938,981,8deabcd0e561b46aa050205201e1ca8a7db22a32189bfdb0560105feb7d08f38
748675ebd2c46ceb32fafb01590ca398e3afb941a3cff0e77441b0aa45332637,423835242,981,48193c59ebbf6f840a2f46d492cb0e69277c9fa99d186f3b193563486cc7a5aa
749a20c6a172d1d30c67481f53cee7f07d058dec2d3c2638903d243a31065287,420800777,974,5dc4910d8d717ffb89ef7612ac1bab6f02ac433107b77a3bd8ffdd6cb5e88a0d
74b1aa8a99f050b3e55fdbdc8ac1fe4758c2803c4730f4786834fc54f2db75e5,420928967,974,130f768fcdd14659379d34527a7cf4f00037b36286922eba50d25b42b3b44154
74bb295a9d7153c824ef6745fa189f80ab1a695ea021b15b0c5acf0834fca709,426688358,987,95d4a2c27901e2bb90402623bb32c844c6d08bd4f71bcb3c8478922235a7256e
74bd5613ce2365087f66f9d21bdae446992a9fec5cada579e8da0c955624071f,423764730,980,5628dc9e407ae699853a665a5417df3689017b598e3ec1c33dcfc5d983da32eb
74be6b24e3c59aa961806a4aacb6663d91f52f411fcde43845621ed73a5a23bf,423638116,980,840b34c49c9f641d1d49906b1937918836f75a87b2960978f85c8db9b69f036f
74c7371aa47860c5d026d05b3db375a539179f02979f97a09d08e0b01d5783a3,425233379,984,d64bd77c597ca189b8cdb21045c518a094b518d0712f981d676e212f3ef0de65
74cecc303218ff0cbafa0a291b26cf110b3ef9d0a7b1aa255ac67f9acedcd4ad,424264751,982,0547fa77976dfd5927d5157e93c775d1c687f1146a0076fe8df9b1e2a14e7afa
74f71c4f870dc8c6979674a6cf410b7b5ba37bca13aaa931ae9f2ede366367a0,424416818,982,214c170b01bec743f04833e7cde55dfaa4472e097b0829c47e67ccfbb0c38bf3
7504e0dda0fd6be68dce7e7370f34b5c46bc0c4df0136e5cd690657662039b53,425885099,985,b62807c3ac4b94cfdf95f7cdb3a7bad2a3c7bbdb3d8f6721323fad4644debebf
7514bab06b3c8a498b17a78cc3ac4b988099ff99fb4b2433150db9d013c8a08e,423897294,981,891d8b3027e083d7616a469dcc2cdcbc5d1cc3ae7daedcce69ee2d40936b2164
752b6614f48f06934f8bf2d591cf9ae2477776414c1e8bb3856d1f949c746d66,423423104,980,79485b550577002170ea65397427ecdb03822d4b9d4f81e2bdf218364134ffa5
75366ff5f56e1f3a2510754d5ae3229bf9accd15258edd18d19933160f9c2ecc,423852868,981,141eb23fa11076afec94768c06aa4fbac91280e370a275709c55702aa0214199
7538a7abf85089e925ceff2138c2bb8b12361750435acdee89098664a46b4fc8,426391083,987,036b4df501837eaf4bd52197dfce1a6efa353ad7e515b6358df5f1d78bf346df
753b75fb7c0a15eb4d4b5cb46a6157a052e50c8828c98d3947106b96919ba88d,423713956,980,96a143b16c2329bcb74a3fcc8e1c858c482211ad6ce002741f78bbee23808b3e
75464fc53939fa7e8163324266fed9f95561a6f0d1cd949f8e88c332fd9310da,423582040,980,222947f8b5ec7ff3da6c5f6c7295a2316133ee89ad914f338de9fe1ebc50c729
7558847fdcd99772672485eb82e5e16452ca174f959fdd698f320319759972b9,422448945,977,3f890590cb8ad4118cfc43f49d7cf6bdd1266397e88a2297bdadbaa9247d5a3c
755ca29b14af4039c6d795d3ffbff05fc154b4497f1ba2c71c4d33af3da23be8,426687562,987,9ebb561fd2e1390320f5fcd0a3af273122c8b7e4729e8d45dbf21b5597abc585
756ef9c18d3d6efe5f91db4f66ff6a068f64cf71c16f44d0f9a9337aadba240d,426467228,987,98308818bb71b40a3fe27421a902e4e8f083c29f2377d82683b5d90e6438d6a9
759374ad11ac98ca5447bd6287499e90b3828487fc93acf25f435cbe9364cc5b,420926758,974,6aec0bdd2573bdb67becbfb9c49b6ebf0a63be3b9204cad928d65aa4d9d1308a
7594885997fbecc582ac003c58e2b0a5f94a4ba7643aeaad8211829357d6c10a,421945529,976,2453728555958aaeaa29d54fc871461fe1635ffb42820d837fde7ca26792db85
75a4eb3497e631592d47e7b39c4d48a97dae8a5751ff4d8bbb1fd71c31f705cf,422737139,978,20c8efd6308bdb98ae9003cf7460f2b812d6baae7a874af2aef5c5bef4749373
75a95a619c6aa41282fd58f884c9825ee4d3d7e0fd2e08648b03373efec4f1f2,425318346,984,bb824cefd50f82c776954ccea6f57a42c63ebd00837c5f535237b2ddaa6dfc48
75bc21df4de15576a8dcfeba907cfc670c9fd02bbf6f7ff4ca0769ea84faac7e,426589031,987,a5f0acd0561d54803195c01382808dc15eebbed68ff5d0634822b2ad60b46c24
75bc4845ceb7ed269bff235ed853878007e039fbf011df43bec7cac83296d300,424549778,982,626fff5b098f16e5ba5713f5c153bc35ea20dcac8f3aa3188171ea32e83b4440
75efefca2d7669585e65dcfa33ce4c9ece70cd95c8cd9e0b57c0d60c34857269,423777854,980,c75d25070c5b2c978480917aabab814ac83cc8e1f0d1e3d752526e3ac650bd69
7603b67ce9da07a1a4ef944dfbac603ead074a5fea52399cdca23afeb1761a14,426781022,987,e4bc5ef4f2b2e6b4e6dc4c29755512a527c91c29bfe84691702a9ba6505aa0da
760a62126182c550928bc63787a237791de50339a69daac36ddbdd4dd10d34c6,422804201,978,dfeb99c80bacd492a71e36357443c56d79ae9ae577fcb87589f43679573ae003
760cebf8ffb7b8b1e0a8d1a30382baa431df1fb41d365825465eb69b7949e7a4,427468845,989,efd7c7063c065a1c7c6eef2fb6275e88d582b583f8622a89988e8d5bbdbb9811
761628639cccf3207eac0c72d1e92f5f2f61e5f9f01ed36ec8332b9e8a44d431,422923882,978,29a1e67ac1c5297ab76127f6a3e8c300171e1fe8d0db0fefa37a86df48062af3
766d513bb135c4f0ed4cca9bd559327dccc18b9f75514002fd0690184db26cd9,427321754,989,c3f39fb301430e6091731ac307fefb576f72df3eabcc1ee85bda83ceb35a8477
76847f6736c1ac646b7bf0ba620dc81703d821c3852da54c64f111435023ba49,426133915,986,c9125a0cc7fd473b2d314c77756a0fbb0c7d0c6f6084ac0b6c3c587a88c51040
768f7d2b913eee11e3b2d120853bd3bd11354634ec0fb6b0e34600843cd47093,427398433,989,4447730696826cd2c083232abed198d5bfdadfddfb67b55644f9c07d6b18d45a
769066a98cdcb76787fabaf9e9751d046eaed5fe833c5344e6f0efccd9f4ef7f,424621216,982,c145052d29ecba277061fdc7afc0f72c01fd748fa2300416e9f07d784738b381
7691ab23816980a3c8d80e9d455cbf902bf1e2d1903b318ce78474ae0f833dd7,427033681,988,3d2ed17488f7ff9e182bd284b09439fd6ab1a715f810d4507c95ff5134906123
76de485567a6c3a3fd9d1586c408fc29fdf2cd14fbecf4fc96fb3598fbcbaca7,424297872,982,692f265c1dd59703b473ebbd3563916a9e70cdb2aa37cf35ee22e90a4eb3a6a9
76f6dac55580066d10ba78c99c110ff539a939ded4836d3c38519ddc7206cea8,420928564,974,c69140be131fb58ad9da83fe24ee70b77cefc6bb95fa929323383088e282d0df
76f8c07f164aa22f611a0a6c7bddeddc4785bde1567d3ecbc1cdcf6acfd16958,425717343,985,e45d07814437b3191e816f7864c14c1d48614d1293d8d91865bcba7c958bc821
76f9f7320d8c2e7d065a2c26bcc4971a7da39dd73aa76931f05d112a069ea2e3,422779635,978,ef8acbbd77f56b5f664684a38c891963c83cf18be7f3c56fa4c45c1774d50bd2
76fcb13d5cf56e9a7e5596e08bb0ca9d2235a65145da5f92d0b3c13edc20fa95,420926011,974,fed24c3d535284eb7966205280146b0a59733a11d43ed7aca34148d8cf1aafcb
76fea8cf165ce0bcae088527493f23c735cd593f49e2165b4c19fe1834c98fdc,420931630,974,dd756c8bbe720d3fb43d4f56d8997cbaf2272599bb44a27ff73ca5255d002b1c
770e28d824b3e34d4bbdf58f237f8a6bfe6799775e5e2c181b08a1c76f5bae43,425670308,985,0c877d44a97c2e5a77e4596c326469239ea62a3ec032e7da93187aff56187607
771dbae69ec421401a376f45b07823ec34b41d6e6274b94643eafb8af0cb58ed,426561113,987,7f8b4baa997814f1d447c9fa2759789cd001f91ba2a936ebb37c9ef9e64cd435
773ddd4d2a529cad4805a7ba517166a720f35f1ca0e3a110d91e276b7d0e99a4,426973765,988,04393d28cd4c075340a4cfa7328fb4e868a081bacd26c939911ec15c61153469
775ec9e8124eb60a35e25a5eec81ab119fe26387ed65e5c826f4cf560147a231,423917645,981,330f102c851f8b3bd72e2f6828e3c366cff9273a9f424576b8982ab707dda94d
77620c703ccb44934d6977208202cd5768563c148f203dbf05985b367d922d7f,426262699,986,1faef2d8118722e068a91de5e86c179eb8e310b9f250edc59c4456cfb930dcb1
777148140a69867a3d97882a1755bd449c398f43ffb2abb5323e0f2c1a22ee0f,426837557,988,7c19cbcea2dc20aae03bfde78bbc924772182683fb587d0fa765b7c3b95735d2
777d76de1669b9f8f8dd6445abac906025d3b1980458cbfdfd573e42a170c043,426269049,986,444d68131de44acc0876b4952f3967ac40f36bce5fccaa0c642cc6c9f155c509
77938eb23ae702491c5bce23c3682dd68f9f9a59e38ef4e7b929048aab2197bd,420929305,974,78bc1cb0557aef4fb7fba85e52b6747fe7eed251903872a0a6907da9553e309d
77bc5c366eee794c655ff4758b9288c2e618445a21dff5fd99830b3b7dbca056,423230069,979,12bd9992a5fa359dd90f87aa3327648a1c02c83216d4b3fd0a24598698fc3fa8
77ccb7e7df55db388c78fdb66eb358c35a5e171bcdd44c9beba847a4bae54096,423415847,980,a0a9580562bee650975414c92930efdfff678405731d6c84f02cc1e1f2b3ab69
77d1d9a201482cd5e2d51e3be0fae0a6e0ebee27f05bceb7fd440032a255cfae,427015844,988,d4f75a1144df0d6ed20881773a3be5a930e20c74bd545faa6f691f45756ee758
77f36fd2bc2ec554074e79e4ce29ebe0c785ae1e5fc6eaffddaacb87405178d1,426535407,987,22ee42af129011372b20838873d2f7a2e738ec2e081e19fddfcc4caaea4996ee
78085c792005a703228b4a77d9a8f6637bcbfb806c93b60db957c30bb8e61cca,423324008,979,59fa08f0d586523d57b0ae818069a87695f452f5ca716961a0179b3430c01193
7812db27c4a2a5f3e7e4cc77ef306bc31f6285898af57f803855a280efcf7934,421237305,975,1e83b8295aa0bbfb7c9a0fd5ae0a9f50b4f3d3615ebfe6afa3c5f8fcf942901b
78486b331f1fa5baa2ff3b8daa80d330af671b75b11e77df73d92676ee3a36ca,426639959,987,548ccdac2d0e2befcbd3075a9f0f1659e1153d7e8eeed5b1bdae28faf9061d8b
785f114801ddea6cc57c651f65ab67110fe433dbf983468a7cd5daa8897d319d,426598066,987,0672ca8fea67874cd88fd6df44ba495af1c83a3e6017ed4bb7f134ec66249bf8
7865039fe68b0e184d31a7060f78c13e72d734828fe47e02832faf96ef0f7fbe,424505930,982,e5aea19ec8baf98175b8b88dccfc6f4099238ec065b1dea89b6f354ea05c6e90
787634456d2ab6d60d6d7be7bab4000486126834c5483abd0fef4b227bb5bb05,420997146,974,705098fea4eb7dd6c7226714d1c8a482f6c51350aba5eeaa30f26394054e8ccc
7879bd4eac4a47264885faed15e93bb83a9bda31b529bae33e2a8aac8e15740f,424026007,981,0ca6eeb75ff89b9801a8dfbe2df41bb3696e42c6813d36136026447b554d7300
787c5d529cb4e8fd5d02744feb32c198c0c9d857692ca7c337573ee9202f7f6b,427204129,988,c801b005bf8757efe0591c0a1a2b6ed9c664fe3b35399d5b731a5e7b97e9bfb6
7883df1e59b5367ed83ac6ae44e4276aace84991e129719c67b517d26ff1d2ee,424378366,982,86684873e472bed861e099d734cc0636efc7727666c8798e4e64903f4a576709
78a32bafec9cfec6dea0fdb29b899d544e46c3acd1b0fff16b645b8e4f1ceeaa,426317180,986,5b747d1fc9cccee8b09ffb0f76712ff59bc988e035e081b58c420c3d8fa20229
78adfa01d0b39694d68a5ed97e8eb3cdb2b5cb6f05c2ba909d984b53412bfba0,427187156,988,58973abb4b2da265c623e3bc3dd3d3553fbb3d741653045c87686c7cf5d5f5c8
78aedcc900069c27a00d0eb184a75158c1e71296fda98cfced0f09260ce95226,426696844,987,08db22d477c66eef595edef6443b80d1c424b56e8d87481664098e818a31c8b7
78b7c56448ef5503d6b57b180bfb8bf75d176320a634bb52cff657fceda7060f,425957569,986,adef50cdf5ca19bc175ac9c9d3855ec3766e3937c1ff860e585ae4047ebd598b
78f267ec80c94c7f6ff6f4ef55f601b3519dac78ca47e3b8f4a0e2577dca6010,425630881,985,4369fce84c7843dd2ff5040efb82e17668f0f4948aeb26c906526b190915a215
78f676417490ecb75a181bb186a52bcd42e39ff73bc48056e56eff2054a1e7ea,422525314,978,6e3610f81eb641a240e96e4c80779ab7ea0e19ede72674279c7958a06751fe29
78ff8c238b599b7f96ffaab9ec95861634c6e6604b757e433d761cc89410ea0c,425959146,986,0f6bb459587c53bd4a61b00cebf68490bf7cc74b90f052d50be6fc1daa3b79bb
7913a37ec589a08ab388e2a22f2b2f4a0c061d7dc283463460e6c3451ea669c2,428078611,990,da0bfac4493f0c71e20453bb7dd726e72fd5af970ca45ff734e6841ed3f447cd
79217934f350210d16c88af64f0e7f394e15ac0643e9cd29627c260688ff753a,426726839,987,6211a5c38e4df47cf6ea92b9c73407c9ce990200cf8b75907e4641ddbc25e41a
792d27ed318c8f124e7c08ce20a2d4d3fe43c44cb6df045d29835a63eefebcb2,420793341,974,a3889554ed7fe5432095f99930f035f3a5a712c46f132c8fd59262ee527460a3
7941f88d300ef49c10785e6c0ea78fe21bc6a9357c02a1b787616e3f74dffc13,422806113,978,1689bcf890ed22fc3f776ce7b312db738b299fbba4b4a37c0bdba7375a5c0175
794dadc9184c7f5c903e3d3ffa2e11786c3958c18044210e3dc615c70408b3ba,426637309,987,dfca7c4fb4de44888248c6e0360a9a6562cb95af575bb74eca4ba3cf09f8792f
7950b04f8ddf3bffc41af2a74f05522b1c3a214c087005bf66a19c1f115e07bf,424012795,981,97f0c4ed8de702df08337772d6a65e7fd331b700882908887ec49a1bfb895851
7955c4529082a02257e439ed300ad2628cd85a1128e959463c594b9105e7bdfb,425159544,984,a1a54fe0c852cf83872aeefa1d5d37ded7b745f8a7c923a74165d8a97f87de02
795c0462b01917d3b22c637da1d20eb01ecb439bd66a06dbd455a4311baa9e8e,422107722,977,333daed72ca17d9320457bdfdd4cf9eac937b2d625e4d9460ef3db909cbc9abd
7965bc718bc941e34284d1b025ab92c278316e39f7cb2384edb1560bb0810810,422962178,979,44efc89b6918fb1515f91daef46ac394a184792a41499aa3536a94680096a7ba
7984ab10e3b7e17d58d2a35541d309becc842e55af50565aea169a12af320c4a,426261566,986,bf643d350eec42cd18bd5556e4cf50767be3605768a05cf669e044404a19e089
7985d2ef277c642a8949af78cb0e3d4f4ed19b1b2e9fc0abdfbe69fcd36d23ae,424527266,982,56aaba12eb4fee08a8579c22932be0977766122349fbeb35cf82ffd8d6367a01
7991b61cbe557bc5239a1ce995bdbf0cba1492ded6b6be1d2e02d4fd1e43afa5,425321754,984,b73708da1841a240599a10e9f011568a2e4e404fcc4c65948506076b30e392c2
799a522ebd384564acb6ffae3491d588fa5f53ed85b3d7ae3dc31385480a1ffb,424075433,981,7cf07e77a82ea9aefb01f4e576fac45f62ee7104f7042c27081912a04a187136
79b85f024715fa7d69fdc5e8895055814c5bd99de30f94ebbc848689a870281e,423334644,979,f86b6e391bba17dcb213a82bb9c0941658168c81a1e0166dc20596e0fc8f529c
79c5fd9ad665660ef6c4877a991129ce5a00b304fec50e3abd8483a48259cff8,426282655,986,6d8d9b43995523d1a4fd7930cbcf54349a7e156eba9c4f6d65dbcecb6cc77c9a
79d96618ac8cb3ee43751511b622c12eb93c8aaa8d368d50173cafebecd94988,423763324,980,1506ff7dcf6c62bff1ec59dcd4d6ee69b6dee14638d589fad7a9f84a658ba8f6
79e9274ad2991ce3c15f51d368b40cfd1f9e49dc7b0d6ca82fe6e81522cfe517,423966606,981,71b94b248172fc3d667c6019b2df8556472464a41d07666039fcc4fa8010cf01
79f327a77887c8a6b8f3cc03b75bd3ffe945a85d4144dfb8afb4429ee589b401,426826920,988,16dd65bbd1046a5db17bbdebcd035d0dc3b4b273ac46b8bf699a343d79aac86a
79f6fd134c23fcc36fc6a6f71b51a1afa541ef6339124b004d5456310b21be01,426255554,986,a7c37bdaa559ec5280782367c8af3dd4fefa733fd38be06da575e45da0ef7d18
79f82a4c049688f80a2975c7e8bf2082e9870c5e1b5c565f5a0793cbba7026ac,425766094,985,706f4e94cf4e3f7dd5074e5ed8e5f3df508eeed73ce844456a27252d9c7ad109
7a177a41e29bf5d76a1859650fdeafdcd1ab7b5128b8efe57fc41de8e1758318,423746768,980,86ebd9698f403e866dd27ff05a2d472401f6a9e7e4b2956e5d1c59ba6b92f6e6
7a1a5912e12e3d637c7f8be84d0724ad6efe7bdcb843c049669d13f36b7b88f4,422401522,977,1c7115748a364159415fe6bf548a29f986bbaba08c542545d6e4cb98fcde7dd2
7a1f4099770cde4173a5a8315388a43542935ed1964aa1850cb5c45c206a78b3,426016006,986,5412fead55549df88046213a0a487d33d1ca4acd1353f8c588d55fadbcc92f62
7a2a5d5e4debce3e21c02e1c663150d3507fd61b952e3743791057c306b29a2a,426618940,987,46c86968869f070fe2183eecfa8348426871b28e82e144210be03a89a75579e5
7a332ff81283e99c5861d0e0a6dd5da4632f624d0204a937988073e272fe98f1,424739511,983,8bf086aff2863e22779b2a4044b29f37eb9761c7c38055d401b50d7161bab484
7a772dcff1492eb07e8e28b31a0ddb626263df34569a8ee201ca6de74f9d306d,425593137,985,ce9c0df0ed987d3b8fc711b2e9d92cab559a729f4278199430f1f2cd095a47fc
7a85542dbe28d674e53118ce0c16d776ee3c3b2a7ecbce67941a0ec598ac577f,420931838,974,3b27d621748e1220355a20c9f34c3e99a9742a009a3d2fdee9ed724b04eebf89
7aa9770fe2dfccb3de48f51d2f5433d1cf527aa09fb60fb6c4fbf2fd154f71b4,424475598,982,164f91634ae7451700b47202b989cd6d4e8f08bd9e2c602f41a1d6d463c73a70
7aa9dbbd7f7d1abf7c3cee822f9a57cf68da86489e19a333370db8e383e8aa1f,422788006,978,667a152c4fffafa828b3137ae75638a0ab32f8907b3878696bf0b230e4fc142e
7aab8b1a95912f1f639930c14172b3c97301393ecb78fd4d8f69bf68ee5d9288,424305936,982,5e3f991ff92b0ec4f6a179d154f8eba10aaf80a615e9017aea781cbf61fa9422
7ab8e3471aab6519d6befd6d3c23d442c0eac0ac75f718f24a6bf0ffe0f5b791,425512555,984,e2e4fa6fdb4d46d7f8ce7b806c4b4b02c122f935950df3a1793d7ace43a33a73
7ab9456b711d15560ff4d498a0b51b166fe63f9b6e410ab213c8e634cd546507,423783371,980,faa1f860cced34c24333ca62c527133fb046594c3bb59e22b424806cabe28576
7abc645f54c92ef400537075c04df63ca09558e5e9667b5cda95a8267ffa3c07,427607368,989,257ad8922adc0bc32b4947c3073f8feb8f6998325f134af1161f26192a3a026a
7adb7915ad37c4b4540f2756055bc41e8005809706dc5028170ad30ced93049d,420933018,974,142080a0d086232d305b15a78d9d5f07bf7c589f78a189e7e18135fc598aa3e4
7adc686ed3232b58b7631fed26ec48383339f724a8a29ee6b3e2e33415cc66e8,422128924,977,a5022950c81eaf3a99bb64674044ffd20ca6d5bec7ac6d8d1f4ac65479622581
7ae9bd935bb105d49f50cd30f6cbdce7ad3a80ab83d4b06953f0e6c8f841aec2,425172854,984,136b800897a68d092be352dd9ec7dccbf99ead473d3da48d29f0db495bf27e55
7af414fd0b019b4ac0de39014f88000e80a25ed187177e40fb87081afd3a08d9,423566633,980,1ef42cad75e62c6a9bcad8da72786d375c95725468ce403115469661701c549d
7af6a8e8ff1cec9173ac962968cf8167f87bd45ac346c01b474857732725003b,421940897,976,f5927659f2283b137d6478d1733718e6551a2791072574e2fa9b2c3156001a39
7b372ecc2b171f598032961e96ce281ecf3268a01983f071c304865f2a3071bc,424087788,981,9886d762bc4258d1b51dd143d42a0b6c01a895c8f5cd1283bdb679a5758b4b21
7b39cd7f7dc77b84c888606f2c1edd2460f9a647e3e34de19a8675b17c18daf1,425981331,986,7e0b22689629046a08fe8c7adc4371ace62ada964b5cd6b286ce25a50c124300
7b5b695d0fbfb7f613561048c075648ca1de6cf2773ffcb5acc2993124301483,422791852,978,665424f86e690f32900d35f387bd4dfc7bdff941d3cb00898d5ef2cf89c8bd2a
7b61c506ae9914954d812e3ca59f1de435d4a7beed72fa848f8bf09e4d6de7b8,423635354,980,a119aaa34073b2097ff5f6aa3689620364e51f504d6172d7457e444a1aa67a0e
7b684c6770d5a76751e5592de071ed81900112c240ba5c81ea7534b575a1c52b,424472370,982,85eb2679752288a90887e74e8a854f24dc3371264ed6bbfdc33fefff09a55d0c
7b89c6b235cee838b82040430033dfe7368548931ca9bc97b570c4d23458fdce,424324036,982,5eae841d467ebb95f18885c28ad45e0973631860ffc0613300660b3ac713d163
7ba09a4d2bae41b22a8d5002f4a4af877fbed7713e272ab61ef4570560afa525,423702833,980,f6e1b0645fbe2b2986b4d4bbba35f08424b5e41d978c375b66463f7f2a7cbf9a
7bc1503587e15cce382dad3df6e62a1fc8d9e8b9ffbda8baf30dd1dc6c58c13a,425838206,985,be3198073288a85ef81768733b53e86c37e14d786f5fb46e6b4a62c779add1b5
7bc43bb2ca32ce38b354f432baaf4354541bc559b6d51db021c7f6fe936505d5,423885802,981,5980d72b1e74c6ecef42ca1cb50a86d206d8fb17cb7b9f48766d35bf1a943e88
7bd09c08ae3319deba13c4d6c291fa65143f9b7da23f36a9d09b1996022a28de,421237384,975,f9246ea8e8d8f4e70e3d4c2333fe3beae497f8b725286a187b8685ca366f3420
7bd27584b535d5c7b8006e8cad9968994e419038d7289d8f4c21560f53422604,426012884,986,df2b4d1245689c523806b79f4f9972b62091effc6581b93bc8ec46b03d6d1df1
7bdb6514c4d105e06b63cc0df8148064605e23a4c9e784582a62a32523a81ba3,426777188,987,70e60dfe1323102175502e4488b35dd310b4f7e1f90d440ba6e127b8adda1b11
7bdcfd09097c2bba4b74ca976b55bbbd29e255416ae267dc8b2ac24334154f3a,425489332,984,3a80da186e631da71907f0517382d9f4ceec39b162d43e8e82de5cef2c917381
7bde83aa20204457e0f7d6d9eb595dfc7ea104a77bc9fde9c4f41f5f72a35909,426189362,986,821b36c67a0eb869d8188fb03f0f5b96020d99e4991ee9e83ebb4bb08c39b1db
7bf1749845e856afea3592b6e45981fb04ffa086169224b6e85b2c76c40ec207,426898081,988,3c8717c15a14036d66f1fdfcf4664255a0016a2aa8322ad95acdf2623921a454
7bf586a534a3a6156b6c050fd651571fd71f7685030f5d42f9b9110550322c27,423876779,981,f71de0b315057da401f083ebad3e99e722a5aa435302624c38e94fd2113d38a7
7bf900c8019b441973fd2cf2de04cce78177dddee876115ae6c0ec2114d8b851,423701716,980,cbc905090fbf137de0f614d4cfa24e4628b63b48b9cf6d658d1ec84beb1404b7
7c3bf3be899fa0b82eb70e0b139ec03e126bf99c0df4dac15187dd95dd8b018f,420896823,974,35abfdf37e787c2669e6b93bae6a4020088e9260db05d02a9c4394bcea3670c4
7c4e91028eeb4fe4523fe062516d9fd0da4eb37884853cf0d1c15868569df80b,424170333,981,d75a17fd29f0d7eadfcbadaed2152ef725fd2d57dc73f5d73d27cf8d434bf4c5
7c5ef33e387e258f00388f2a0063194b8ae94943099f8d3e9b9ac56fd79c9e10,426809059,987,fee5fb2d4b80fd3803517ae7a079faafcb09cf4fb4857bc460eeaaec92cfd90e
7c622b32f917111fd5db3dd02b7e694d312b6037704aa7941df87ba65e99ba16,424307137,982,9eb34d334ab031f3b488199a551c7957922625c08309d061a7e0d1954fba1e2a
7c72aa6ad0623e1674b914f708a7923b660a2d2c81fa462671825d2474309f17,423113129,979,245d9b710f2f62ee452b213042d81e38c7473494cbd81ecae09f309037405126
7c78f7c476b63cee676f880ca079b407f19bf8b0d55057796a62a21b259fe737,425948955,985,aaa0da4583d8582f765b47e89d0821834f078c8cf9fc2bb4fa5a4811abdff6ca
7c8342f2c3ab635a975477241a5e26a8797eeaf54ce76d554418ec090167b924,423783548,980,80387bb4db0792d6c7793b58cfedab134fd5845891c7a0135c8c923cb62d9a71
7c84d6e6096dd24758808a6ea185eac75c98ac62eae6d03817cc8f009955553e,423804196,981,bff09bdc2d95b1e3829d8b6d90fba5bfa71ff4c20db4b6b85ee449d9c616332e
7c968e3b3bf7b504c274bdc6c3c80dadab94c566a23249192f9a188fd1873c53,423866747,981,d297da3288c476c2912be10ee9763b240b7592a2b5f41b80bfc15029768561fe
7cdc142ae95d98fd2315463ef1efff7ea7beeda4490c1e0ec8092fcc6caddb6a,423698183,980,dae8c1972d88db964726a87cc423360072572ede8b2419a35a0c6a6f1c54ed51
7d093cb4f251724b0873b1aa754e101d44a72a99a516f79cffb9b2b82a203b51,428070564,990,f7370bbc0aeebf56c9181c7ca26352208ce1d5763a7eca37c60ab22bee66aa04
7d0b7658ff6b2fecad3992ad641bad9d0d25003f66f179d9d968e26624f1d6ff,420933813,974,9c46738a4ffa28c9ae7bbd9ac8e339f9fbea5fd4a69b997593a4660f0681d8cc
7d0d08547ff949b818d7c52e2c6a9646119ad5d98531bd6fb7109359b95413d6,425300383,984,8412df32c63402c0ba2d3e63988309818f78dd3831f66d851f371bc79b90a4ec
7d3137c110b1b3058f34bd5f28c7a85208cfe2abf738b269aacb06b2237af8d0,426550448,987,849db0058ff6b5bfc03c65b24e6854f0329de12b208a5fd34ce9c5264a8f7743
7d31798ed3c8a3acfae1d09203696ff5c1c4b8b386c837fb0c031b7f32636728,424337171,982,42b4c9cb57818a7c8abd0285c551c4525546fbca302006202d515e2f7319e7fc
7d38836e7896fb05f1a0e2862e08f62e43243ff56574298de7b8539f8d4f5e10,423816844,981,51262a25bc078da92efffd1c48d499d013f4c47c1068cfe456f19ac543af7fbc
7d685d3535a058ec7146c983f73bd45396098feccfa23f507806b9951924dc37,422446851,977,bb5f0ad7051d05ac021726b8585c6c9aa7ad0c428c8e35217b7cc5e22b23ffba
7d7fd5363de4bd3020c518ce9810f06d52e4bd390410bc53a2c3b8aa7c67cdda,425946337,985,cb35ec7eb43711ef7d01dbe9da35a743ff071228b20b1de51ec3d23b3f758758
7d894d6552baa7ac9bdadfcfc255373e7377ad63200e665f275abaedbbc2f903,423325100,979,2ca17fa4f751f627f810d8ae298ae2c297ae3e3e128c036d3a67c2a06917a449
7d9a7261d7d37c0ae278577a2f1efe6d1e752077f290730b5744113d959e0237,427346540,989,22d31c8f3ddd9ea28894696a13467865e68ee819d8368c98be9b7cf173935499
7dc9b3cd423b64ac51be6719a57fc227540a9838bfd1600ef8588418a78afdaf,427958342,990,5c1633ac4678274aabff80e18c52939bdc719b9df50c5289b01b2ada77180b97
7dfc2f5fc30b070a56a17fa54207ce08132e5fd69909151b0751323dfbb05fd6,426970913,988,06e88921027430fefa37d7cca4612420011226f75f0bf6b9e17a177b820a6f77
7e0b1fc752b25aec9a3041ef49d5111710264b2d301e777983c588ef58cddaf1,423506938,980,a148ebe6f52c69eb72dda97da825ce186359b2d3244605518f896ba85acaec64
7e158f80bdafe05c63977ad01ecc100a57c3e3257d3f5f92dbca1628496f7825,423273826,979,0af324c0c094e36f50eea4a2a67583e0b426f484e683268fa21cb7854f202825
7e18846074814d32b6a3ceb76a92a49ea174bbdf1f3ea7706e859020e96ea50f,425922738,985,c867256b55e3de1150f0447b4f94b87cd14bab62786bbe8bb4c6d9f663f8d174
7e237717d27967c1bec80abc961e63adf787bd62db246f81c93dbaccf25df546,425851376,985,95269bce30944c9873db96c9c3bab103f85aa86dd17f214fff4e42763b4fa518
7e24769b07e24a9c5735f062e9f14553738dcd9ee8ecb14a9996104e13cdc5ef,425565835,985,3675d54400032d0ea2919d35ea963b4b3990e69f40e420d235493023eb666d68
7e65f0b0889a74c44f6259e9b0d362a61c65ee17d26008d9c813bce42a2cbb20,425889604,985,5c0c5aed556f70820e838ff13016867254864aa481fb2adf87ea623846f4c42c
7e6819445e7535a334064bbcce15d42566db8e58c8e80efb6fa7b89d39e6e820,426200664,986,db8d626848bfb01a262627fdc768bbe9f019fd66a6df66bb608719bb93b13b0e
7e701e38904204e98f2c4c245b3f42dc5ebc6cd335c15059e8d9828f55cd6d71,422386483,977,308dc22e96e9711e7000d5c1a005360bff0ea7ed4eb39846625ba8fb92e2b25f
7e80f10da02e006298928de1f1445a023921a6f60dca3b4cf2ebbddb5efd5a47,423941134,981,35c09c674ef92160446a440666cbe0e9acb63a01b882b015aacbe97cc48b4e35
7e86e4686d1bf3502d97891a78b00b9b70ebe9809557e8b5d3c40eb5dfafeb25,423657154,980,676e3bd366ebf99f75bb22bf53648f48e823223a6d3f57c39a2b2e0fa570e8d0
7e892f7e1b2c4f729f422c9ed0e4df9253f101d54a5ecd8ad7fb523fc715f365,425526430,985,beb0e2790004ed05cf5949fb11da72435560bad7f6172ce04443a8ea3481aa5a
7ea7e4dab2f50abb87030270fb727b432da62206a14b725e71465f92a3f0caf9,427481722,989,c77a3e3345c975d3aa13c22ce304dbd5df9d9af121131811ce90ae215403df52
7ea9905402da34e0e2c1379c8af9447b8f8042fb35b5a2e1f9204d7b6f6890c8,426670085,987,1b7c081da46ee94fa78e7c8986b740bbdad97eedc79b449cfd3a6fdddbc5d276
7eb1a15794d9b94c9bf2f38da84218819c6f944334a09d52fda376d2e1a083c8,427479519,989,6ba08563047b9976376436ef6785debb9f527d8c0cb0cbb98dc6b2eadcf58e02
7eb7cb0268910548a1dd57900833b5a5f29941d12ed96b7fe5808cee17841c0b,424900026,983,105787aedbcdbbd85f911f2afec4897d301542fddfdf378f15e52faf0822dcfe
7eba54fabfa7f8c63e1ac145f33d914e54309ca764a57445e1958a78ba5a0e08,420790353,974,83d0e44a3dc83c19da3072bc9fdb990f43b99d843a28367f4b73ff30f3e0a8c2
7ed3ec61a9d7ba2d80a4945227b543066d7d8a3a47d3413a7de227c25204d8fa,426117287,986,0c30e1b94f5e0f6cf87263224abf45b7c8aa556e491fc028203143ddb9761c62
7ee654cd9bfd1f08d4c789aa3b119b58ccf592c2d66101acd51358abfbca3617,423803946,981,2c98d4614ec09ab0acab43fa4c028a50cf0092f34e23a29cb2d85a9ee5c34897
7ee90d55cd8bdedda39864fe2ed7995cd726eae48e54cad0080dc44d0bbb4e9e,427481446,989,9293691140b9542ac303c899f83fd5713eb2798dcbe6a2a745e7840104d7d877
7f0a20eb3081de3115ea3a3056faa91e0ebbcb0b95949d3616b833b797f72f0e,423209194,979,d85576ce2135cc1aec0d94a134d5814e76c7b8d7038aa3c7573b85ae4448b6e8
7f0e3325d432fc03f4e3b071cb741bb198bdbcf74c265b2ed20a29761c1245b4,423785635,980,1b9e7c18b7527fcbe2cb56e5e7cfd949e7535323d65825d3cd57ae224f82b087
7f14015cc26ad6cc3cf2dd34b30859aa11991588ec9fd3c3964b005334cd77d4,421532490,975,53bb6459fe263b3ec3da4088c4ac1482d25610e42a5daa286330967428d2616d
7f1af654018b002531cc38dbec00f7f5d9fc69c902d2d75ed5aca47250bde787,425213874,984,d8a0ce122e044fe42924f250f713f8d468e1404df322a741e3219d914f98c42d
7f2027d2f9fe2dfb2568c5daaa5c5ad9bb6df5b5f2449e78111f4cdff6f03f78,426263011,986,2d77df0ebf42f3344799a4b35fc5b67ffea204eb7bd2c92e0d09d7dc7936da68
7f2da5a87cb0cbe3266b1e51139e5b0ef461575457dc63f47f44f08939d0dd6e,420926659,974,cf909642864bca0653e4871dd7c40841e14f19647de23110cd7d4159f93c97b8
7f2f98bf63dcac7e54b68e087adc3835a46f06ce7c6a17331a044badcefc9759,423917145,981,85cd19e44f862bb368d7fe8c2eb502a51b281b6799be61f813db066668b90e61
7f3143b90847e283c3524d9326c0237be0d9113f357b947a75400364b80b8471,424846457,983,2b67009170694a879cacdb929aaab6a0b5c4d87b2703b010351052e9a76cde10
7f55c6d33903ecd844353824b7588b37151ea63cb908ad557a560fc52bb69068,426197964,986,14a7b4685829bc143b375c95a8c0ba9d58136505bbc34785c79cd6d0858ae5c8
7f59eede05588faaa4c8b20b4d5e57a55badbf4d9b7a25279a51ae4e4fef6cd1,425440371,984,85c3781b83241c341f05b040290f71e38f1e2b3061a19b71d3febac5d01aeafd
7f6453d523fa9bab65754696337ce97f0b212f9147cf2ef1420e110140458450,425527636,985,08c20b1c1715a2def18df902e5437d877806d2671dd97fa957f0b6148d8d224b
7f78fcc336629573126fe914c9761e41f5e716bcef7e411de327f2e451c67898,427133534,988,a38806be1d47b6011480089da9d218b3d98dab68976cdf503208303cab9a3ac8
7f793bbe18a2fb3bec1c7ec161d2a96c8e484e5912e2434c2e72e21cacf99ed0,424320056,982,25b5eff2b15fbece9c9bb210e9c830bc7cee636db61c984f3c1f8de240612db1
7f93de04f28d2f7da87fb068e3a32e4798702d45bb5227936bd329b1d4939c7b,426568411,987,4d76996bb0e485a7f61aa76fc638542a7f1ea49ada239df6e1e4c2e4469ec03b
7f99fab0bcba42ff66d2bf2721ab7c05ca62cfd804b6e3e2d5275b43d3bad46f,426551413,987,26ad07d9f33a628bb8fb55d615affea6a49efcb8ea137a957819fc64ce69177d
7fb190cfd73828c9f329655e51106e91c65922947d5cb42ab14d48e0fb2e2a0a,423588617,980,1bb1c3b826543de9b6e57f37fc3f9bd72dd8be4f98e8e6d5e6d46ada8dfa70f8
7fc20fb7561e1b4394b53105d5fc30f27835d3d6c011471a5b468733996ae147,426835457,988,7f297298a281a993f70af2bf5fd79038097f25f303e94f510953ea99ad11fb1b
7fc5f1dac1a41a8993df21d9c59437348622e04114f40e53ea2347cd9070b1d7,426605095,987,230f09e2271b80f5d4963ae455460b0f7df3c30fe24437e6266a221f5804577e
7fd50e00253a7007e8f8c80eaee409d4738619a098a9edaaf5ea1bfd26564414,425744948,985,f3119efb7358d3739747929ee26f9d88804f7074b526490fe85cfe99fdb22c29
7fd95bfb8b45e17e56195c621d22b9ab7842158da8e717996529fde5b982c63e,420932051,974,9b9833ae15ffca69756bfc5ac86cf31a1bc21da34b268cb0c4ffc379146a0a49
7feeaa5debc5e42adc31be8e82a0b6896d0a0aa5b5a39a2c0a78c7279d8a6dde,424833840,983,564b2034137fd9998fe43c95b63c3c6941c012429c37f365da14860f2f86b46f
7ff1bce2eb1babf64224b3bdb4f5db8ae2f1caa80fe0cfacff8b7acb0f67c47c,424106819,981,55ebad3e24dfb99077282e8f976107d76c7f637caf8f0801563986ab2bc2de59
7ff4f23b478a2b2f9b003a62051aa00e74b497da4a1e0164c4f6da37d3c8f3d3,423727121,980,2534a0c96230111b75ede7ca9d852afb1458430c781e4da1dee5751add15d0bb
7ffe28ac30ba099178d73834416a58a9cda987eef0402b7a9962eb0b276c1a45,421694266,976,665fdcfac659e06d1843fc15e3f214ad9b4be7d99cad90748291a817dfc6fac8
800e58fe0ecbf20a87e959a0f79423c02a5138412ccb4ef4ce0144bf6a3edadc,424230524,982,31d20e436f059b9d9e208b443eb3c07284745087d6aea683c102095e38893ee5
803a64160d758d5b831cc8d349e66e8a37dfd25d4079b6462670be61d1aeffd8,422380696,977,284097afecdccd265a4362fd37b39633894c586cae92be6632fc09fd102cfe0f
804cec828aaac204a61d4c6b9ff859dd7cb650067a1a0eb32990156460bd4cb9,428076370,990,4fd3fd88854cb47a8cf5f0b1f0ebf4ffe1244f3021c57072c3abb72a84bc2af8
805fde0b7031f4a502c59f0b55519dcc132f0011bccfa347bcb33ca7d76e2e62,424338680,982,25d43f2bbe90d6738877c43b2e6ecb5ae6ff18e0897b10bb1aee7c14549c965d
806461d2b53c09b38715d5c7cf760748f4c84ca8e764d8f4b99516d2efb8360b,425960119,986,f2c516df13f9b042a6b67a94c16e8251ca318c2ed49a577ff07af0db8a0bc1ef
8065892cd3966051551fbdd983b57762a9b7da2b963e0325cfc3a33ec5f75265,424206919,981,4d8687d01a267e79e6789cbb8ae0c5055a45963cd5097a88d7e28e007644e862
807866f8a53f23ef712440c93fce00490e58d2d0d48a031ef7854f8790c2781d,424344960,982,d051e44b0aca4641e292f5b22c9e319060461df9616df35bca0ee17fff9c9c59
80811a9ed6412a21c3ba981a36d0aa3d6001582186b4ea75c71a5ea67ff22a8a,423949716,981,17967e38c088273497d01f0b2321af5e7e77ab2835b9545c1ce8e84fcb011733
80ac085bbb37fbd2d138eb0d8dd1e5b222c7f317c600bc63efd58e7e60944f2a,427090324,988,eaa1d5bfcb2b71c390dfb3b997decbf96060ca7ed03f8c710af3efa6db2a4db4
80b40315f4a3b1de4b80684a309ea33dcf3ac67382f81afe3539abee275d658a,422793322,978,b76f7ac7602ec856ece6aadedd5a4e775dd06d18bfe727d54d5cdb5a754ab8ee
80c35332f242dcd39811a299777e0ffb07beeff4478d57b796a92497510e0854,426485344,987,d749c90530a4c7cdca80cc86347f72b590a9d94f462ffceabd021fec48c977c6
80c9fa22c41d35f803fc5df32c98eee1aa63ac3d9e1ce74dadd7592ce7b983f5,425776800,985,f1aa5a75eaf93fb28d3f73aff007fda951f53d8f98eddb89d59f5012d318c40c
80e82d051f7f5a62c28ffdeaf9239c9e0e628072a285ee19583faa2ae71a4e87,427282194,989,b0fd7652cd4ffd87b27981226c1397eea4bd0e76b8df40744dd5486a1b13d536
80f3066435705166b730a2840021e2a5c09133a80b27cc78b443dc7ff1424d8f,425590722,985,826d80267743b2455db9b81449bc379293ce4c857e03c805f3a2d5fb9b7b116b
80f40c10fabd916066ae0824c16773df0ec85c20cda2b5a8aadb9ce61a2766b4,422803468,978,55c372a3dd0603a3b8e96edf9e5932da9d82d10180233c9988c0618819efc68b
80ff5c4a0c291ca099f62d00a4523e4ec323fa661e022756c4b455f4e0d84eb1,420933670,974,9fb4f4e608ca28e1207d1cb6bfca45aaf1c199b82cae760a369116d82f5b8403
811fce909a58fd4503bdd01b1e9c9fefdcdb80883bf69ab50deed78016b70c24,425928308,985,e4647ac056633f45e59b2bea0057cce3ba93cc81805712e8405c8318641e6542
812edfdc9987378f8571358e0d3e79d1ce3821f33e07eb81ae74419ca6a7d8ee,426173896,986,3b294a024fc78b2ff1bc137024128969d592dc24b2383d76887a0c3a9ad9b5d4
81319b663eb90350a12fd2ed8321d315657cf741da1b9854c4830b87220fbc61,427404242,989,0d98cc91b66d3be08b74dc58db11990d0addb1f042f0f893ef0e329c0e1472e6
813902a2f16cee7c7911d53398bf91226c1a07b141cc72b206ac6ec538485e50,423729619,980,61e0602ecf95ecd8f8a8f8f59256a46357379718a3a3645edea383f911adcbaf
814c4055edff5c192d0b6a518c630e63614ac658e9b8ed9e0bd459ec9fa690c3,426122592,986,01603b1ebce1cc0ae420873e1be34e619453322a2c4ab29e1974e553ef97df30
814ed52615c18957af28760da6dfa558dc5fc81d3a26084b9281012b9bec6839,425990808,986,315b210367aa25797f3a03f8dc05d4de5ce08b441f43f4dee86c9a0c2f5b7c28
8151939bb423e2bdffad73cf1231f9940bf3be70c4837d8bb8e4ea0b9c5c0b54,421817429,976,3830e2d76b14618b89ab76b67f7b2f7d6f271484d2a64fec26a75da88c9c85c2
81650c476916569ca6e80aafa814b78d8e62bb8ff4119bcf1bff77dc463487d5,427557865,989,838286174521e46427d573d37c9c2b2cb24b53e6f894ead846c14019fad4fac4
817be2aedd093b6eee6813b38e0b6399c6103f7f26969989b2ad242e560f11bb,427332801,989,7ba673fabafd4eb594432ae86ffe192e6f3ad3ea78db3b8a4c75442910f69f98
818115c8feee90b97bc49d5f24708f161998b54e9c1113bcbacfe671df22ef2d,427173361,988,5b591536eb190bffd847b961f7c7aed1d184e25a610a440e51154cdb98049da2
818e647a5fdee1323d6de9d41e528f0c3d99587b18eaa2185701602d436719f0,422579936,978,158b2e3c71b844793131a82f663d194c2f2e1cae23e77bacd1e243dc2fcdd905
819dd828125c3257c9533c1d57ccca48f317dbde13ff34aa2a5db9fd42e973f8,426693055,987,081bb52b5084efcd52519157315ee6e2413aa2a12bff15cbfed083f74fab4f97
81a6741708d651c843ac4743e2e5f352f28dd71efeb920ebe5a8cad763c0c123,427337027,989,833326d99a7d9c278a9d3b1ef92e946a779d239b7e36d49254c6bbe3239d7d72
81b05edc76750ec34f47454bc24d226bf391e6b3135035cf518804171ca5f895,421810272,976,e948c9507810b6d8b4eb8c820e546bf091e61e7128cc5617a90d41ff252adb87
81b440d1ee1220aabb011d51c280d598d81ee07338b78c524f548ee80945fb9d,426817683,988,ac2f0b021392f80499e06ab48ca44f31c4ba9c244d318b55633e98a6960c8349
81c3a6c1ec26d859407bce73f0efb7aa191f2fe390ac0ce5a68cf1c7c4bf7ab8,427718159,990,d37196f56e4c07c5459ff998f28f37bc52a108544e79a3b4efb690dec09c0eb5
81c7b3237cc58e392a6b3c1a6f0d07ded4a4b01cd8209c93656fab95db2d7767,425606625,985,99462a7302b312ffb4a215bc0544ee026a472ca8d1373bf660b337cac324f6c9
81cc38d4edc85dae8ead3465ee617ff64c504c75e913b9c2c34abae58d6d7cf9,427340551,989,e4de7ec3f970edd385f00c025f515d03c498dab73d26bdfe94592f4b3f3e4a67
81eace55d2d014626f871ea2ea83f1aa83b6c8401bfa9838006481450b946724,426839669,988,42e6d6e03505383d816de0b7dc87bcb2f8dee6c6d659669d5fb2e79481719bb3
81ef9e59c43527861a123366cb41cefa61ced0cd6e149b88707cc25acc6b4dfd,427567590,989,007e306f3c73b54bde64c3a21c7b5d9449da015fcfa07f31c88c9a7f80de0e12
8202822b145c02749a21682eeecc0f0411e64c7e927c37ac9ac57f595a2a0a78,422078095,977,0ce7711ece37184639ded41277a5bba890155db3a27bdad868142518d0ea51e2
82147de300b9ab9fc2a8987501f1bab8f9782033c109101b6c7ae71e808a8a7f,423086984,979,1562c21e39a99b46df47775bbbd3c9b91ab5ce27c463f0dc9fb34ca36f144cbf
8228f5c45ff970c05f5dd51e13dc340590c691b1c5dd7e81ad95fa4a7c718c48,423252723,979,5c3e175bff6982592e1220573a53126ad3ecd36742f07649b5b77e3224b014bf
822dadaccc8d53b0deed9069391ddaad48eb0c2e4a3fa1f9fcf68a870f980f84,424464039,982,3252119b3541c4194697f9de54561175d2f2092dfcc23c97be60112a339d94db
8240e5c63380a680944f06b3c9ba6da8845c0a198997ed0058e9e3aa778c328c,422557512,978,bf3ecd1f1b56f4da2124d8028ed381c04a57abd149c4e06114b63b3b61fa57ef
82480b07730b52d4f58b21587508b5001ed4fafca6181012f751d12ae1a2a4fb,426782295,987,44b8003c8b659b5df59b5e53c70eed4cc4dd23b59344afe53da04e97ab88b77f
82610e8efb26255f36b838c00e438548715abe29405255128354f1d83ce219b3,423733039,980,4261992b239d1000a1897c28eaf22a6b73d618aea10eea216570a59f37102991
82836dc05dea9ae048006fc1c4c548bdf9e11582fa6cf5b28e481850eadd836d,427530411,989,9bb761bc946e7b9494c079e0768fdde5bda7e654bf9d420e105d686a3f23d859
82845e7d5007138c0a81f51d851fdeb5068e0a4a623c8093cdb0cc675ee3c69f,422798527,978,8366aec7a665124893f232c27f329fd11e149f33928c52deedc915269e8bd23e
8293f713b5c2df6cfc833de294fe84ed4b5f961600643a7209728e364b5b3cf9,427980294,990,ccac821e38da35e54a853a7586ed6bbd053eb9af9a917d1476a8dc19449703c7
82b4b1a876bb43a11e14102dbb8a6bf9caa13e9d0b965e1d8f569cb52d8c4720,426818832,988,1d8814d74120e0ba99452ca432f9c6988b0f3421c9eb8d391f3241aa552c86e4
82b676eac2cdd016eab09acda7fc58c1eb35e1af2c56fe80d6b2aba525a425f5,426144518,986,9d0e414bd853fd1a19e8de135fc4b2f9405ae13627ea1f3b3ceff5dd7079d624
82d92c06a6cbeb4b42dc8adbf671b27157063cd1ec8fcf56b2d70bddfed7d8ab,427071112,988,4d89f3c5e75756ee50331a7501c2852236d6d2d74416c3c60bf9cf36272aacfa
82eaab783d2c730e7da7c56a55b7feea4596b95e10731e0c49bd2c1fce7c770d,424510278,982,ef7c6d78ebdece4b1358d9ceefed9028c52d87f56e771b9cab44dc138e30e16f
82ebb8e6dd7c1b8d45d75533e7f53584114969d92bda6b7f27f0b5096e359baf,421238167,975,f646fbdc7dbe32b1ef27585ec39696483ac68c5621982ccf8b5639073cebaf9f
82fc3dd994b543927eb98809170a44aa12afe0a71f9081dc5768ce8372479e17,423277303,979,e651a9b63ca45894a57a007f4f234e1eb898d2b1c22cf0552b91a20e0cdd946f
82ff557f93c28b2dc79211f88c40d91b8cea0a56a1ed366237bc3347914d1d06,427002434,988,6424448a2ca7989c15b1ed3c2a1e7700f74973fcc0d3668ffdd1b4828ff45a4e
83211d3c58f479ecd7ad701f3856ec727749e13f79961fe891bf7fc31b4456ac,420919007,974,302bb9d37498f89f0bef3d46d82e21ac9273b890e8f1114da0d69fd39ae6ce69
8327c74582069136e05d8b6f56fe4bc4d8f468d0bc76f75b29adf5d22367d7ab,423624330,980,3d3b0af1a6242607721928b4fd2fbe8c44b78c79ae83191a563a08d386517070
833eb33ae183508171169b53473464a6ab4f61afe45789b4ea3892366efec28a,423954088,981,993fb0a7e5da9f1ddab311691347e57c158d6a3bd732d5ecdc58823473def54e
834b5c11c007e9e2038a4b5d55c33aedf07904d5f3c23f12fbd45ea80dcc02b5,426475269,987,ead77ff3d40949201567f1387d29125d2fb528bf2ba00a41e5ce2f092ff35fe0
8352950fb1a56c40fad5af933b10921770cbdb26c1f8509eac779bf03d157705,426614807,987,1166a4de89987e02a3fb302403c7a9f3a53fa41930495c07c470c5ce5876e902
8358b48fa37a33efd8381ac11e3de104330e82fcf4c4c754c7a73cc6c55b11f6,425750767,985,767a25219de4f5195fbcff6be4d8816d80ac1f3f019ed352149cdfab422f5dff
8360c46f0ea4761884be3b766ab28737cac7e26cb939c118e7dfce1c877c269f,425076324,983,41e8bd1d300d886ecc78335492089e1bb5b958e7ecc13e5fc94caf3de7693d12
83635f0f4ded0c9791da7d43a02206310fb9c5e67aa4364928fad227e102c506,421728602,976,36ccb621422eb52ea9c5701bc1e46b522cca75e59fd1829be6c94c0f23873681
8365cb96d255e7774da70c0bbc0f20019a6a2759d7e963759904b1076174a537,424963539,983,4ae3711a8e62b40ae105c84fda897863f55c6633af7e879fa82fa4fb253e3af9
837b2285484025600b533f62139a2c7d8a5c030bb8b89f4acaa7b0f82c8d0ac6,423498267,980,e3d5454e8cfb1b72763ad8e52e8b0cfc176147a07bd14d321b152fa4ffafd0dd
83b314b9f6eed4935d0e6b3bcf19d9e3db575d165f2085de7c1e99ad50ae0ce7,423600511,980,2515118f70e315a04386b6d118e64ab9cb2fc2ff86aefc5de37e9d614fda6a33
83c148fcb619bae34d6d37fd1165af70735f763904df7fc662361f2a54eda638,422401198,977,a11720d6b52bbdf08536ec8d18ff027e6c033d29592dce0abd06d8e891260822
83cce2b030c25980c78bdd72b15cff79f457202dc15a1b395e04e65b873a1427,426725261,987,7d16c50d91d3d5eba780e79351dc1ed8f3faef37c295ae70b9f2dd72a2202fd8
83edaeacfa1655a178215ed1088b63c0a1c3b95c7cae4fb85198d9779d9195ec,426451134,987,9c4550e618e32bc18f56c2aee520b797c21ed648d833799615b005171ec390c6
83f63b94b714d2e68c6391db6f33a7df498c9f8398c1deab750a31e4ac0e42d2,426702197,987,323aadf8bc4121ddec63a43daaa9fbddf3bf12fe9495a88f992976ef03418a61
840390538c31fc159fa2dbd3514089947d2e3b79ce1aac6583342ef64d334019,421023087,974,2f1fd92a18a0656a91924b0904ed822c5e521bd1decf1ca4adc6e088fd6da63c
8420b156bdf49d8cddb12cdf48f6a34a73aaecace557b05a32e2526169e61d8e,425978200,986,b81c884bdb5c2e04b179aa408554c57cbaa47170065736076ff9ade511f34c7e
8425e7c8b7972503f24a7ef58316e2408cd6b1761a457b0fbe86427030232b93,420929612,974,d40b19547881df3e9d3b26d9e1e718c7153c204793fac23822680fda0c3f368b
842ff3ad2f762dde586f3e779fe2bd9f2b7ca35c47e1ae358262c50c039b8174,427062022,988,885ddfe6f6f33505e88f428442a50937fbb67b185427ce73882bba7c1cb71b61
8431a4b1e7e14ae182371cb3836278e5e32f1cb030089419aa99320b4b63e8a7,422054636,976,8545495171746447020d1109d890e742f8d364a243264f9bde40895680317c2f
848220f08fb0ca10e2eed959506f79f519da8a5df295a1f2fde353a9ca87784f,427493048,989,fa9f2fd630522a41de4b2a410941b982233b455a598b0fa4cb0bea77ad9c0e9d
8492e587272ebf7a4261535d7b48172843902566b1bd51fd3ad04bc6604b495f,426185762,986,80e11e9b0319bc9a3e1bf5f6a249319e82125e2b04634075861476e35cabc653
84a9f144b5582a4b23358af9332d5bff30ef7a9fd020daa5f07ed5724a2ea00a,420929232,974,c814ade3872d4cfde8f53600b6b53a0adfaef16a2977a9e46dab638e6515993b
84dae82b17440c993ea437ccf8de1756d6bee262811c77261468eb8664a3b472,428088374,990,f4014349cf3961d1c5c3561f75e275c5b5ff34509821a9d63a2ae265e52c4ceb
84f7612fe22c2e1e686f10bf34a6bc541f60861450958332d135ff758f229ad1,421383753,975,d64a44c12ba24b9962d06c7e901ee5c9ef7a2373553674c1ed8b4890b92d5c96
850b02eabdf5d6e0051fdd9bc5615796b82792ec159d7a25849b6a0ae1fb7294,423378968,980,5e0bb3763ca21070d2e90772149d5e9a21f9aae715265a49c1de4fbc8dd7966d
850fc5d498af1d6f8bed92aa5b8fa119d418d7a6e874505411b2964d140dfa6f,427820671,990,1ad72fb3de7742051d1e1e82c161718fb95ced7ccc6f75e5e9ee17ee541d3dbb
851fc91f8ad20686d1673be766af2de31a89ea0fe85523fa85ebc8e930554941,424482594,982,469850136ab79d5375066b27e57faa300e066d7ab0553f4f09e824b878cbb03c
8526cff664e58522e4706f2edaa4eabd1ef54706d0cb08914c32d7aeacbe1e87,427399064,989,74abaa3b5751ebd627a69ff1fac8861553ed36e0a7d69de1e44a051205966ed1
8529192bd615b71751bf467820f5d34ec29b7d418588f87c52ae70ed574b7fe8,421206705,975,8ab52575e869b0cde34b00e693438b43465dbbe274ec3c6eb9ab7246a2fa8316
85317ca6bbbf4e43a5a10610f5e2db9c52435ea79137fbb13103744615f28090,426587747,987,074c23d57e4f74ffd473af8bcb5a3e4f1d14772f3cad2638c36315444518a3f0
8532053e0e44a38bb50fe79e47babb1e8b9f6878ebfc5e750aa5d0a0d16e4a48,420794238,974,96227f211179df58b41a900df319e28387a22c7647c6af36defd1e17f5307e66
85425fde06ad6e58e15c45eebe87a56798c0e355aa5396f34a4078b3296c0bb6,422950977,979,3729beaeea28c1d62a6184474bdcebc523ea6855d5a3986ae0b784a544090bec
855594f82c7a829d8372997f9a9c9e550e566da13d534a45aeffe59eecf6a9ea,426514955,987,2e6dff9167ef01419fc354f331160ee05ed76a0c040b61e9123839f2d045a59e
8569f443fd48256c9c056125a8d8286ea1c07749fd8593c737ebe547ce57b97e,425690842,985,a757dec4d6ada9235589eb33c631e8bb9bad60666f0eeb2b66c4d5af57241238
85754bc79bac0b4cdddd361e1c633fa33777bff4b582c20de9857853c7a34911,423744149,980,5b40da209d139f892e6efe0e6fc42da2bdb3e9dc562514a974b2cb04e07d83b3
859bf73b94fadb979c11ba9f3d8e87b7a2aebc7f9e89eb19541e70092d499c44,425399797,984,69026405502e656dee4a8913115d73e1b38cd6a33dd82394b9efb2bec42c9574
859d55520f057c98b423ca706f0560ea3cb21054491798b383c1a8c4b86586c2,422569452,978,a08499fb43287171e34509c27775a1f1a23536e2fc5b15c9764935aac7670e72
85a5e8d59883950a9fb719d96b50eefec2682ed5e26a1779473a22a397b6faa0,426055463,986,2734abfa5e685022d1b0fbd5ce711a5a04fe0ee7939a3ed3b27de85ae8ed1558
85b4864171eb2d61fc33e7dd528fd74722433216099242a112373b2be0cd3ce8,425996902,986,8ae88f87a6923a99e06c2f477f25fa3e25bdca934902e7043191288776402ece
85c8113548176e34a75e1d6b8009ecea6d1a578ee5503b594576da064173cc59,424769302,983,c264390eafb32a3a4016997b9f75de18746849223b1acc54a2fe5e752ecb26d2
85c8dc4d7eeb7bc6097f6222e63d8a589042cdc7af83002ee047ba6435646293,426649284,987,4fc0bc0d9afb421a08a0507bc1ed63df9f045bae75a30031e460ac10402a94bc
85cfd6e383679565290a7021746e48d0f7e0159d1ebc229025ebe158687eeded,428110881,990,835a788a2836144935b3d69d2ec4bce20b0bc382b6c8b07b2a0a70031f5cb5cd
85d9e3b0d5a375b7fc82ca705a848061b1825c12d0e7bf59bdca2f3104c5eaff,425475623,984,e7eb5d97f118adf12ad3c2e38980e342ad02856c6345f52bfe10b67fdecec952
85dfcabad0101310b884e4e2f482ad4f19f769f5e43bb05131506c63fde36f59,423876067,981,b45d9494c4639880a6f9f0595620e740c5f86197d227b7143a3b087700ea9d40
85e7ff383261bb0b73e614feb68c87e47cbf9b5552025df381c2d5cda7decafe,426802015,987,11b3b89eac729a12c848a6168cf33ca245cea200e55ec132d28f7a507ebba3aa
85ef9f08cf0e86073224d9d9cacfcd7ee3b27dc915084e971900366c50fd1639,423668930,980,0907a96474b4847a278d38f57cb0baa288b8e13819f2ffa755ba87d72a1a23a7
85f09f2b6ad2e582e565abd1f5a33f3ba8b3de722303530361824b0833e7446d,425669573,985,324bdcfbd46c64302202fabc43f3fed32fdada429810c7ef3887dab304e0284e
85f3b856768b142c19a33a24befa5de8c75d99c998d0f293b0ca589cfced8545,424026947,981,5de62b6fe23c5ff032be2cf3c625717081eafb5b8f44c41d69f50e74b6b4c6cb
861c6c25500d396bd3d81e813892be5cd2a4623c78a8c549858e972160fb8925,425333480,984,725b8700c45b7c8ed749f17f29ae33f4d4d25483e552ab29253d80fc2491e7cd
862aee34bb81f243ad1bef2f3bda9a867ee3c6ef9ed6c80deb70926e5c8d6ad6,424259360,982,f48d3cd8c3eb40a6182a420fbe3fed2bf7b83afb0b8ac8f20ad0c28c9111e7cb
862ba33eb568cf421a8fab7e92ce28495af8c5e62a3c97d226b0cd6940b927f5,426187752,986,c09dc9d89849a662867ad550999a2e3333e15f2bb090893950a846916b6ec239
8654e45d309ffcc1df3a2efe88b33bdd3be077728f999af403aec503fb401abb,422079622,977,add97d36fe7bfe302ebeb8d5ac7ca545762d465ce92805ae2695745a529644dd
8669b03709a9ad791031af860e90c164c0270f9f613ceb3afd6efbde0cea8036,422813584,978,0f8c5ccd109ef30ea9a562d4122ffd36f6dc704b5f6b1ad14dac23f47a694ac7
8673b802d92d703bf6fd7dac3cd6692702faec6f6b345c202e476a92788ed0a2,423678056,980,921133455125009e1c5ca6d6462eca212ee4fcc27d3875d66990f7024f3f75dc
867938b387ee0262c3b1d285077b792a5445395b61b3e48926604025d5403646,427703152,990,3f6d68cf8e725539cd17baa091ca598c2e2df63ee24355e099daa98b2e1f8567
867d86907e2d9e420db3f49700acf927df2f1fce2b683f305157fc670c2ef02f,424517121,982,fcaf1e1cc81d50fac718a5c87486199a53e0a43182695f236633f6ededc6adf3
86807dda8eb3ae996a0185ffdff3973e20221bad5bc7959036e10504a3399103,423935176,981,2cf8ac7cfaa2d88d2b80de4a42b6500945b1f3c61b31d4eca397caf7f6772983
868573dde399ca4f04b2a1d85579a51fd3a621380037f455132d9f43e648872c,424781974,983,1eb454d4e35cf98b44ba09d1cc4822b3e511c8c0e39e3a2027f670d6381be57a
868a9cb7e12944e44668fc43000141c392b02bb311efd4b6798ce9e6b22d027c,423395550,980,b7b4ca1e30395cea58580647fb428db84424350b4164d211c6857ebb1e990a38
86a3bf56584ab23ff241b2205b53119b9cd0fa89cbc88f0ea0770a408e537b01,426007657,986,434752a744cecf3b51d56ea5e56ecf2dd42a6512509ea7e8695d8b741bbdcdb3
86aeac4896b27a93f756fe9dac02a86e7e17a006ce7e571087571084a4fa1a1e,427004868,988,cb3d60cbb48d00de761b263d9ff9fd90fda9cc9e747eb21e722d83456223b68a
86b0e71e75b86f95c390501f1b56a0d000d41739ad3f39ddc0ad18450ff246f4,424502433,982,bc7cffffeaf64aa27985dddd23da96dce5abe6164405ce6fe040b6643df1365d
87041e4d9e33a5b0d2b4dce69f6ab3dac71a83d6ed936aa826584b634f415c2e,424232117,982,af4c3fa1a8b2001b3896d5ce61a9ae157a4abf5433b24b13f32a73d972509caa
87163b345293309f8770412d6cffee6ca6f12b24a81a7f37a63a01c60f153766,423789856,980,ed3aa2e8798d5894ce6f8d2489aabdf6af2073cdf7c432d1b389fcc4de374d9a
871a8e2a229dc7d2e872897167162d4932c66b865ec1371772afb0eee62fdc78,426574172,987,bf93584039f24322225aacac346f8224da35e1034322a9cf09c15a517c858bb2
873cf9d72867517293f31a6d7d132a033dfb09dbdae6e23536077fb1fe6e872e,426260136,986,b5d81a2d844a40b7d7b0cc5978efdd5d8fe0e8b08f1afca61737d9c968213e3b
87409ae1dfdf80f8492e3068ff5db292633aa6f93eb9ec334c64c3611d3662a5,425287118,984,a5555019facf7438b0695509e7e710f3ca532df36f89985d5af2396150bd0acb
87506565fa0e150325f215b12e4710c2fa0285a5364b667f8e282a5354752155,424757864,983,48691082c91cc557a37838336783b6759b82f932f3251a09140201f512a71b6b
8751218dcfc52226591395b73698efceba2d1e288f3c361a9c9d3ea7112b6c36,421584694,975,e3b4355b7b49576e9c7d2b8ee2150fe483c549d4f1b1b0b6f37f36000d3fb6ec
876e3c26ac94313e463b7ef7ff7ff342f26b90aa85ac46ed1d327c19f69d27d0,422821777,978,0ac972116adbec3cadc2c39143141a7cbb657f4967a0f45963448876f20e65cd
879457857295be5bb6e437388b0a3ce52e97976a604cedcec3be27a30e9325a3,426122439,986,c262a211f6ee13b73e3378f522c2e283f74dbc3fa8bca25f7f2a7e1e6546a892
879a0286ccc860c9b86de5806108c61a46555d1146ba11adc06c007b12395f35,426370595,986,98f13c37655dac51ee250a6a0630e7f56988febe339247cb5c6dc1198e3b2cbc
87a0617b7d089caa637ea6a54eb21c98cba330dfc1bc41e384708c0fcb7ce2d0,423256076,979,3ad168dd046d06329b6a3bd0e1ff471dfb1a78ffb9c91444a3728ddebd941d29
87acf3470d27e26dbf5be468bcac09501cb13f12d814284ffc6d5dc7ebd574e1,422785321,978,db9cd1d6a7e0fcfdcca1c8ab2365efeb15d5860b5df05df920c8405377951668
87b5171c7384fe9ab306abb3c45cd3cf81e81a56a169985e5d8c725865476f09,426089520,986,65b61d639eb0f4885a70c9ec43093071d69af86a8385da3c18d7e6b9f8f3697a
87c1843a6d5b71b3576fd4aaddbf1bf2e2b03d2c6d18cf6bff21a0d6de4f7a4c,423923250,981,43aa02fc0dbcfe8d8644181efecfbee58088491ed13067411375731faf86744f
87e47bd3dfa22722fa728a8172f4e1e7c84907b4bf1c8f2b491808e768591be1,425204425,984,2ab82e0f56101814a2d638e753b70c2430110dcf305b0156d6e4954cb5b9afbe
87f8558216558fbc82be492a2864d568a19dea916dc8450bfc85895362d565d5,423586556,980,fbb166015e450d185df5202bba0ae982b18477f07d5a123c7967cead40032e64
87f935882968dcfe88615485d97305fe14c2ed75ede1e35a9e994d9d9b0dad65,424900656,983,ae331d4faf1c8684e2247a77640112546139329c1116161c3c055873c59ba8fd
880aba60a00b81af8d442c96b24fa6904c7e127035bd014997e1a80d9b6e4446,420930111,974,4b2ec70980c6db9d3801dd8aba90a15bc2605d660125dcc76cb3c129c3157bb7
88108f6ac9f5ac5a6d7a7df188caa845ff3294be6884aa69d26b0c7ac62dd599,425033564,983,3ddbbd91ec26a34357a1297fa5b3d4d2bbf3fa1eccd84eb12219829ac4858982
88430a1958ef22fdecff88ab835be8c86ad74f26ad64a61cd152c6f478c15bc6,426834319,988,66db2b848d2e4534ba618d6726d803a084bb4790bb43b31c6d62f65cdf14a159
88580d71463b416346d39987958b80589438dd5d294fd1d531df8284a4347f19,427792745,990,7462cacb93371683005283ec687c1e5b12f41d603a82e08e99951163d4bac7b6
88591e229bf385c9bc61e34771257822f82f260605ab1a1d54ae6340aace2549,423900188,981,71d86bdf98350f904c6cfe3ae3389133b22deb3021cf1b94e741653f30644a53
886d1abe0cf55f23bd3b3dda6799f99ae73b57831f00f6e3e9ac7e5f44c7ac35,420929942,974,f0a97588520488204d06ce76cc3e967c006a0e4a8afdf6f4d1e7e041f071eaec
8873566f5d7e593c12ddb0d2d5b350882bd64cfb220f89688fb1d95dd33807e9,423430374,980,b466ef1aacfa6005feb55d919596c826c51d59fb9fda584c8b2ee5164b79e357
888b0d32c3662bba71c28adc6047b66e0ae574519d765452d4633b5e65646323,423646601,980,fc52962783bd416ff8640353a66d74967c3fc64547e94351396d43efbd48e471
88919f6b6dac22f1bf198e2856036a4068bd05c811b560343131d63cc5ea1284,426752781,987,d467b5462733e4935ffb6dff8885a1eab6d27d76f9631428a89db671d4a4e326
889e34378aff1636df471170eb2e25142d87559963a57eeb1a837ec95ce3920e,423614063,980,ad4e3230a8ea377e376544da026661692befebbedbb6be91acd62feda90c99d6
88a6f097746729b42193533e85614a765fcb8e14e583d3cb0a0587bf4fbb902b,426757064,987,6ae324c09b06d25045195b873fed5f61b7cc88001bb8ef931105b09aab6a9569
88e2d34c3fe8f569f919e9c9c76567ac2e906d8091c08a3927b82f39cf399573,426371714,986,820d9bcbc4e3cffbcfee867afad065b3d373a0741b2228b1b3393dc028deb05e
88e3ffe671cad4b5c6ec66d708330d0f08b52131451b3f2ed0d3f3c64177117a,421539564,975,6482ca3f7eb0a8d1e22db06844ff14c3d678e6b8a15e31310c511b1a473a62d8
88ec101260fbb18cd7fd354acd9f9b7a5ff37f17fdfa3d56930c425a20fb8c4c,425402211,984,41075ea5ac0417e6f463179b5a72450707f432c0ef2a519e8b4609a3c9ba0905
8914addf32ab71dcdb56ec40b221faaa9f904e85060fdf4a0e932090d962c2b4,420932264,974,18a81f637d6ecc97653b5e20869ec274be17d7dd3752fe615b98f9129ab75c0a
891ee254457576b8445caa6d6943f0b6e5acfc1a34f12d5c5ed9024e969cc41e,423933350,981,300df7aa6019603fb966c7915359cedbda3e5a63582f1cdcb7a1de5f08e7b54f
891ff1b243e14c18a36815155275fab8780915d46d037a002232632e5745d4ce,426686915,987,99204da072ae2bbded4aebda08aa332741e3101408c1b5c606c7fca57c9e9d63
8920461f16bbf046fc9da7ce7d9bf0894dd28072b918733d22f9686af71cc607,424146706,981,91abb02bc99db389a41170e95814d3cfd3139d1622d0b5b85abb9b9287ac75b3
892c4619f628dc4dc43be616e1b8bdd22bb8902a555a8766f78fa67a29cdd3c6,424386146,982,c791278642f591c6bad6135137fb7d86e397dae7fdf83c24169f11156454948c
892da6724558b5a4ebc141cdf1c332d0d18cc29863dd01da926227927a6acd07,420932971,974,8572a0ab6dfd1e60d715aa3c918e05028f264ab4b4fb8337479b321f231e758b
89307b12aeb1f256759c2d7cb3c63b4a241fb630ad3736de5ff1fab0dec96a34,425644022,985,adc559d4d333196a965588bc28818950b0f331edf526539fc96b92e83e942a8e
893e52bd12aa7a1d5491c951d4ac83de829cb9296756eaf585489bc74e8232cb,427934523,990,15aedf500975ddf164161fc72d4adb5c451a1694bd9fdefd1041da450af28fff
8973e61ae78bb43b41db7c620e77d002d4946b29bf241e3ad255923623c04294,423733024,980,6072df3cabbb6ede3186ad50396433363f0303d7571443cf5ef5ad1d193e3245
898818b20d1ddc4b418c71213efd4759a28a0c3a65b71c6093192a6d0dbe3a2b,426484069,987,6351c4d0799358eacfc72f302d8974caa42487e1ada2b87e2e0f6e01fa35ffaf
898a596dced10d029e0bdc80dd248128fc265361244bb0ad902ab24366d6995f,426339074,986,9d6a988bff00faf3a88e8efd0198baee8ddab76fd6fa42a6b5c864069a841123
899b756c525c4458e31904afd77229d57065052463ca62ec8bb52da653685e0a,421397982,975,c8d5b1b591111e665204ed68854d90ccf7046c14b4984b97d9551c22f6ae80f9
89a15889a7a0ecbffdd96dff073867cbffd89bff1c15ce79cd5e98c4ca414b6d,427610692,989,0ef6aa942c96ae2f2b58d884463f374cb1a5028c231f4a6720ed17e5f2fc7a87
89a2562de1676dd58bca32de46e47840cac60e7a15605b63352da03b03a4672f,426971409,988,0349f30c2b16d04f5bd588a89db68ee65f1aac49962471c27d9a056ebc341aa1
89b2251ac534e9e3a3f595ebf342544ddd7bdec9cd94def12397b1268fa958b3,425256388,984,87270473d88c3b8773eedfcb97f77e28c3a605895952053c83bf0bd5b01ca5e1
89b865c9a4bd2311609777d42dad957ead168bf5fff9295165dd07e4aa1e7057,425638282,985,22c20efeb6c60d15615f276d5f7fa8615a8f0b2facaad1b38a8fde5d6980afcf
89d7275b0de734e5441aa51bbd40da5090e66e578a995b6f1f2bbe9bb0116dfe,423153353,979,6fe17ed8462120245e025085146f0f524932e6ad78ef28dbcaf037663a42de24
8a04553ed6b345debdaf973dca874dceedb77d488b8883972dd7ac7829570f5f,423127450,979,d1964dffce277adb09f0c8a4090e3b688027421fb75d935a5eda025d2fc91d23
8a092aaee207aa220c3ab0dbe273944f25f392e8baa9e8a2e22f8a52c2dd4112,420901869,974,0fad958fd5b2bd319829682e8febe2afac441cb72c7b9f67bf42a66f8d86ea6b
8a1cfb2027cc9372a4bf34ebdb99523f8e89e0f873e27097ba0b9456818a33e4,421987065,976,9c5faedafee20ffa510e094d370a71fa2f0229226b54d345fb59fd6a2fe644a2
8a229d3116c987dd83c16af7d240c6f7a3963073991b076f51513235a687c022,426420321,987,c32910d35fe3a7897d40029aed505c5ee38048c635ef88c9d7e506ed41365619
8a264d3829637e93b271b00b89460b509b8ae0ecc59c7489301d87c2a1c87aad,427337802,989,96627efc46f002bed04a711f8156951371656d1527617fc71acae9dc62495813
8a273eeb9ffb447816932e27db833ccd92c45358f81e69798a4c36b7c4f96a04,425297073,984,baea6052c98e97b4d31fa1a072cd80464417d0c6a105cd5ad22bf1d8291436c2
8a3a624a4a8c5cb9153177e1196e7711b66f22c23164cc41a662b1b523693c37,421682288,976,bf106fc16acb9b27ff517d90c03f65d352603b2cf947dbf353b7ba1a18ccac6e
8a457eb98a887feb76ae09477913a95b46280c60ee0ebb6e815ce6e6ad3157bd,422776854,978,8a9d11ae80e6597f43032b0810374f7ec22f9861bfe1767519453f78d498261f
8a4f5823f95f89e1201b428f70b3f02bb16d6ab94636a62d5533427a50ca3f11,423659141,980,b5d70ff84634fc2ec3cf72cc8c4b4829e708af8379edf567c1c55b3d73c20c0d
8a6c2d0de711d66c38810efcb43b6ee461f880cc64fda025175e763d2166ce2c,424469762,982,083b32435cb26fb1cd9d80d6a6fc2528ae632105860c869ef49337b650a698b0
8a6e411930af97f0f4fcf80e2c7d96c6fde38dd9dec02868c42cc20166077765,420908101,974,f434d1201e183cdfaa7d2de1a759401fb854604eddf1be55c48cfe46ac1cb6d0
8a769111f1ae7ebc1b5af259687e2b2cd04a3787a9ced6b5a1a306d10c88eb4b,423562004,980,bc2efe2498e036c0e52b022db95cbae0f08afd8b7d4f64a3a1858146920e5224
8a773c8385dad5648a370d4106fc21ec4d64bd2c1520a5a2cd687f188a81ce1f,424040422,981,55e28061623539c72ae25fd03ab228f914f1b4a6df90734c0388fa62e4abd15e
8a7aae3e1a2ca8a5e13448e57fe14fd0ef9ad9c0752f2bbab60e7e1045e7dfc2,428066497,990,40cd3878c3a06137f417147eb663422c58a19e442ff4df71fb9a16534e369e48
8a871cbfc6e8d3d61c1e4dddc6733d989156575745a64f6dc0d8b19ba8dcec16,427662406,989,db3ce7582d2051deda9f1b7985fe36a27de32cc2230985c5addda87e40d326e1
8a8d95f14372714edc546e1f1f82c5a8d7129fa4c03f0d6ce2b3b6c7c06aefc1,423797387,981,f96fd74ea51f19fabbc8c7b34e7afe72a4fc63ce7dcb719ac431abbf3865dcad
8a95ff35d41cf9ee231078db284c2f77431a0d7d7e4254bda11ce69811c43782,424957593,983,4ce536ff828a6f46139e03becc2cbd17dd36f437b2ea4cd480fc9904b2c266e8
8ab7b3424dd5e2106fe9b528d919221f535034f4eca59a1dcfc972eb9fd4c72a,426255008,986,5518ff85c4ac79098c4c3aced175415c09851af715d678f41226d7abbf8b8146
8ac9d19af5d4df21d684764ce74635d131bc4d5abede70c2973a76d570ed601e,425701967,985,d212cb765b203ae9a56097b7365f199807d38498a573531fadefda3207aa5a94
8add2ea3e696cdab4cdf79afb2754e1e9c5347877deed24337095c5ffecd8bbc,425336168,984,e1a6aceafd09ed1ebf65f5cd26812592e40901d6bd57fa520e805a21ed30026d
8ae9bcbf64d90cc0b573c0acebaef76f69dec341474854c2ab42e3f02b5c6333,423951009,981,ebabd0b0c7adf1046682943cd803ea5cba1e8f61c87a1e7cf74cc7b2fa2e4450
8b06fe7f32cbe896c105914c23a7d414c54f91be28adbd52082843c98156ec5b,423962082,981,e1b8d6e469b7c8428acae2bb602e7cde8fa74cfb5ac5389ea05c85bb338e4100
8b156e6cafa5a1a70ebb33cf9b39815bf57caf23b0e30adc525e77fd26a74698,424071022,981,5bbd1ffe9424d1574137f4683bafe383337003d313491c9598e48b718e54d9a1
8b16605fd4b556976ed7d6b89b8984b1988ffb1786d73b5bf2a52bc3590f838d,421800958,976,8de2bde8d6d9b7bc8ef856d9e6dd4828b5e4c5b74e937c6c1dfd60b1543a08f8
8b27f730d69d84dc8a680cd0072cdf16b88d9752c1adf538039226880294d2bf,423822477,981,5551f8f3b3edbcb12d782e845aee47a6b5f57c18067f6c6d0751c58951ce75a9
8b34c4555157364dd205590f2e8614a9ef2ea0344887875aff5bedf52f9824c5,423824310,981,7748cf0baa21a3b61a3634eb10b66d5787da2ee0c4446ecbe98b6028b2ed8a8f
8b537e93c9295ebb6b1f0d4d57183060b545f0b88d1f2cb7c4e7fa6d48c49457,424368215,982,38977746a994de48def0f6acce6213c971bff7ce85447eab0ae6f31f63a69202
8b78455e7e1c9581e887853851aee0f76e212c0e4ec17a30d5d9ec749396290d,420931273,974,38f7488de7ca47349c80d7ebb04ed23422ac274c74943a0deb1bf507c758afee
8b7b4165fc6c7a6c730675d02e65567a723ba64522fe264a8fc39a999d46ff70,423458244,980,cc61d802a4928b8f26ca8958fd875ca9fe997bf6c82bf8dc698898133e296026
8b8a62ba4e1d0f95f3ae8866909c785bfddabe3417e59f95422a679f4aca5931,420928689,974,8294125816afacfe44c70366abf01e37912da60d283e97b5883b0217348e2f74
8b8a67f95da1e1744ac304169b62d895d7d0fffb30fd0eaed5da914200f8d1dc,423696990,980,23d2a909565b108baa555a731bd1ab52b84438e3c7ddad466bc6941546ed2814
8b93e00d3ff1ef74c67f05bebf6ea5d5a7ba1370660fbf19601975b6ee405188,422462311,977,204d25acc1534b8cf9d785fda312929380ebd7cbb05c4815304988efb4e23bd1
8b968156c91afb7ac98a47fb1b33b7ac4607c58e14b1165649acebc69d660ebd,422787548,978,beb01295db1061fe01987b8eae87f25c2646180d43ee6b424fec36abe9c986a6
8b9f7f3574555754d5d0b1fa80e8c4a491667d7844777a37683e73e8f73acd4a,425261320,984,7cd1a148926f464fc77ec0df2192ea2a62c195ed4aec9abf60ba6bfaf6008cdb
8ba11d140a7ecdf831b5a5817f12edc7e05cd98059c128f2c7d858de9634536c,425995092,986,4072d562f849ae9af5f123aa78318f2b2b7cc25b7c35eec3a4a7bfcfaad09c84
8bbb91d5dae778c8e71da87dce4dedd6d748eb94c7fe101efd3f97ccf5239e83,424046438,981,b9ac0153c2d1a40f88c9dc43da5b7889d8a059483c950fcf60b932a3c9bfac2f
8bc6153fa18b4c422e7a00589f4a9da46c56b1b5f34b3290c4164caa46b82e7b,423950800,981,70b66d910b4e3e521600b6787f61da00f2d369f0bd2f9b07a4121b54a3d02511
8bc6601f0f36a3384d84b21f9793848515fbc4404417374de77249504df704f5,420929898,974,8f16826665593113ae23230539c79303cda2f99eb3369d4e69f189abdd4e5d17
8bca35d68fe8576766f6531efa7043dc3a2c7fc6bb5007b0aa0df2b01db6166b,424878925,983,b82da2bdaeb32fd6266b6eb7f503c5e5755bfe2498ebeac765ed5bec7f9e8a42
8bdb1c1690f15e11792e9e4c89adbd12ad3f0536c5cf6845c2f1797f8468bd06,427201022,988,3e5c013da604543d496528df6b2692618cb430a1a2442dc5c98ec9656bf6bebd
8be6525479fec98c17fe1271bcb38ad8d4b00e2fc6f4785409942654219791ea,421674835,976,a728893b9a57e73be7351715a1daac815a8f2e7e027fa4f2c309cb1357360f25
8be7f98c5e21671cc40c83bea9f94e031353481427c52e046ccf539a9698706c,422778376,978,a6de9d09a5aa079f255e9a745d777365a7f3ad5a40c382bab9a97bf16b937b92
8bf7752019a6fec2dea7cd14dd22c5f87252a7c6f0508d4fd942b93b798407b0,424633172,982,0b01ad1d0084e0be37a8400604d8e64ed78ad0b95c49eeffa351586ad14002d7
8bfc36059d974b032d216c97b1065472c982f82fabc165202c4ccf20e25d07a5,423182824,979,443c994421b482f309a15829738b9afb90407ce7597e6d563f15a17a9927b90d
8c01509da48904cec17c7c4726a8ffe0b29fc527a4fd6b08ad3e1ce4682fbc7c,423809495,981,13352ae78263be19d6a5730f6cfdb057024ceebfbbf1b88fd39d7dfac8eb0933
8c173a584a0b2cfce589e78484e07d590adb6bde86bd92e8af76272f6443bacc,423732803,980,f967ad590197404d1a58d0feb8bcfa331cecf338e1cf1967997e1d9ddc043e1d
8c1956796e86884e455dfb788afd6c09c2b351d513121f08348493f417b4a319,425838891,985,a507db9f374d8e83d5d691162b0fa5829dda3044c89e4c6dcb8542b8f746d5d5
8c258bfcf8bd99c25da499455f29019a51ba0a82c346ff323224f301e83871f6,425629399,985,fd2641b86752d3c6b30a308ddb26615fcceed7792dfec1851bd509edeccb7bf4
8c2b96953098ba38f7cc2630eed0b98595b51986ba9ff505fa6bc0b2d0d3afd4,426475952,987,c951c69525e1f6b017a8e8681061de22464d3c9fb878b17d7065db884682e058
8c3d1a7a65c8417ae90ab5b303a3ecdd4a7992d60b7f5cb6fa51237cd6223fa1,425846372,985,14f661ab0356d12e2ac54d02e680ec37261af4a5f906f5a9281d3fea95cb00ac
8c5f90b92b27a90a1b77de2fe4f67a24eb2851c5aad8ad5a1b3b046ef8e12d81,427637874,989,a3b1f8661e4d11f64df26753cbdcf7a6442b21148a99e4101d1749044924d72e
8c6be3c2499531ca4f737a3a9db65501124af88678a2ee446fb0b0900fb56ad7,423328697,979,24e204aae6862bfaf48095b83392e602f498e0891dfa7035b71eb43cded7101a
8c7dd59b840d6bec47e3ced531d314776cd1859b4abf896f87a112542d7397c3,426690959,987,4f5e80b3c325ef6b7bfcdca53ef3d2b15b8540e42241ac2a6c9fe909df462f1a
8c86c623371568141c392452ad0f0732a06582cf663db194ba61a8ab390f3ae1,423561343,980,32ee4ede2830987768270e5891b39bedc43255268372761f78e19880e8b4f499
8c979fe7be6d3907d083d600e3bb8649a55098947972471178b8b9ec3b36244d,425440829,984,ff7657c33b679c952bcd3ccb94a10b119901fcb47a4f2e458cef332a31fb238b
8c9d56d41b03b24e9015de6f4bc061ed02541b429063ca0f88d7bf204f5603b1,424542231,982,ec04ec365a31afca5666e3c3960a9361b59b6576e9dada6c434bc351e71dbfbd
8c9fc67697e15ebdac116dcf744fcb19c1e4906a80b4ec3d50391488993f4069,423867783,981,4d0ee845ea189037f5f96dbfbc6409f9069c2a4a439ab9fcd72c48e08c83f80e
8ca0c6bd4b511bdc0c2e4d4e1af8d0a7a3d61414382a309da79f82f9e79b55ec,423053343,979,60d6b20d14d2d118c90dad0624a54d15e4db0c9dc3f9efee71ada21cabf9018e
8ca6d090c4c84a9b10a06ce764ada9fffd9acbc882b220e968e88801c994bb26,423909208,981,71c4c352f4605d665692ed0b49e0c6a2ec5d3eb923a7fb11207d4cba0079aee8
8caed1be1d8f124664e4de0bd855717b48699d68dece6c90333b4626fcbe69e2,425882081,985,3642f9e388faef8be85a8ed3795d5dc73278d606bc3b21bb4b1d8a9879e72ded
8cdec1cf5b8c5b9e26e90d9fd5863d159f16a3835c3a44b0aa97c55af8df7d79,422777859,978,45cb69c76a913395a994231fd70c8deca99d5e00557b52a068fbbf7020536dbe
8ce4e92bf95c2927e210d4a0e78285ccf0cdc5a90c8fd3cf3dda17a188ca1001,427707908,990,7dd62c0d7d9637f6aef2d0da3cadee6e9362906f8eb9832c137c4e8171612888
8ced924fc4bd6bee8d12f3c7f90847cfd259e75fe5b7b650c671a2cc12b6c5b6,426271632,986,c30097b2e572c8b36105b1e6cf868cf0510cc52684daa1bce3af18fc4eac4034
8d07ab76f3209c5cbde9a1918a3b3ffb3796adbce1633d53bfd265c324a10ae8,420929133,974,0582d9921c570228551257a157b4b662796a6d5ae8c83846fecc807dc73d7ecd
8d386de092e89ceede3edc4ea36750f47db5cfef9fd1432af9aff98a8e2c5167,420892538,974,5a4a11d5a2ee023f469c64b24aa89d85420bf73e3b12226f85e75113da6792e5
8d4032397addc16cb4b02670bdc9c364b30aca808a9fa7bc723e24459ffc4344,423979844,981,bcc92b1a14c13d8e6f05d2502dd87282f24bfdc07e975bbfdd8d319f5c01c7fa
8d5c251e648d7f7bb99893646fea0637c8a566aeea267743069a0d7b574bb5b2,426651373,987,273134b4d54ba837b753e0bae271cc39319224022f16673d1542e08bfd0cd329
8d7bb9a02cb3f46c94aec25d022c3746541db3687af5199a2974668c07302fe3,427161981,988,fa0075785e0d4201999b0ab04802b0ee23690702d6d4afde23e7f382ece5289d
8d9deb7d1c2594b3f40bf237c67cfe9f749251cd608570bcd9ffd3106734b0d3,420929370,974,398abcb6b8f449fb40b6cdbd95ba996750ab8314f06cfe087e4000ea9e8d26b9
8da53477be4ee94798815d2c262a7edefab7dd4a64223d7055fb7c7d8784d83d,427578155,989,024ea6dee889dab857efac8a189f285e7efc0a95be8133e00612b21d904417b0
8daadfd0496eb3f38dc7ffdfa76e162c2b1132bec6b7947d25f83b452b3f94a6,421813038,976,67ba859800bc83dfb0307f60cccd3597035cfe7587040bc46da3d23e8429fcb9
8dbac2ab35e2b16e147da95a47eadbd7475f4e0c50d6686a692c1e592309f928,425437727,984,0254506059fd7a11424d3b690bdb0ee68f379b49497cd4a20036d491d868b010
8dda58171677079c03391b2c4432ac8c95316711796620b45e68fb3f9f97a6ae,423835998,981,cc0350c3671e53c8fb652fd9e9b194161419ac29701a6aab92b40be4ee4280c7
8ddb5127506cfc6d03f426fed870dbc838074840f085dac917c9c3dd1061895b,426020921,986,6d35357af5ddc6546cf3e2ebf953a307703eee863bfd2c2868f2fa91da8852d8
8de8ea487552e3b4b52c36e9cf767e61b79bbba7c53b21480fd00b78ec2efa9f,427163764,988,53947107df955f509475a2d0733ffdb252c1cf21e61398a823a8c585adb6f584
8e1445cd1ff1afc829259fa6c36fa6dca16b6e6afb3bf200ec3f80977df2fb8d,425374296,984,96e7e8b4a42367f92341a8338c27ef4d21d48b951cf5d1e7d5d3bc3952e094d9
8e16db31d1b7654a172d341801821d498dd539bdcaac716cc4b963917162ef75,423438320,980,2b9ec0e134ac71e89146e4c78a3d960db2e8101b74e75a1a884249ed4d5d0e70
8e2c80bc9e5fe16c770d04bb8213dfdaab5c1b1a2f6289ec4955bce161cd988b,425864093,985,7d8b49ee6860989fb752e913a8a25b570a3ce80bc810609fb157d988941f98f9
8e47dcaf439cd0b6c18b1463eb71bbfeb35caf69db9abcec45b042b1a49702a9,423780314,980,86bf084480b1b0cedbff0e4488ec0c318692b38d666ea241eb0f7fe553f2d744
8e48f249dbf56e7586dfd57ffd050da541248c87024ccad2ee300f22083001a6,426779229,987,ebd802eb11a8f85d4304c770372e87143261a978e82235d01ceceafd481a5147
8e5022edf194d1876efc1ee778481318c8c5bd644f3afc5ec4c5ccf31903ba3e,426425168,987,dac72b7fe79376a42f5471bef896ab3e05b8847363c68fbd0c6fa6a00da7a5a2
8e52bc2aadd5361492e0fd60eb2424f26701b98c1efd1325652445cba442d137,426134468,986,42010a8427a6b3dabfd7245af7bcaa3553d2c2d49796b097b74722e80ce525b4
8e5394b682a0664b8b00a8c1e26d8df9c8414888e83756ef7e7b2be7003cfdab,421395133,975,140125d9a50a92f1c70c7ba99676c89643305d98c80720eeb1919b521ea30a9e
8e7d2d46d9708a3fb56615cc3f01306b78642a595613f7d2e66dd01c32796a31,424598815,982,29ed66597da03533f77f940aeece2764075f83e5e0cd5788832de7897a3794f2
8e81e237a82adf377f6625dcb6740171b04de758d8e1a745c4fe30b62aef1044,427370472,989,900a27b85c741760cafcf2d6e33a8fc43b10432fe3dcc1abc9a7b820879fe329
8e8ab66b8f47b3cb81f2fe27bf074a70731bed6d80b2703475337732c5652c8c,426555095,987,e48184cafa455113a84c34aa1822bf10cd75b351d054f54ff7f2b912cfcf6745
8e9caa45a4efcb072373f33e211d7b8f045af981d268ccab4e5d7f6a8850c8aa,425651556,985,9f470f6ec299bc90519aaf5f250a73bc235287ecd264eb2b8275d3ee746468ab
8ea0401ff6cdc2fc124a541c61e59627aa30c28363148fe4a842f7fe127dccd4,423960116,981,f9a89696b3e500c1a2ee1442eff9b6ee5ac441d627448f9f4a2b7498c944bdd6
8eb2f6a1b86f500b70040c8c5dfb2f73ca2fc24d7e525cbedbf3a6f44707d218,426256453,986,bfa2cbde5cd2b6696361bc0d46fa760b19feceeeb9d504c68578b1e63712cebe
8ebe82da15164ed517fb5c988dc1772bb019c404147fe34e52baf940f8369db0,427607889,989,c5544885d49ca04daa9769a46dc66a7f7d5aa3923fecf082c47cd8ec3209de23
8ecaff2e8bfc0c73720acc7507b8dd6302123eeb4d61936b687273f45ce92b92,421615064,975,e59f69d7965ea654e6a7b92725d66d293052a1ed8b798fcc9934f3c90f7624bc
8ed12b2b3592a5e5a52d00f05d4a359ddd375e303fbd09907bbce671d47eb006,426429452,987,580f4105059797f0add0b2a5057e8b194ace2afa4cfc177652d0c13d9645c996
8ef4dfecb25ea419217524babb1bf0cfd64cc3eefa6b3c39d6c55513fe92f7e6,427543161,989,c3435b71ecdc131fc8800fe3bd9ea4dc51739d56bd256c36f57dffeb5d888298
8ef4f27f6837217f62b916424820c4130136c6777b21ff3b331363fc5e780524,425804321,985,7e28d2af3e14a5f2c7bfe209d12f50efc7a0126a37148dc0f4acec8ab1ec3b16
8f175f129b1dbe776b9f8670101a89cbaf6191ee29f1122c8fe1b458e8c1fc41,422538498,978,2573f184160bf84dc9ca2eae54747ef0d306cebd0913f5e3d9d81f94116343de
8f1983136a27845199fae73ade4da71d7a4d3f2b6d28aab982f748411b13e5c0,427945256,990,c604aca9181abf4519a2608bb9da6b0c0c575d26f99411884c0c963e303e62f3
8f1d070698ec1b170980bbd792e7b4cac536a9da05bcc403be269187c44b6a81,422933093,979,7f7d019f86eb3bfbc4785f77ed88260a2db10bf229b731b46267791dc14553aa
8f25d77957a5e88fbafdaac7ac4ef154779d030eb278597bd1059ad8218863d8,427022621,988,abd1a9f8f277d0ad9b764049275a1be07e427380ad597a9efaab47dfd2c750d3
8f3ac1296a2353b29aff90953fe3f5e2dd268c3c773315ee542337d28b05aef1,420932428,974,d4fc5464cd039acee68158d7277e604430cde20466f9bda619af30ff71cb2107
8f434de18c3766863702f550ea4fe3b08fda7c15bd37716fece57ae64d482a7d,424365478,982,ac1e9daad59f8f9fcd5daef768119f780d10ca5e2d9a323f09576e60e1c03252
8f4e003a7889001b86b90d158a73d385fbc5b7558c70fcd5caf1148530f5bbcf,426508886,987,538bda8c91ba70e0acd56a49bf23493d34dab852178e18962357c096d8e21b86
8f628a654594d5c002023b51e66180f51b88a9d47c2b7bdbae2efe39d9a012d1,426077717,986,41a7631d64f7a416af98ca725e511fb7c469460e9b01b8dca5ee6bf267849651
8f67093d3e67178572f2c79e68b320765b65d5e347436e630e53c3fbd3ab0a68,427215228,988,2412c654145b33165990cba4fb0d0f381ad65394b8c6b4a1d02fd3fb0c5dbbfd
8f827520cb4ebaced06d676e9fa6aaba8c01b5fa15b0a42110f9ad312d8991a8,422806476,978,c20291c001a90f0bd3fd52b39b9745e3bf75fa02ceeda353e904d3097540e1bf
8f9319548ae0c668f8bc530e003bbe264c264ba53a63f842f59932784881c877,425777256,985,cb29b78d4fef94172c3c272e8476cad467e2496d61cfb936aec03547121e4548
8f9c5d0188ac5d502a04960a290385a0643df2d910b66717b9392445a7fbab91,420794990,974,62b1867b899e02a04b65a6eab8ed4cf0d37f1c8446d7ee40575f582f1be92b1c
8fa73500a728ff9ff8153db03ecf1c0f50d4267edd315ac661a24252b717794a,423947746,981,0f72e67ff99a786b552b1fa30bce9575372b6d4eda8ed13c7e9e73fa29bf6ac4
8fa7c79f72750da75d26f88de24a515e4c2c9d3b3c078a5cfe93ae14053e4ace,422783689,978,eaa49e6bbd8b89a2aa1dc47c453341c634bd7f566ad32783b2ac8e17ee3a5033
8fb43385e31e329c8752fb281f3aeec9ec1f7e60f7674c68e36384489a9ac26a,424640236,982,3db1ba0672252c6a7c0d46e2abf83a8ac26a524dc8de6721522348159c7fbe2e
8fc330bee7cb4b7cad3ebde384d972ff7f5d4e574ab3924adf4b862eb3139975,424550676,982,19d6710b4bc36936bc9acd80d440b8bbd0709cff99dd025d534e426e6b7d8cd2
8fd59e6b6aa649eb931b1e616a984d30f3a941cfa0b4c6039e8890ae6a103b9f,426563245,987,b9bcf3b0a4ec55b9f78d1becb0336c82ad35df6f89ef603e3c4adb8471a5bae8
8fdbf3f7b1ceb40a0a3b528cd41ebb7f967af7ad79ee6c86b360edf2ce50ffec,423683302,980,ca959af2697abf051571c5577c58f6da8f5fdf9d589e51a5f9ebe7bb08e4cdec
8fea4453f4e181d06f7fc3a4b598e6a86330193c40c0244391584e2e35cd48a6,424299325,982,7bdd29cca98ce4428b6a4d1626a571bba9e986ac9357c7042951ef834d226af9
9000159beb0ba4bf8b2357762059715826d0c9655bcbcb1b63912d78c0374d4d,426380850,986,a7e38a642d85b666a652ad5ca70a750de6f309a72a3bf22578ac6f286147d9a5
9009d3f807167cc95ec85d7fc7cbd117e9205b5257cc1013ca3ea3afc6900b6d,425611912,985,f68c08409f52ab71ba89fc7bd9e1be3990b89da32bf1303db3feeb9c31a95bf9
901437fa5294a4327116a20f933d2d4fb719d77803f215f3cfcda664004312cf,426010971,986,428dd3bac402ed36a904fb0f9e7f6aaf33d126034b19acfa3da73db8e9030d6f
902b22440c3570835ec85c2488d2605a6dd14f23d5c42a50e865ccc0ead03320,424225924,982,9a24d65fec5f270c9da3bf5cea87ce8cdb264f178522c2d1f59721d887102e76
9041dd633591cef5c939c3d71cffadec0e06613a6166982db1b49fa1adcd6b46,422780323,978,0961026577d649b58f5001b2c80d73e11055eee78ca42dbb350d8b466e634ec2
9046f2ad98125f583e06cadc1bb0b8b9a8459f860dca5f438668ed997cab9f3b,426838774,988,79c7787937230f0bb21dbf41704c8b902b399b117cf1a4b1987dd7817eb063c2
90563f6b89b6a3b6f0aa927861eb8201e9051da2da88df282d025248a1fabe5b,426452068,987,52ed304c85cc14311722ad24623bd5dfb243a9e39f0891070b98e4140129b248
9058564e7d36a72c96ddb8b1d66e01f20df78f4118c513be724977245cd3c529,422805070,978,750297a2a721d8f01f28dbfcec57a5c07ed29bcaa33662c4f1c6507af3f71cd8
9069dc0bd8c2dcdd9f1c33e21754206fb6915c728120e8158c103a7716863579,423494664,980,62222cc248d6d768168740dfa5b7101c30834df57bbcdeb10a1b4f8446be5bb3
90a02b7fde2b80bafb88a3ade47e5a2820df9bf6097dc5811c9e8bef2627fa3f,422528514,978,cdd0081142b176ee66a293efc2d9b984825660ea150f4ad891ef99371fe9decb
90a43586bf67c1d53be2b63e7f8f87111b0edaa3fadb9634ee354746748ac686,425054563,983,1f0b295b7a0f2391c74a1551d59851268abbf6a9f8d01db5464f685680fe44b3
90ab0e2db89ce7e9be1e0fb44a2e877ae8fd6c7946c054ae533a9097fb9c0b86,426933593,988,5bb7a439f800c96ca353dabb814a9a1e42b191bc47eb3646d6943d2bacb4c9f6
90bb4775261484b453099195b1cc2ada2b09b57b0dba6bf3e3a3c9e97a760396,422416806,977,6c3210167e02aa57b30fe8cf47d58f5df0661b0a40a14a998981281ff5131d01
90eb177949c81b2a7b0b296fa753303563447731fcd73e422a0dbb1c9229b9aa,423486151,980,dddcb6038d614a6656218082d4ee3de73e7ea4de78ade5c0bfd6b0f8d98dae49
90ec3d7b358bfd430f32ba91a038af32adcdab4f71ed66f798c9219c1286bc4b,424282280,982,e453966bd71c2d8ece60723e6686fd937b9c04ddbe7f00dcbd0edd4da361510d
90f4482eec439b5b07b6f83f0ba99e3515a686f83b73a4c2cfdcde4a07846276,420933857,974,736342d3a19ea869bab789232e337edc64ce55bed1bb2b719d787e8270bdadd9
90f471f2815d00e4f71b3b75024d6f360e9137cc4e1ed28c02d10c61a78ed8fd,423950560,981,cb252979d824e884b2f41878b1c975d5eec7341c51758f46fc395488be8b31bd
910075402323594947021eb5e7a65ee95ece6949261f6e1c0aebf59500643657,425962722,986,6769613150e18a5c64bf176e899063cdfed1bc792072b714c4d281e31011ee9c
912a7cb1de41fc0c649d57703a68fecd8f6ae9eb793adf1539d00de3a0232ae9,423869819,981,7bf23943ed9f3b85677c508ac364050452c3c9958090f39bd565e3c36b087f4b
9131b2cf76accebb812106be336323120b5fa122675f53154fe19ad59c67827c,426027528,986,797880a64046c4235c0dd88a0d065833c4c40c2521b507fd3accfe668ab4699e
913ffeb23325c3565ed23324b3627a47858b08c60e53080f06887301a999f174,424097563,981,778eea33c909150be244b66e9c986491ea17579c60451621cd0ce515644572dd
91456b6852595ec35e0c3adcbfb7911e88b51675f0c3afe8f4fb99fc0b629226,425835916,985,d79e10b9537bba89f641a36b53769ea04031d99648c978dba5de8399580da78f
915016a8b8c4573bd85ef8d4a816ac2c48f7d8722ca1777a56eac8ce4347833f,423350214,979,f1976804797fee3f2a7bed1d64126dfc0a33a4731677fc54960910584453388f
9160caa7e72d267331af60e765d9a2e6449a2c8703e0e2e123dfa928a3bfed70,426030961,986,df00704fb5b46d41e107ebd213a867364dbdf5d8300b86973a7674fe18a388a0
9161b447789f7f5fc4b8d6a9e345ee3c730327cec33c3d52bd3b7641dea942d8,421624269,975,8e38ce64cd8a369f6ad5c6d15343317744447866600e2b4ec7737c1d039c039e
91661a3946a53e10c7d38a92ad08bb35dabdb1736587700adfe9c7b103b015a1,426475320,987,472de6914fa533938701d80690db8450946ba3ae26ea7017e6e827d74fda1914
9166faa3558f218990c094d11a766ba4df8d0f00ff6db89ca6b7cadd56353ea4,424004200,981,612274f186f57f76660716a65cf516224af575c428560fd28a3c4fd5e9479bc8
9176b4d170f415490666b909f8e4bf425364fe58a2ce8768c8b947742cca0acf,425842835,985,0e2db859702b1710f076cef60ba1052a55ed176b7e86b0ed3eedb743a3e536ca
9180184b6633acee58e9c6cfb343bc4b2f924e67b447f4df0dc157f2e275425d,424086603,981,ba2d6854467cfa82b82789cded3f26ac39a556efd73825057c15c812a9f28f05
91834b0a7653e2f4f8da100f8c567665c13e996fb36216339d9b1ab798c53d8e,426282692,986,7d0137f6cb4a26f1dbe16b44a3d44c028197412146e97455b2a4944eb648106b
91857cad4a4ce06b15ab67b3ec51bca7abe52f047506c1014d4c4018db06e057,424932689,983,b43b98ed7499d677f1528144eb653526e8d63d556b773dc106c6c4cad9c980ed
918e42bf2512bb239a57feaef548999ef8d39a799d42656e8ec506ccd4380bfd,421237432,975,2be888835d98b34a1bdf8d88d6351ca7462ce1361a2950e61ead2ed5c396649e
91910b9950c61b58e23a25909ecc4fda473ea50b5278358cab21cb49ff23be10,427035004,988,663f6d2f00fad79209931953457da7e755174c6b7810de163018a0f29e9c5450
9197e0c619417891e9db5b89e1811591a328b6299b65baa67ec7fd69b71c8fbe,427997531,990,ae1616e1c684ed78e5ea35bb25c7f54091697588532c6dc254ffcaa4d1787da6
91a42c150b5cae2e75f046f3eadb7efca4bd7b2ed9f2a13b3586884c8e06c0a9,426295929,986,1a64107d9615a411d5682609163606332cc2041ea2c2ebd432e83609833a3c61
91a7b6db2213fe24f6a7ba4fa604038dc8b30e0a61a590f8fff415ee8478358a,426153321,986,8afd2ad4a1295aa6f384471902c9c414968337a78f6c5ecbcc77ac01082db6a1
91b58c35c9192d8b83e0c167edd40a8b374a0cae5c9984c77decedb283f48b93,427915632,990,a2c2e48310781b23fc8e166a24ec77b806bc24c7dc52e51134661a0a6357fde7
91bf71bf0b5dc72eb566cb8529811282e2bd19bc241c28a84e69388c626ecdb9,426273459,986,8f24115ebfec95326312c53c12870c0e7536d2452924b4b521d3e1340c1952e0
91c36ed756b8284ce34b912c73ea97ef24b0a442873195f4e97bae87cf8ef48b,423919390,981,c9cbb83927c278201af287828effa998ac61d28fabb390c42b26522291aca531
91c5a95e9d5c7dec315a8628e78aef7e9e31d10bed5a13e52881341058cf4b08,427175509,988,cd7eabe9061aabfd0b706f46cebef7233a62b196225a5a2b2a432fd66677e3cd
91c8a297205e42d4be5c8bebd96ed2005d1ac7de5a39b2b00be32dd15864f78e,426010244,986,a06374ecc3a08e840218c3994ec816c7c34f2531398bc6aec39c34ca56883e8d
91db1dee6fe7629a9e15918e979ceddad8e7ace4270cffb606883b96850ff888,421574410,975,0191284c17e130b46cc87e3b921dc02a4ef45ef57f0722409ba263c3e06fb265
91e6885fb0e09d284a93a6a221c20ced0909ed17c6502cefca78fae7d2906264,423136774,979,8763e2ce3135ec4a48163c778a59a55b1d5e42a5d79457ae14ded9a2527f7372
91edf4f7b00e4f45afd26066f3f70f72145ec4469ccdac4978b25bc2825cedb7,420810575,974,aac58b5f25d5bbe642da5c2dec6417cd088abac827d3bd8b65885dda34934fb5
921313839c52b602d9b46e2e465e0093b1a0430d424ef05250fe6527b783db3c,425927279,985,356e0464b7164c0c431d272efc68ef4cbfd1d02004dfcab7cd02af4ed0f50456
92237be0d1a322ca9b4a134de1dd91937035f9f02bf308e14c32d11f1b3e2aa8,421857944,976,731c94935006f1fcbf081c8fa52ef2a8976495a5b487321eb4c2b165cecb639d
9225a41f756721f48e06b7e2778d25aad829f924fb2d3cee25c6e18f50e4c593,424030846,981,7d186e6e8cc9b515b654ad57c78db04bdcdbc3bddd7f405b80a76c7f5214d304
9237f50c8baa636bb141aa5ce14c49b2f1d01ce16e87378760aacbf6c82d76d8,421808763,976,120317ab7e497fb2c5bd3f5634df7d9368c70ba206c6211a9cb07aafdc016039
923cba2f119b07c03542be48ac3a4da0e475b8283f5c31b761ed4221d56f8436,425305660,984,1cd0f13d122acf894b4afebe53610b083bf2cd0d4f5d6da60590ec57525dde33
92414f263442bb4a46bfb2d7d76dd51af5432cd75d7ab39cf6962606ae8019d3,423705011,980,8b7ea79be88a65d3fd48eebaf982a5d7e8f93177e8e601541472cb466e165f3e
925cfc5fc06e75f6672dbb6578b4304a35c0e825f0834dfaf715871475607772,424721836,983,304fb44fa0edb8d5228364088d480691b31b2a5a423e1b76daf68073ac683fa3
925f5cd20c2fe478c3a8c2696a1c6d0ddc2ddcd21b5e69eac808c08765b9faeb,421237916,975,b75457aa4ad81b4ef813f49d0bb0b884254c456418c8a6cc5f7849f8d85e5374
927e70720c63b2bd70fe50e942086458366c1bd7564a46cf8da283b9bf07fa3b,420803881,974,4a7974981356db78dfe66dc66455bf7fc196dce11e3e3ed4ad97668c33bc55d1
928a5429673f66b93fe4bdc19a3deb04ed4e5ce0d556b97fd05cd87fa8c3f222,423404255,980,457a36759821cc4fd35f9d24cfbe8136f1b05d4decc29f45784fc37681df5f34
928be02f5513ed56a171a7dff992174790a482fa0fe7359572e9be72fe238e91,423736622,980,adeb5719dc5b839ae333d3f4a0f519b06b7ef5befd8afa70059b346d0a1b510f
929d1cb3fbbbcd6b5b5da987ec4b549abe2975377008e5a0e14df1b88dc74655,422568495,978,638d0a40c7e87de35d64fea362a302eb17b1534d69cf73da8b61b4886e36c66b
92aea2c1052855d310ad8c5ad9f9bbef7b52e28976a675d3c62d82de089cdf37,425527836,985,bf3fd0fc403f3bd7068e682776ee25e14edfa1e440e53a393e303ff1d78570f6
92be66dead4b585afe0c1b8278046ed7d7b658c43bb5720dbe4870bd20badb1c,422426403,977,207747ba8ad03d41c0cee02bc71aadf71886f5862774877f8d22194e3fc0b46c
92d76096a1f9a00b484ddc41e4d3b151b40d78a3df825b02c772d650449728dc,425277437,984,2cd53d6cfc0e3c0a02432c4a84225a61261c8b9be74c8bd8fa999a5607a377b3
92ee8259c685401bd354ba2ef9b7fb0cf06601d0ccf8540fadfb31f193ab0b64,420928176,974,35f8a7527ba6e7fe80c807e1bfb208232d5bf58902e5097517acfde107c50681
92eed9a9f66eba6140c40c10312575b7b33a9d28250eb299fa938ea88e762563,425986314,986,7a47a9ad1da275385330e2b659da6e0e47395b374354a7192cec6dbac225ceb6
931caeca5a2e6e15d397909e1080535a8914bf2b3950bfd296dddbb86004688a,427171994,988,15ff2147f41ad6bdadcf853c2bf1295568fefd5908d1851ee6293be8e7adff33
931e702866980108049083db7ed0efd9d98367a524336dc65320f742abb77394,426456845,987,1405aa16ba47a7d0c9aab7a2d2817755bc6e249e23f21bfdb9d0a8ee65de40a6
9327ae55cc9c61fd8a8250e9349759bd3baee90d0afe62e4116cfc371e4ddb3c,423138163,979,ade9e67a1517744b3c711f60bd9051c1c0455a6258583438b659d3c75be1d915
933bffc3607780a17a9823f08272be3ea057c2a72eaaee31b0fffcaf35eecec1,425861436,985,6a5013d983ebcf2401fa169ce5d361d775e4fac614155b6281b60ba0cfdb66b8
9341b3608df0bff617a29453b986e32046f334c2a216fd70552e8f10589fa1a7,420931812,974,6e207062f4847da6dfbf37164c35f1b968b15db62360a6685d910db93e95a2f3
93433484b989698864cba7dd7c22e2d105e7e765d2f6fdc75b1184b3747ea87c,424362679,982,89ef19e185179de1fd01c7d4ecd2848a8e114bc4eefd922224d7d383c3b71774
936187790589835f2f09403b3139345fd5a3d6fb71973a19c2dd5791d0c5cd65,426071544,986,4fa315897ecbaf751db45a8ca346c14327a80bff0bf63053638d1157dac26c5c
937fbab13b1fafbf3b3c7b3824b8582b464e156550d84881a3ea34095d5a3fae,424650652,982,235a4594911c73aaa70787730e75238c2b1116d061a72621fa24b9c477a76ee4
9392ee7b3709d3dc3ae105e0e1a0967508524dfbe7fe67b51f6e9dbf7fb937df,425946887,985,a92976da57e6db19f7922c32f53c9b0e5bc92f95fa4a7a28d9e86389d99c783e
93accac0b65a8220de001ddecb608e1ff8ba5c35f45feabf8fdd449bba49b729,423966665,981,234518fdf77cac05b516dd3e81911b76039e706acb8197eb6ccaa1649807cae7
93b1682716db5525dc86e7e5a779797bfd8b584765dc3558a7ba2148966349fe,427445479,989,0b0eb947600679189b01123e0dee2a35f34519d91d27f209266449da5cdf4a6e
93c1f61ccf9bd537e45f75dcc2046706beaa0edc217fe28b1aec62784ecd1030,421535320,975,ba64869f4159605b46d6d52b775cd0bb323c9c30632386b60fa3a4be6ab52e9d
93c8f5a75176d51cc4de039846f3ffe2e4b0c959b8bd3f90dfe0c0ec0de61ab6,424032462,981,1c33548372a6c4525dd219843913f8f60b44dd2f7c248fe3950069d92ff616d1
93d158e6818613b4b2635fc02ccaebe03c1c8cb2f6739c257c75f3473d5458ab,427543916,989,d5c0fc54b60109b8535c3eeefa0e6b6698b0c42e582a37c37b719e85e252ea3e
93d1f4cd37795a619bdf89e798691b7eb1b9d96f1952f4256f08937835a3596e,424029586,981,799640b611ef752f9b926bfbcc14e76b7c5e231fab6b42151e841bae22499083
93d8104edee4b68fb617e4288613ad8bc7a911a76a7c28f6d0acf8fd024ec424,426338399,986,f219f6c4101e66e4be3a027c6d435aab9d88fa588a83d029835f85f20f4d9997
93f163e23c4f710b559a3c2963103991cb0959a026b216eacf3127dc804c021f,424787936,983,b8c3685896da24967819d91e076da8ed62fd868669a6f446cb934596f896721a
93fb095efb0500e7cf1a04195a4af72a19cf4d5a1fb78f19bc3d98003b01c956,424064942,981,ed6f4d145767d311b6915d9171eb246f9a631cbc651440596c7278c3c0c245a2
94055b01af34bcf941c77206940841bb9b2c4783a58f4c819d16d02f0663cfdd,423825240,981,105f7137d2bd6ca1a3bce6135d49d64477380146a5e4c08225d70524d6f154b8
9409b3b232e7c704dbe6709228224b7e7edb496dc7d1c4abe03b363494583574,426903788,988,3f486875ecab600b13d8d9b258a65dc25ff7af0b6e594420d4850de19ef74d84
9414ac97b2ea1a829c7534dfe2b8d7ea658b726912569e7f6fd070245d8a7f17,423348585,979,0ea78a91f36fdafcc99d03704b0485dd1e30b9e0f3a92ec29566ea018314f151
941c8c6f90eb1bbd76e4c12f88cbaca9bb1eeee4ea762fe7b113fb417f3ef4f8,424220630,981,e5a7f52c593078f059403dcbc8a1709140e56fe7f08bbc852b7605bab47fc877
9420b00228d521e17acf641e240f0e9068718608f4355af0c9d5b061baed7fe9,424003401,981,348eee9e6134f60839ea4be076e88d62a7e3b03a29af60b55b7084aab05fcf93
9448cd1d828c6033cb024e2b61b69b6b77ae140ab559d3e7b8b13e162033e5d6,423568746,980,a490e6ee89e58703746cd4b5cface724e170f12b52d603965a85175355eeec63
944ffc2671f8babba300aa273c1e9319560b3cfd6a39a59131899d3e1ffa1606,422789095,978,5c08c8a104181d093b9c5a8fc3cbdb1650e5d0c5dd05cf61246c0ce469a96cb0
9468f9326d29348189a9d2b07e86d607f214310270a601e733629a77515c9a5e,421908955,976,2c983b2bf78b6e5ae4d8982d80230a42c78b93a391820f4c54662373317d5f82
947556bfc539866298ef96c9e42673d402a595cafc478340d13d8073e4bdbdb4,427932119,990,a2a4bf2f2ecb21da77f421938efaec2e4cb8384b6a9e5e3f876a14eaa6694eb6
9485e7e203e1d4d0ecd76c61d41c8ff70b6f8e14f5037483a2ff4f155c5c7190,422426244,977,c26c222985a57a6e4660d4419e821a60e016d1dbc6238f6e1ee25c32f70e5321
9486f0113e5f1eb4f5d26cfa69c3969a661c171edba78c46edc99e80e8ebd2cd,424346058,982,e8d7b96c9a13a042204deba2eafcc777012eee1781829348ac2b77f3f9e8184f
94ac829e51daec154608cc4f77d65d00ff3b8257f9fc2028413605ea399fd665,423782394,980,d62cb296e22f04d2dbbc73a363f3c870f4aea2144248068942efd2e1722f1600
94b6f65af9603729bf814153f070a0b7797a05b3a04023a76042e92f3e0746fc,426026406,986,f3989cac1d47f2b79be2d835abf0922e3a8e1e52dca1828b511806bf9f896564
94cc4eabcb8db6a80877ccf3a99ef85dd0377aef986b7f97ca2e185f80a6426c,425922360,985,f28ec6df2beedb737695c1a4d173db3a9d817ac83c351fe47361b0505c014e57
94e5b496b8475a4a9ff04b53251d917f3015ab6c03310308c777b0cdda85fe61,426487152,987,631336feb5f445f7cec3ecf9ae7722f48cc88b6414a1d6e2674dba5c139c3b52
94e7cb41995af799b5fcda5e6256a92f16cb46e07cbc40eda731e29f809dcdb4,424043472,981,1a052f742e2d6d86057b9b1a36db3a3ad493d9945201ed95cb051d0358702d2d
950186ff2573577a0552a4c607d55569c82e4230a8b1465f594aab101c79d99f,425799534,985,3dcaf444cbadf7dc91bf98b5a7530b895994565d2a15c6fe788337a1e163aad0
950344dcf8369a12cc19ff591d16b40956334946727f0493ea0fabeef611cb9f,420948558,974,1de303da7e6aaf66acf3ecea75e7b327eaa8a7729a50d0785311bcc9b4bfc141
9516c3a84bdd9949d448ee41ee08994b2d248efcf90f9f7211f0a215bc8e90f2,423890808,981,bb49ac703ace1bac7555142accdbdaa39537b06cd4b0068ec0a5c24ab2f232e1
9528c4a1e1ce8860a24830960b73ce8a54ca6cd3e62c6b053186fcb7c78df114,422782352,978,a03aad7cfa5f7c84e07babcc2fe5cb7a283f2e033d9ccd527bc7f4aff42870b2
9548fc0607c7fba1614630ad3f36adc4b7171df3f9f4de3d8f153b0f2faa0875,426319581,986,1ea87f76d19bec1ef1d4b046dba95117607b2d3424b82150145145e003c0503c
954c588a387543254fa0a926b15c0bc116cce89d22aa1283b71e996e1bf4f74e,426362942,986,3e2f77609cc6d9d3a2b60b165b376f018e0873b44d143c84e1f779965699c0c2
9555e1e7c702bb8f341157b1738cd988a4b522e40408dccb891eb977f10eb05f,425975615,986,15e7a8cfd7e8b4310b6bffc5e0baa6bb47b38f0c8aa2b0c74db78a403cfdd13c
9568fe9407d0dc752dda40ebda0b00a76f1aab23832e71d20690e248abd44b4d,422798320,978,6b378ea70d0e48b2477171f52cb0facadfbc2c10e0de0adfa97500a700f42e3e
956a8cbed4e7a4d849d204f2d54fa4e22c857063340c9188405f2e8a0ead451f,423135112,979,5b96f92bfb65c98ffe67aaee973cfa4e504978945c5f1bd336362f89d4000ce2
956e84ec1581e3166b991928af028b849088f0c688a854b0ef32d253d336616c,426285346,986,49a1db3c12bb9b575fbbf4d90c0adbca7469e79e84d90ccba4fb47d964dbe358
95952cbe0366f48dc97ca241d4dc0d98b9517183ee4e42e28b7067992d54f359,424089574,981,311c7f7617393b4aec69fbd9fb927df7ec610c5cdb2751de1f9f5f2efb19393c
95a0efe831103ae9d292eb7c55738ab358aba73cfaa75d6ea7e52357fdb5b6b7,426775038,987,3bae8c8613974def8b99e9eff32dc23b92cfd6082c192700bb5f7ccc0e12238e
95a1547b1999deda83f40b53f974b611447509c53399a3161dc2171f2a8cbbdd,426413737,987,75b08dc12d24600cce7292835078488de4a3845e8b910760e733fd2ee41d4230
95cf8f0a782bf714e52309c71797a853a6f8783e9d8aad948d2e011413b58cb7,426259669,986,b3767edaaf6f89692bb65baf02d35bb4210de185fa0bf8522102ebf017bd57b6
95e2a34174e7aa4c63fe1a57f0641518e41a87fe05c2a9dcdec603c7a399747f,427593255,989,8ba6b229f1b0d066b43822b858eee91d7ccf544ea243a2bc5073630c7e7f3377
95ea032fb2146c8c76eaccd4b625f979656522085aeea2bc804b727e3934854c,426419401,987,2023b9bbdee674c0c357b21d6a748de4fe25ea733f1d1e067bf761547f4ed2a6
95eec6bce6ea9b21850d7551375c773ae7efe953313888cf197695496b422b5b,426682933,987,0eca56f84cfa7c3c31753db5608d3153c1b1326071d0d10a44f6e67b521a6c23
95f5198b2ef5d416a7614eb83f8413a3c3f5566fd0e9650b532a6f8069a3f2a7,420929042,974,c67708be31755cc58a59d141d9d9d1c3e75fb98b2b04b39b48a28fb2562b132d
96039c2094273e53852b183d25efb02dd7bc20d7530f84b4c9b989af34c9fe38,428080191,990,08acf16d5aa22acc2ee2e2fbff8918194b2f46085c2adec9ec933c2a412193b2
962511fd23c3187b3f19aa5981f2057724554c338815a5bcdada2870d274f1b9,423937004,981,e6e15c52a572c0ebc7ea754686e77ba88c15477cf9936734977f3ca597ea52cd
96253de5dfb3845c63efd534257b01c02a42904d64c22e5d19eb6d53212f8624,420933931,974,bbc10b0c3f7de49fc021d9fff3341ed18740387c87de4c17c5c922e5127114f4
96307ec0b80f8622440847eee86abd25b8f2de8e6caf7137477525c68070d3cb,426748114,987,23565bac35776217d4589a8d2ad994689e71e3d382d726b45e23b099c881ffc2
963981e5614bae48997f372c293969ef6188fdd7fc56ec7110d22e278a817b32,427074122,988,2c4f196e04b9193a9ac20c99da1be605a0ef5f09088c9b5fb47f78cf96a99b11
963d733f49d088d02b427f53d0b341a0750941d841aa21992928bcaf163cd8a0,425839207,985,71d9e289392687df7823a073319cf50b37ee88f90218c74cf7b232a6dd18510d
9649dfca9f7487db250edbd4f5fe22ef8f4cdc50f5704a62b1cd3cd123346e71,425714470,985,0615b99628364106542f837cfc7c930041b2a5745f1d5de9c7addc6932c660e5
9653eea0d5c49e82eba167c5f6eadfaaf1a2ab9f692c323fc2003e9fc69e9f75,425236752,984,ddfed300400b76b3e02c1c705dd4d5b33af1851fe3190211e8415fd52e324f6d
9655df10a2d652d67aff224277c6818c3c87ddba9b831d8c4ad78343e9c716d7,426162892,986,3ad98c93316812157bd1b19284c5f59a5649952f78a8f73d7d8594eaff4425f5
965609a94b307d37b3c7e523043e2d05499505393b0afed9ca295534b5ef04a7,423453726,980,37e447d5e2e65344558dec592367c815107ef322d6bbfbe6c4f8f1689a6b92b7
966f8295efc8c50f1c2ff980aba94fceda5169313efd5cd7eab66680b6884e4a,423714699,980,9102c047e9cfd6ed86c3d8c3ade80d533833c51cf3459cf7e5cce096a2a733bf
966fd923c9d8e6a20aec7efc3a7cb01d40f4c8eb477eddda807cccef09f91085,426228049,986,356842a311ad82ab0ce65d0f4bb1e4249d4e260d05a7fd084fc6d86d1f1fa38c
967970e0b54961a2ea732ef745ef1e524758e071e06c5f0c12438892f792affb,426062262,986,b294fce809be7fe7fe3bee15e20a77826f2157c0c59d24c15d1b3be7e6537f44
967fc6677cd10f7a119226b9694e77b7792c29a2195e5920433dadd8fa2d366e,426664341,987,b92cc164295ba5c89bf144b1cc305be00651eb8f094b4fbe17939e29dc81f576
968e62916f7cb5abb601ed3a40d8909438fd406eaa0ed04b17e70e02da284cb2,423703921,980,813d768d270fc515700b6477c14b8d7dc54272557b27251803bb4e7ffc34dd60
9692606152299590116240a29fb6d4847e64fd0326c8a02349da169cb8afd415,420933714,974,f0140373164c950ae34434c08e1f6ae6bf9e90d503c0a00cc03e9e4a48b65a14
9696e4a508de24c61ae5e520e92d8642dd4e09160554c64878168610fe55b55a,425796239,985,7ae95c1ffa833d762d54cbabbe4b38b0b8feeadc6f9197530184a239fc87d171
96a3950b1f6cdcffce2dfc8e9f119b2a8a9681d9371fc35e6ca367e030f5d0b5,422398852,977,98eb95bf1fbfeabf8889132fa4cb9c0677cb2003345ba754bb82fe4e8b81b619
96a88da9856e5b491b57974e31945d009e4de694d265432cdb2bf9e40ff66b2c,422820147,978,578135805e363de604f265f028c59ee829a1bf94c370a443faf9e92812618643
96b0d6af3e01fb8d836e28252d7b27d81fa8a1843d5ad0ca9e9643184c6670e3,422802636,978,112c9c97cfe68ba639aa9dd58411de4bdec18c88a41ae660d14dcf023d8122b6
96b91f89b7e7c372010bbb6005bf11dc11e4fae67849669b34660546f528e535,422922935,978,52a0f6979bce3ffd9db6c649188574dc96c09000e2f4596c8451110a8f392473
96c0d260c386d77e0a03af8c0b76dbf20a29abe04f8da91429eb81e4202c2700,427446988,989,b78ff9af0ea4ce96e469fb7e68e5c2df8dd8c1832fabf5d54f12f8636d4d7374
96d60129e9c206c8ddfcf9a6dde0c9f13e16ff75ba56d2e97d98f1e029f2f701,426534208,987,f65369da910a042ebdc7d40047d547f4ef85db5617854b38af017a44fe375db6
96e5fa3c5962a4cc02cd452d3cae7c947969a87424883ff6e1bacb45ffaf8d1d,427479984,989,4a5b8a1e22e8537ea28bc2be4ee0e8938c7eac29b130d1e09b7f7e5cc32fc9df
96f279373b1a1894e225ce09613cf9d0e34af9ea49a481519b94647f0503b220,421869195,976,658db80401b854f2e17687677dfe098f0d297b72f9597d039463d132fbbdb4f5
96f4f9cdb9693907723c6d00feabcb93ca8b6e70ceb4126657f23d51c18251ef,420928740,974,65f4e2891354d0a0a3f7eb388987e542bd17f0fb9775ab7e5f32e07ab5a76e22
96faa1c124f7035dfe1bbe8c1fb15069340e491e420fd292a076690d3c7b9c0d,426749978,987,bef82fd2f78a8f3175ae2b4035474c41b6571ccfcc1ecd379d487e927efcf6b1
972058515bec22874c02c587aa023600880f817e13396eae2ad0071e927c6f26,426388657,987,7d55c89876c258c40d01635d3f7181b37e475612208ec26e616b0743b1515b9b
9725c1308238177fd9db0ed1f985b99240906dd1305fb247fe4b06ca0625df98,426427048,987,1b47d28953d4fb90289f2fd7e1ad44293cf22f05e5e4cfebab4eb355193a9242
9736b14ed4e152b06c101001ca6fbe6df055cd5c5b75c9ba27f8a2e812aa5b31,425793362,985,d7df18829769ecd7b08317c90566afaa5ee96300c2c698a1337a0d7c9661b31b
973877fec939d3b7308f573d5343e90ce414019c5163e517cbed00170801fcda,422781827,978,997d36bc32e14d426ed1ad086b861b8f1c25291fbbe3b7fa11c745e6b9099985
9743567b78f82ff67504d4c617e0a000c292a042bb696bdf65c401a70ed9bbcd,425206876,984,04f499583d0ad59ca7791526ec6baa0040f7b0ecbb18164518105742fe0a62ad
974902528abde644b4a867d21803b245135f2700f97df736bfd1d7ff366889d3,420803318,974,2dfc7220a51d9cdb29156b49640a474b99f62ca05c3175271b530fe38c322318
9758de1b576e967fc425c23783d144aac0406ba5c83586c78942358a77a33298,427481668,989,7472da2a091954ca8583bdeadfcc8b5ccae4b5bb7d4845fac5f43112d6bf0570
975a1f1957ce608708ffb4e2e9f1fb34cbbf53639a702a320d17403902628c04,425703035,985,5c001d6b4fa62b35b163d99891fb3834787441c02d54406f9bfea055f3ec4ed7
975fbc8c2874b773e7b33c89ed959c65ae93db2f54fe41037180cbd14dbc898f,423855314,981,24fddfb7d4b3dec5a1e127d11c1219a677a6640c4214496a3bd0e8b9e5e6a962
976929098c3766725fa4f92d453105398d223e98e62e8064565c3d97884bf342,426155336,986,a02229d9fa3ccbb42d0f2a23daa5e7f7e1f7364bce872a963e2216ba8d4baf3d
97798e1a3b39579d65b6a3d1a306344dfc5170261f4ae749ab3c32da51a41528,427640444,989,9215c8bdeaa9683b53ce16e96c4838a3bdac15100b384628e64784c8e0f57ce3
979b49a4e96c8522626060830872743cd54d45a51e4327c39f0a54df68def261,420928664,974,d0a718a6704492688c158210c70820fb018e421ec80caaa0181e84e62af38e49
97adec688ee044b3472f78c713241c1029d0dc20b3f9636e2caba745e875e1ca,423691530,980,ec4140bc6e50ef70998becd9901d7bf8736ea37a73fdf0732b45060e9738a347
97b1e224424acd486b7247787928ff06b7698f47fcb933fe7b0f4405ec03cf82,425785056,985,c682f4d8e642368f350902db2e3767eb7b6a008f6571fb4c53eae9f48a8ad868
97d6bf7f240a5cdc8a8145a6af83107e09037589c4f3e5ae32a2d76f01c71233,426558671,987,a9d311c9448ea93a46e5c09bfa2cc498aa4f120019259fda32a14984876c1711
98007357d46ef70747b1bc30d3e4be0d39dcfba7daf189abd528177a04d77d04,426090578,986,647b351e3b9fed4a7745bbd4b346446551060cabeb453e61f63dc35512b2f58f
9806c1e90f30a8edb5ba83e9a5dd8e44fe97c284eb1ac4fe32820850647eb4b9,424573364,982,d915042eabc2ae3e5077f760c7c936219c6578b791f00149b166096ef53c0d06
98194c816e019b1e3a872e0b4e4c4189e14de7fa20fded4ff774e23cc60c4dbe,426639112,987,4cd5f42d4d7c9ea39502e6173dfced800c00d64405844feefdee5187ab27896c
982a21be0d235dc87b098439a73a80f119ae9abe3dadf17346e8e1e213eeaf48,425664510,985,6a5940fa8b9ce1d7f44fe865a52ed0fc154f15e9d985a4c9bf3a13fd6b7cfcdc
983a24e8aa328c4c2c53b34074806ad208900bdf71517982ede76e03dbf21a28,427649463,989,a42aa903ef72ff1ec9a00abb26a6b3f423a102d13c7289d7ae2c0235d6acb3dc
9840548072a0806172e14b6c32b23d5d0c6221e59d975e0d33663ee8e9f377c1,426122726,986,e7d19e972fb16ac9afc663d6545d50a31f4e33506ec631ad59fdfdc6f15417ca
985ece22a3b26a9da3e99ed9a3e112be0d9cc31d1e39432602275bdaa69c9ecf,422484983,977,c68e6924713adc06b82e2907b317dda72e1f3d569b2df5e1cb131a778b61a3b8
9883d65e4ec272f26f57993098939e05527404aa5a2c76736f21646092df0bcd,424260881,982,50eddeb06505ea2fca21c06de846242f511affad74654c44393a2bd4fcf5f56f
988503ce33baca0555abae16fee174828a830e8ebe5d04ea653506212a797761,426355265,986,204e8108aefc1a143e272a5f057690568734e4f5002f0683a795bbbcbb0785c6
988e1b97f6c565dfd2bc287fac756b084fcdd4d9feace7d52dba62c42f764066,422414439,977,c7ff4cd5d6e5cabca31f767fb9a9fd9b33de712c4f0bc058f60a9a16a397f5cd
98971f027f7c1fc8f769ccba17c425b6690fc8dbd29ecc9c4e8879bb7df3bda2,427854751,990,128fd666680588d8a9e29f60742850b7130bc48f3e7dcb603d9778db4a620013
98b7772795d4e803306634d2009331767154ae962f4545bacc9807d7c693dc55,420932195,974,34275410b2c69fa098d389325e17762151f9ace85e41cec450073349abe057d6
98ffae9ffc92a158a774cf7acc907d4be2a83b6e5e6812e078883d299900f7d6,425288964,984,f0ee54a70e971c35cd2c1647df61a4b9859c86feccee8f90fcc36a8b31c08b16
9916c54c59c39a98a525e25aff2b9f2a114e2a8a17bbca98413e36c943bc247e,426464597,987,672d6e3d2b7222d8a96097cd3be152e7d3d92bd545fc09b2fd57102abdbdd5f8
99356776e296630e6d5e28f404b5761c0bffee4d142749470287901f7cf0f0c0,424094658,981,db8aefa2b184ff0f1a5a525afb623786549591bf0920b774caafc71fbc9a767b
9937ad381ac3199eb981237050d86bbe2c1115d66009571f30f34c54110cff84,427923804,990,3a82ad1be60352d5582b744f1da344a318b0f9c3092aedbc8f982233f0b35f60
994cc27b54eedd8d3ada72bfd4009c5350688893e1350d58cc7c2ff39b7ccc2d,422569893,978,f799ae219431a1f5a28ebb852f285020b820ce7eac7c38c0c442dc743cabec56
994e449b779fa792e34ebf9bfa0ca838daae7157ef916ef45fc19911664f1c02,425934315,985,b944e80f06858eb39f2ff4507a867379ed2de89a69350c2649b6b61a1d304109
995bdf947db7480ca2fd1425b88bfe7e963c050ac7964af008c77d1a84081188,421798240,976,2d5682542cdbc964750d27a5f30024adf625530a645f7e769efb85699b9ba4f3
997370962f65d33c5bdd5de6cb9dc2a8ae7e33c362ca7be335fc76025c73b7cd,422504732,978,14d46d80a9d95932c1486eaf963894e3ad1348ae5fc72c441c8abd37aece10dd
999282c7b3dc51c9194e59aa81b5cd8b9c3243050cea6f327fd86b4dd0eccdce,424065137,981,0640ab0cc38aedbb1d06b519244af0bf817769cd92b29611fadbfe824928339a
9993c94cb6e06b7b3e3621e29c98d84953554eeed0cb391a797bebb34c4c07df,428011482,990,b3813a541caa6aa2cf626ad7bdb2c002d7bd66f20ff4ea650f290c64bc45c6d7
999fd6a656a7b53ac09f134c888c1672386add60a206b1653c2ec969f6b9411c,426821134,988,b0e6242a3c512f80fc99a65ff6dbf9c136b11a8cada1d517125f1788f11e66a4
99a6a8654b456882a558cf97121c12b3ce0cfb1dbe13027f602e660a1fd7e994,426953518,988,4bb1a133dbbecc15329c3875d33523ca756e57e1b3a631eb57346630915b3b9c
99c0c3f794b7f74f13820cb7c5fa954dc18bb185b8cf5dfec733d9ff5a3356de,420928445,974,347386b17d7bd676bc8b60dd4b4f713e51df2631d07ee5e7cd2c52832048067a
99d9370ac544cc98003c62781147b8df0f63a19b614a6d344a41856993cb906b,422014838,976,252f502b2efc90e6c88935ec0d20617e0a21c0306ed75865ca9e3e92cc6b2b88
99dc37778901acb95540e4d8b30238009e31f507d495761ea1cad8283b2caf73,420931654,974,27b789c1b65cd0df27926b1c25f220126388adcab0cdbe4babf0a49084ca6505
99e8c949362a01a6c62f1ec09470ad4f3fd30fd636f84b6daa6aef26744bf1a3,425071946,983,902628333e14dc9522a427b898fbeece963b1d3e04cf474d9ee6064258d22b3a
99f22b072dc00c383b406a73919a4f8efdc0f2d45efc37366c698458628490c1,420901828,974,986676cf5dc6172375185d00be9e95cc67a6d5e12a1b6064c18c4fefba9481d0
99f8061863934492eed570a99f744ddb4ce02e6693c2b2a9533b690eee9c9dd7,426972701,988,67d163e146835f378f27b22590c4d239bd8c21cec1d57c3994d290416814ba32
99f8838019173f59a86d51c07038f7a498596862b557a637ed83061022a60ef9,424058021,981,759ecb43fd4fc8e00138252d96a2d8240652837e22bafb0ee338f9ef8c42b118
9a24bddad072685a9f6a9ee80885d9899d337ee57881ce57a6d137077c1668c3,420934541,974,afe563b772a7c099b37961ce0f891694c0a8abdaa069e289e5142f2001ff8e71
9a351b6d5549d362d1aec161ecd74a86a459e9faaa2874c60c05e9b5809ff9d3,427481556,989,5a7a786bb65b0b914fc123fbe283f993e667698c06b3228e9c2439d4cb81291d
9a3ba0c4f793777cbcbb40d071a4a1c1f45b52e3bac49a1b579379cedcf2a8c0,420902084,974,8000fbec84e561cc04ac4a4e1131dc599219dbd09055f2696c259efeaf0e3765
9a4c0833ce31ffcf141257c8baf6ae0ce3fe71fb5c8f5d95679a50bac2ce9ab0,426801100,987,948c4b46af6ff4acee0e67ff7d866c67ff24f2bf665fb8a8ea87f2e29c0d7ee1
9a50b73d56c3830810c6ba04c13832242748761ccd189e18c23a0a2e1e7bdb92,423901640,981,536f84b112a19097efea50a765ad0f0a6499aa91a9e4242aeeed02291d072255
9a793277b5ba61b48f1b8dcced5c8957af6d7ac3d5bfb91cb5169d4478c805c6,426374832,986,2c8351ac5443fe97221b604ad9b70acadcfa77a43228bce04b4175fe4e198fc4
9a9648fd593ec7fd5f0d7abd22ba3170e20d5b72c38a063d6510ab3237f6c231,421423132,975,c60972f83f1d9e3ee27e4d1c97003eb8574076ec7630e0f9644174ae9f9b0555
9ab46682523b9af0d9ffd4703ba304b591674409c712a8bfdfc2b38671c31450,424444813,982,9421d65a0c34733b6d722e2ca59749b8ac9f206592e34e707effa4311f0ab97b
9abc17b43e72db8a3aa461762995bff335c258748df8d4c1f550d8c57261eefa,421146936,974,231a75a63f17b18740252584e135a26ad872fc025c588e7f63ff44467bdf351d
9ad1a70a07ade2f843223dba839b7901219c7ca38e567c217aec13633281e0cc,426303633,986,ddd82c4e586496d32ee2d9dbfc7ca42571f811835ec97ca3f808ff2416fbc736
9ad9f08c79e105fbf1e786826891cc61f395d0b515882754c2228c2ebb203095,426116071,986,1353513c0b32696ca1cec7418964482022c61a7a0557ae981ec9cfb95495bde0
9af608772c9cf71ad4294fe7eed148605ad449fd399667fdb2ec72d716abc49b,423727492,980,d6ebf00afeb14affc43f69f682fa6a744c5c5193bec7ec27c5d5a5cc166b2637
9b06b67f68dd0e9c23fa28596b6c20f32b3f126b613ce806c287fdcff67e6896,421917226,976,d58107d791a2ad8089515830a9ba615ea65166ea38b8485cf5393c73e1636522
9b1b45b2eb2f01eaf59b031a19e1b00311570f2488889e15bdb1ed2491ae24df,425817289,985,7048350512011635d7f9f45030a93188cf49579addce9a657157cbec02da8411
9b1be19a475c16d53966d9e72bbe33200cb6c921c68fc3f2dbec57ad85e31015,423777462,980,19fac210a9903e74fd2bc16f3b82e1fcda8c3119968d91ba1dce98ff0dbfed2d
9b410ed30814eb1db3682ee5585d6d4a1d358603c76e0d142457b2ffd7bc5386,426707521,987,c59edc44eba00aa9448eac84990d732993f6c0e854d12f37f2dc90de102bca4e
9b8378f586bceca6dd43eedc06d84b83d27fac14261802b4b084c5a5d4c6f920,426241966,986,3c34ffaafc5b421a509a0cbab4aa600ce1e2fce86d7a3b4cbf6533b2ddc4113e
9b92aac22f1ab26cb78ce6156f18171aa439afcc2d6f87ff98f822e4d371db63,424002216,981,b15aea59c46d2885a78571b8a6e9e35155696449c7b3a4740d60eaa9e5374542
9ba291554f7dd6a134e0725f76fab80d9faa24cf15d049a49da65ad3109f38ca,424903100,983,aa592c50b64a9e5e2ae7cb0d64729556f277bab6a0455e0635792b56628a3ab5
9bbe2d81c22cd6e33a1d49204fb9a2d7954a8f39e683644010297d0790699db5,423967273,981,2819b919c6aab16559a53270271132f34b4ddeb0787235c65d357739c6cdb3b1
9bc06046d85fe0b8d31c03f16a4d62542e82dd36a283c1558363cc21dff0ae00,421897253,976,8555b2e0cbb9c6d7768bcfe9f159f283cef79f0c9d0814a19f131765b0222cd7
9bc2cc849875ec245835ab63b9895e124589a80fe52de94428fd298d3f8afb09,425830028,985,3b8438402c6e22376cf37bb128d05b49f8a37c1671b54d65c61014bc83ecb328
9bfb74c69e4c29a5cb2ecc4110d8814fb6a513d9dbea1930d2b2974c3a3d7c0c,420851358,974,d027b79da491a18f2a89242df7dd270ded52ca0c8f5e428cf40c8f273775745e
9c3840f5b52a20c823248413a40366ab2b1c85aaf8fe1d3110a189716bc9c632,423921893,981,7b464982f88d6e22916ba36a6a258fe3cb3ab53d123913d3dd954d769a7203b6
9c39ea4b4fbb1b83e6143c0f8b55fa9c0facbe796f1b1b53681c1e6ed1d21a17,422794334,978,ce5052e2b284c00c6fdd32fd7d464a0b19eab0555323d55ef8b7bc8fff4a41c2
9c510db81ed5828aa1b0ed4b961d5f64d697b7b829f3bd94c920f46567fc2533,426633870,987,63b01c219d6158390e1a12ed48acc045d4930761c84526a86c3f3fb3e23e30e1
9c605346170cdfb50bc836de9471cd90f89f7327be39ce1717e667803a88b075,426097399,986,805c669d20fb7770b4d0e3070264f28b9d7376c14e63890b8b84fae084c37b68
9c67183790608f6c60136f80aa4110892b729c6afa326e3e8bc6cdbea5215b2e,427580335,989,cf3b823746fddf031d09766921d934eb1dfab104c837c74b5223345ed948e1b1
9c6a89f31d88a8837eccc8a3feaa5223ecbc64b62e058459500595a0ec9ece6b,422822868,978,6ef019e3cd0e3567e23bf71129224baf7b475cd9226a68fa72ae3fd9f863942e
9c7a841c620f4ce0040fda6db91254b2b9c5dfe89081f4307a1070a4e1af3be8,425148482,984,f8940b8f300f55e01349add46ae26b8eaa6d317a1ac6ab33de357f7c3a417c5b
9ca6c27e1dbd6858bdb5853531100185f4b0da0605346e6e902953f47badccf5,424714106,983,2215295ac4857270eb68461c66897d694c6e64ede5e975dc2ebe1a1d3f257813
9cbdb22079ffb60b434ee92f89631b63d3cba2048feab7f2a56254d86a64b960,423653337,980,40274604ca0b6bf8c3436b61673e23c4091a456702faf8ef1d1159c8f6d9dfba
9cceacb7ebe6bfd7926dd396b84faef4a11e596fd26b1b7f745a9af73aca3a7e,427392669,989,c0b1e16031cc4cace5b756f67f8ff39f9e17fc51c2bc0b5688a976d4fe57bef1
9ce5e3e0034f842a470b882cc656246362673f31fcecd223570c3cf17dcfdabb,420782473,974,7bde4a16c1432e0e0c87b6701ed7b80006decf49ef548d13ea28b06021612fd4
9d54752a77ddcf2c80ecee11c1a797cb3c08eee17a0bc8ec27174d38241d6341,422794804,978,3e4c81567bf0b3c4b8dbd1b5c0adfa2b704344d5e4fb4736e8e883418677ee97
9d5902c5cd2b8937ecfa015d5fc97ad3dea80fbcb4fbb8d3877ba83c4ec32e68,420930734,974,0ea7611c1d1597f690cf81d800dafa72b1e4a38149b27cdb308f865bfb460905
9d61894d4dd0fb76cb348b30ce00bb37436773d1c73f4918fed2bf3ad3b6b916,422728173,978,c4caac2ee7241869f74428f437f86516fe22eca44ab878be976300fa4f437f06
9d8f3d7a2959390d0cc293da542519454cd2815dde92c5a9064ffb8de7a473e1,426820584,988,f9a9b3f081f46eef95300e716238b3e29a51cb3125b7a613d8ac3092c7eb9c0d
9d92855d31d3c943cdb03eefcecd4efad7983c96d8bf7b6b9239be123238e18e,426217914,986,b20e7aed6f80fd4f058c34709edfd6225891a489cdf09573ca57422cdd9024da
9d96acef85f27899a8ad418f4884e2996383b4b50318f90864718d8881ac0dfc,426254589,986,7b28ba8b61388b6bd48dc86b58a5428c2008b6cb32067e36fbff2602c21e849a
9dc28ed0cb8c39c9d2dfb3f999eaed7f9a5bda57623944b42d4e8e80df371c58,424274014,982,a339d261a9be23f172dace8a364b69442d3ff804729a7ffbd1c912f4e2bda3fb
9dd0cad41bfdd62e05d206eb9a9e4a7af06f4ce94cf6922bcf4ff0550d90946f,421798108,976,412f2a50f24aea646fe7993d7a80747b31807f0a7ea5372f40e1ee973fb2cca8
9dee1c7b13c3a72b21659b9ea8e930b2dda5fdf9eec042dabc4c75fd37f11bb3,422783366,978,78a6e4457b1cfff295ca3f8137146a0c8209e3166c8095fb8da2510756ef27be
9df3c0059ff943568792cc45c54f36860a79c85519a1f5a6428fb00e5dba4ce0,421876293,976,60f2e6b72aef286940181c3d1c415d7f8d7eae415140a0276c86cd68de7b770f
9e3e6c3a2e909407c1f676dcbe1f521364a2294f4e3ee342728ace3ce4f7f9d3,423932723,981,36b386d0f65dfd8669c76f10f99f42c1222bae91d795e4c0fba6c9a72672d4e0
9e4d0d0e27683e41454f633b9a589c99608c8974aa6f7c4441b35553f90fd63b,426480717,987,5334f30a26c598324e18c55eb16a5b7d19856f5155b6753079c1c30ddcceb8aa
9e60996c246a470f9413c673726453b515c992c2e2a2eea11c6d769336fe3bdc,425876433,985,15903200673df6491f673eb0b3d9f86ab0777a92b23c152e30818ff3cc2524f1
9e85ad228e8bf2ef99f0beecaccebd7af6e1ddb915e68a7fee93ecee93deced9,423204402,979,691f8657387fe66b15c7e419255adf07273d72411f124b99f06931bcbfc512a7
9e89d055264c13daa633b03bd4c88b4fcb4ab4c72ab26706007602734292274f,423748889,980,2107dfb0ab74051e302a134e468ac284d1091a10625fe548ef57ae2e17cb45dd
9e8bb494adea166522933412759036a80acc3154f8323b77a2936bc1d0e04d60,423980287,981,ffae7f6933676dff3e18acd43eba19e8a3ea0c7d6e93e1f354348a11f470508e
9ea39c819a0efcba06eb978d658b638eebfd01d57f037ce3820d7e9f29bb4c9e,424917680,983,c3b9a8b56788f9ee99774c2381f2f0995bbeab34428da44b96ca6b72afa27760
9ea6dbcd74ba5d0d0f439f51e8ec6aa2ea7c98303c4c5ede7dd6275e1c0e3870,420901764,974,dc0ecb9bf66f3574d67b60e415fdd1b0a6ad14ff1c35a160cd81ed696fb9206f
9ed0ec86e87fea578a893afed65f6789fe514a90462f3f3a735e2641832cb7ee,423788958,980,8789e6061826fb9f089c13776a8a0370e85c611848e4a1b16b392fad4693f299
9ed8a1b65888a6520dce3814c317d66e643b9ded0cd4fa2591f8cbc17e603c2d,425690240,985,775e34d6bf521e30a4386aa8f5d03750c9bdf0d336aa90927eedf4f7a2c6abb3
9ee240d7462f7164713b56f9cac0f18b88da9ed4c2843553671b7ea8b35539a4,423988353,981,9bd534ab8c346e9a6119f880d5f6b70e290a9b70d01556ad5de48348647072de
9ee4f73e82f8555ab19f288ee86d0a2ea82220b404a438dc7091bab393d16e8d,427078743,988,8cb313fa1d008eddfbda7399a3850fcab15d4f01fe227b456f734a509a2503b7
9f0ac6b8746b3f1c4f8cf3a3285a095429f2eeb22b8bcb263aea6145e0a9a897,421690013,976,0397debcd59f85a46afdf2838e45bd513f3bd21c65efa6c11671d21b9cc3e8fc
9f119dca4c885dcb0ab0ab0286955b94d689f97fb503a5692a29f89e07523c60,425510124,984,21f5ff6343225520ddc6b161728b893971d2842f2ab711c1bee5a90c3e3a0fd9
9f12470bf1b1ead9949e8cf1ce6d6ae448455d3e90caa53131e21bdf9502870d,424180999,981,9ca69d0701ae36e8cebd583ffdc11522355f328592dc9fb09d3be6e3c3113621
9f22abc524b2bea2b312ba2db6a4a17538ae06bfd6281dddac8a39cae10ec527,426410286,987,7bb03dbd8e05a5772d32aabbfff4c2570d131a9e0e903e12f483856c38724801
9f2f82daefb371fe70889f7d946df8e02d3431465af4ee44b7c5bb5d46826dc1,424374221,982,efb5d378b9beb89bb2426093168a958ad0fd08383257e7ac22bbf56883959a5a
9f7ab71e59e22a9e5749a91b4fd4ee8d9b22ff36ca6005de84dedfe95264e869,425848118,985,bbdb5c59e5b38daae2fe2eb0a0dfdb02d413b5e5df5751663fb846e468a599dc
9f879ed6684f55cba4ef63c88920946bd9c88a69c79f65e932868f3e25fa3ec9,426150640,986,c46d0bf7d47485cfcfc9a249ec6e184e1bf3781f5644394e174fa078e3b728f4
9f917c0d13437764bd944126485e798a22097804dab7e0a409d0f49c5777cfb6,421936271,976,e1ca7021ce9845ad1e8386f9f4fd65880bc485bb51eb43540b6f96db3efe973e
9f940a7e094ef9bcaa49cb27dcb749225418fa0debdf51d1d6214aa22527a0f4,428082753,990,710579e2fdd22b1d6ca987ccf63abc5b6f4d8ae5b5d9d4d9a238e2a2a5b25163
9f9cbc9119eb3c69347d3b132ff4a7bb5f92a5356af3bd0350c8c0ed5769906c,426853264,988,cffe376e906639bcb71882e4b45854ee566040b59052751763936a422f22f071
9faf7f2e914bff7c2225bfc6b0e9f5e3cc8e14a67e562ca86d00e047d06576e2,427992895,990,b08011f204db15b4e9d942e43b5f109a761178e1a08ccb2d1212358863bb0f57
9fbf8fe0a289a60cb8c45b974e6fce195e72ed2fca9bbb755c06b85478bac7fc,420920372,974,d0b0bb8dada62eb96b94e06073f3d994aa66f06bd9bfe00923edef8e95c43bdd
9fc705ffa03002e57803d4d9e2dd688e3cef82bc45ed814b5311484d5654524c,425938687,985,c7089ade7e2a18877c19ef36db0af92615f4f691658c3072449309dda5885169
9fefdafce69d5e7a24a3b8b4acdbb48e0ec56f785c3045c9b3908fe2f0f264d2,421800815,976,606ad620427e0549907053f01f9304ff7028ce9ba600b5fb8437c57ec0ddc2a2
a007efbbc665c86a8c41a8ff1049bc1e464f44539ee401262945033f6197dbe0,427446077,989,742a6433db146e3fdbe08802d1ca112258af69c6c1cfa35d2ea960800996cddb
a017aedb8bcfc1e3266d8f85a1f89fe989c95481641bc71aca28110c682a4912,426405276,987,315e70e31abb16c731001f515ec3a8e61b90f1a7dc3b31ed5571bd0cefabd4fd
a01fb591a7afb6a8ae8847b61d5a5f99d4f74c3215edfa92c35b8fe04221b09a,426175140,986,fd554dd525a6b950af45b8d596a31dead664bb25573e172c9e849888851856b0
a03c7e4d0bead64ed4980b1b1bd6a873f1c4f94b6ced3670f5e1c25f4c3bceee,423799950,981,0d96acc42553bd51d7730be909d5c364a04edd605cdaa630cd43b11f2496d703
a04d245ea63ea7f02b9d291bc01d738562971ada9c70ba94c16870f393b3e479,426448844,987,796b35f2c67169b2c3c323148ccda18756b1fcc19c86523070f07ffa40aa7136
a0602d8ee0a93e9dee56ce699eac14ab2137541705153344a17f96ff978c1da8,425308379,984,935c88c96b1e89ab05df34f2f86437ee14fd0094231ef481345aee07304b3064
a064805bfd0edb51d334420c8e1130ab2b81a640edbbf60d08b358c007cbae79,427606498,989,887334e52ab8b97f56ba06e84021556b4d0d86bb432cead70372ebe3477d4d92
a0d746226f99277c572af6002a4958c5b1413a479790f402fac4f07cb38eff5e,423376117,980,d8202a350b148133b59ac9e52f8470a5ace9c5d1f52dd63e9594f9c08f4b839c
a0e0b92e3501e79e5e30a2036f4ea15f242c2f2623241bef6e9697f601090c14,424009873,981,87637289fcd0a1a2c35cc032bd7bed3c2ba9f33edd5b371ebeac05c3b188c2da
a0fac87e08495e6da3f9541918d5041c1fa7e783cd9b94e56b4414a4658fab20,424013339,981,40396297607aab30f8731b43239a3cefefc6656726aff0b0ec84a46e00c88269
a16cb907a5b62b39d38b3269b3b924ec62877a052069be2ecb5a569431ae0ca4,423771381,980,a4a59d20cbb48bd665df17e10b9917a73dd2a8e4387a85c3176ba29ffe047468
a1774499b567991cb8a3eb7e64034a7dc67143a849b7a870c8fea2f078179ea5,427054552,988,9b2917b82d3e1fdf9d564a6d5776faadfbdb4ace7d3b985dc68512c4b8939e00
a178344ce6f82d884fb11fe95fac1e1c060a7f1f10b3fab9295cde7f6c7892fc,426319953,986,bdc110c5c00cc5bbaa04bcf4c33c56e20e28eccba7ed40f29d9c15232db34839
a1923ecf1ec49312ef22d64b9a5d448d55634d4088ad637e4b920ec7a96e86a7,423514272,980,35f68a199db5a3605a35f7c46d84e4e89a13a1df53842357406e00eaace7af98
a19b48e934c9b6ebb38fe07f9fe74bf55761f2f22ffd7dbcfa4a439f1f7b1d4c,424581253,982,2bb49559225855426995168664a7d05fbaae678074b3504e7af34c8cd246f799
a1b250cea52e296c897066a0ff91ef10809b546669f8289ef54ec44ee4d2d18d,424401478,982,cfb01df433f71db8c7cee18cb2a26a56a67e7b84ae1bcf28100fb9a8c0e030dd
a1c95fe5c13cb7e0bb54017383ad10c4c9a2145344afb41abedb0fcbe90ce191,423979317,981,7bc4b140c75a91f78174c2f38cb463d9b1dde8ef02ccccf48df535c0b3f28185
a1d2ad15ac2749640ea65743747007227af557f91532ce000bf97bca99cd63ef,424158521,981,2be37e3dc1ec01e81d3b7bb9cefbc3daaa931cfcf4246016988cff0aecb30fbc
a213bf88149f71df59f1a7b04fb8a4ab48412fa358e599fa7bdc050362fcd7a6,424055709,981,980bb25a1df686845a9f3cad6dca053380292f3a1d350983ad296d7a3a51cf84
a2168d7171f5411908e4e24e628f57ac5b18d45047cc809910d08a0880f79e5a,421990916,976,a33f19692f900844b2098ef98724c09ddcc8331f48a7ae8507e915784f45da7b
a244b2534fc4976358e51b5574d7204fa4bc30caf09bf05ac2752c4be1e043ba,423533143,980,045ca1d1789f2af57a4fe68690dff45b1fc59f94ffe2ba0795b27afdca269680
a264fbe8e483b476c64e96df2969e7fbbfefa6559cbcbcb3bef5534cb4af83c3,423624930,980,42f14e736e5e271df250c761836733b9bdfada2f07e326721bc24beb8e66c1c1
a266c85a884202748339c7ac9d848163b68d33420d4364d85213201a2801e112,423813585,981,3a1e6030e207f6b92ffb1554dded702cf444baa26a40859051458b1cf8274498
a27b68957b8ce54ca6758633add1340dc8485397ab44f54b2dde629614a4090b,423910966,981,49c256a7fb2380421be03556404d861e0e4104e421c4def4f796da6dc5412a4c
a2860aa80cf267b8c164f9ff669b1a5fa1cbb9e6397601772847b174084087be,425977751,986,d6f3154d0c5eb401d73c2b65e47a463170b6890267986ba4b0d042f609ef7e40
a28ca22181e295292d821de9bf40873d555aa9987239bbe4d7abc8dd04dd91d7,425638588,985,457bc30e35d35227679d4a5f19aa1502f22051c2d7919e523ad3e7404c99737a
a29eca0fe94a4710f771eca9d63f4720dc10ae9c253d729e388b21a16e5fd514,424016948,981,e1d000c061db16052a34376e7535891d2be096ac81d75b6a01240f5440ca9c5a
a2ae4232be518764775ff6b18941ac55a90e4bf040c3a71d5daf5577da13c593,426260817,986,38e9c858d7e5584bab734c1c7bb7b68c8d4b7f60a624eaf07690ee7e95c323c7
a2d157c5916271f174c8db0ca1f2e68d7bd61ed2569c1612f5ba9648ad4cdda4,425595866,985,e6554af56164ee72da6c89ceffe0b71153257784dc56bb25765885b07ef9f749
a2d2fa202a97a76ec9336bf9a97e42c31082d0d188ad9a28537bd433f937d9b0,426689854,987,70c42d9d41b2fc4dc5b985eb11d69d0341b1a2ab291c421d3d1b992572248a09
a2d419cac74e90492b61233fe3275656f661ce6ff766e7d03f80da3e3f71a72e,425329274,984,bc471163a24dce854aa647d76be497fe005b7dec2e8a44d1aa28a5fac0cbf95d
a2d877c8aaf84a49a9a652a9ecf47bf0b74c861ae836adc1ffd707e544dc7e37,426095878,986,ab307400e1a85ba3e72f788bd3c5f8d7a4b88bd1b7f871d53fb933e582a88301
a2d8aa165e0ddadfeecc1391c7403d19073d438cdf64df06550e81172f1ea8be,422797747,978,b9c32b9a398f482a5d82a3c5cff635a6fb562496001f4e76c9234ca4b2bd7203
a2de7c61a6870786eb6ee8375a90a3277c5ed1464f4031e0f75aea0e8dc96263,426304332,986,35485876ce14bd138340e59a13adafad5aaffff6b588f1a2f7607a84eaba2f8d
a2e4fa8830ddc2b56d02768739eba9baa9d6f150b734e1c7cae07b34e767b395,423421222,980,6c231c1af3c33dc1bfcc514fccd17e558fc1d43746a52e5b1c8f7332416a72ae
a2e6839cb992e62620f978ef283c9b0e0baf1ba867d78eb2de59725efb6d02c5,423802402,981,2ad69d9e48f04552806625d482d43eaaeb34b2c972e1b144f137c26221e34ac6
a30f30e07644bcb6a4b485b6f54f40c5d972d42ff4f736496a67e76926820ea0,424482940,982,9e2f947dc00e7626be7d7cf73c27495ae42962f4144c3c2cac9f975c9a9a2996
a3110622cc6736ade5c5ea502445749307a24f2dd8760440ce3b31d8ad03cb65,423154294,979,8abf3315a58f1b93fa2b71fadd3cf28a76817165ec01692805552c7de828307f
a31729ce38968a79c0e8398db695843dc24e84c0654306242e4e9edbbaa893a2,421237830,975,ffa5c06db1d5523a4ddc4a6b5da1cfb4c2f302a693942ff59465966035320e87
a32d5de2533a0b64c0124ded77ba820bea8d0686a33501e441f539b174527ac2,424231498,982,640ebeb4d2afe973c7c80a7857c910b174f1cfad99c39fe242fb1c94c1450211
a33732c932f6f60e0b786b668b1b892b1085ff0681d53d47fba6b24017a53a21,426262201,986,ce33d104e63cc23609753a4c63449671d01d879e104c0a8e2388e3936456390e
a34ec05cadaf9f4849c1bccebe6c651de76abb6d67af6dac1d644f516845e959,425904251,985,7c711336bcea1c09a59b61ac0831815f89efc4f8598bd41adda4bebe1fbc8717
a364683286046a6fe9724ed7e149e7d8919ce138efd6f456cd0062037cc2f247,424034692,981,86ea8899518fc706bddd986f799fb8b636c2c2d742e49aebb7f37b6d799f3e1b
a37c6bcea1247343b8d3a3151e793347a4649b56157a38ba35011b5ef3c7a1a4,426456656,987,4d76d83f51a29dfa242f0fcfd84440685ec0fc792671da6413b6cdedc8b9e77e
a382b08484606c4657b1cf5384059664462614b6f9a1b2ea46959ccfa5e7e206,425843494,985,cc2615dfc7444bd246bb1a44e3f65d878af4e255c5472e388972487fd83c8052
a392637b8e8de8e81db204b6adfdf5f9dec97a75daae6bdc79b3c203862f562c,422823408,978,4c4381403d16ab39f2168c622babe9a0c98043a204ffebdfb593635c33277655
a399cef2653e3edac1054508d129eafed84c11632832afb3afe19fa115708d0b,425868165,985,36f982ce01a169d454e676ba5cd67ad618d2d2f257d31c673ef6c6eddb2b77a4
a39bf280b25e7f83340bdde51ba2cb209f717f244a8fdea198284aab7fb38bec,428074856,990,90c91b89c794335747ee8bd54b6e964a22f8326bb69415f8a8e4bd44c18ccda2
a3b04be009376a80191cd79491539a9dfb3612cd8be986db05f0cd91cf7820d9,423773679,980,5bcb5db419c57f518cb257950ef9f4580d90949f9d04131539d9ba95e42bd967
a3bec8801f5f07e286b05f8c019d278d62f01b061b575dd0cc760b0b1c8136c3,420929420,974,a04ffe6525490aeb252a40c7a426fcd1aa20e92269d107deca81d8c454c06444
a3d81f7473595245560793c3798cd4618cdcc5a673c6c0360e4d6e4d5a34061c,420898379,974,35ba4fbae64e71add0bed617253ca9787722a53afeedd6744ab5239a301992ea
a3e2cdd22e71f6139f99b2ca285078f4ea6806193468cc43b406ecf485a42938,421171283,974,f7e9bf3c22f424fe2188a7169418c2d49eeef30c7eda8ff122c83b6d79e03611
a406757b41c0615583e9d7c63f013af002ca612058f201fe25ae879aa1b8afaa,421385040,975,48d52b5fae16df6531b646203670d6850c8c7b9d979061ae3fe684bdab478295
a40f3d904f32fba2a7eb8aea5b49d664bebc31569fba621c1ace8db1e3e6fd05,425490692,984,9d3376506d32e797464f8998fe002925c18c9656aff53cb78bbbd5a1ca9325aa
a414d7a12346e8c89e1f6f86e1658bf36e43ac3f715b905da8e49de7c3e5044a,422444584,977,393b653cb8772c08d9ecb3d1da01d8b7f82707015e0f5bfe386f5cfce43884dc
a414e4f0fc545696379e6fcfc1b1d1e323236a1108c59dc1e36806b6cb7cb368,422459852,977,cf2e8cb4ad52105e31f542555037a29f2fa0a2384baccad791e68da00d75e79d
a4302bac6dde45735c1db03021ff1d0a2942e2f4688506a7a98bf169aec57665,425936750,985,431a020c59aceab687f48880611e53c5032212f810d025a85fb5dd750ffcb87b
a431ba122bd8bc661150e20e5796c64266b39851e049cef9e063d405af5540f1,423676168,980,0787f60450e73a4267a2f6de17795f51eb0e2ead3df3f41d9d8aca0174974eeb
a431ba9b99b80e1730a7aae580261c07751d2de537add3c2a075b3048608477e,426286712,986,37ca157362a759264db6095a40445b918da77a861efc838c79339030248ac58b
a4348f11b913e54125f31e8aff2019fef09f417bfdba6d37f77b619330083432,426107412,986,5cd2948e980e25b982fa42fa9c60aaf0b35ee4c64b9166020285accff1cccb7f
a44ed680a80a9186a45f01ba10371b31cb820a9f030bfdbb246995c0525950f8,424186560,981,27fd13ffe97b5b0e82877d0361685f48f67017ff90a25151335a767aa99368d3
a45835b5da406c4c98068a6a908514a84cde18c270f55cf01880c950a6e84df3,426834723,988,700c316d247714ce3e883e230617688ab7ad50825355e39f997f14cd58ba23c6
a471b5bf56b3dd1ddc4e1b3e86cc7394d5280e0a5f73599180664e50ed3d0eb4,420932780,974,5963c198f0da1f109ac9a399520a6372fb2e7fc32ee2d23c780026765b4f688c
a4b39ff5707b9e938e7625ad1d32bc5898580271b2e6b01f4f68a319cfa93e28,421717983,976,087c30094784971b90b29591ff2a89d31c0eecd7f792f48fc13eb8ca816d2b2c
a4ba0ba4b26c193aa815b2c0c7efbbffe06510a385755ef080e4783a35a629ff,424255676,982,e4d2212b706acb6d3c836d648bd4fad88103f2d5f4bdcab5dd614a88032594ea
a4c9a2d4698ef60151a298a004fba0b8ba17efd9e902d83032e59f827a2678fa,426115280,986,f3580f10feb58513480ace053311c2b285837a78c0e4ce5ff15d8263cf35c150
a50177f0c68ffd4142a547f2fbb7213b706e4dff9f14b120e9b5ad31f14509f1,424081583,981,dd726ed93b3cdae63bc3348695f471d0d83a08531da9415538f1c36bde31f02c
a50dcd293c45424bb5dc117e8ddac3452a0e7df2910e4b5612a99d75daa30e13,427181975,988,16b50237c3cd951d07426a2b690f06d44328c1fe7778a1b9e9415eb7f54f21bf
a50fbf8900e4e078e0c150e5db88e3c49d2c8ea5262087c7e9b3ca88a5a44b16,423802675,981,b03887683c2a53aab939a260b7ca6030cc2c82126d470e1749b352893e7085c0
a51cf51235719acc93b3f488ca3018d58d7b3be9382f7c62df555b25d11fe33a,427255488,989,6111cb8a1f6c2291b6c2ae742984cb8d5909fef8c4776215907c3e5174b3b62f
a523439a972b76b2ee25dc75e05874264db21dc0d3886a2644bf81c5f7387990,420898613,974,b54bacfccafbc42105cd87c1c284191065513bc8f7130d73366b4aac22b0a307
a53a7e00c82c7e8a16de9c198e444af86e389bdcf5236a6e6e23f6aa09de8bdc,420929328,974,fd650cf10809bd813c871b5b3f005b1a8684bd28570eb4fef4d9258590498d7d
a53e730e37da82ed7a97aaa7c311cfca9df38b76de8f1940b88a925b2e0732e6,423914874,981,579958529edbedca930274a9d29ea0f6cc3e35c9d36b321d9ff861e4d25e1a24
a560700703e4e305c1645649ac9b287ef90620d6734fa26e6f6e34f618ce586b,428097791,990,3cbfce5ffdaccd08843dfabbd22c74fddaf7b7e077a8e0ac73b7472c145c4c45
a5623200a1d2d2fc35564d78f25bc3144f6c3c48034dfb8e95f303e4ca092296,422301512,977,ccd75daa336cfa6b06523d12994c82deb2b28c64199d4a96434f835b40bb1b2c
a575ae44ed05530dc02bb96bc4e4865b7c3526dfbdaf51cd93ddb638d5eed5ac,426685224,987,1a5d19f67b116ebdabce7cbb1c84d67e6c88f92d70e2f1a00c56e1c5cf3781af
a586fe0f1bf7a5153fb289b351dfd2cb38ea84249626d0defe03a5b9af9881fa,425971577,986,7851783f4724b55a3382555e3a3b97a626d4e9d442ce9d5a586b6888fdae3235
a58fafd0af70984b207c5b3df9d3dd4b46c1bf1b7074df2cb7f81fb12d0dd0e7,425878728,985,ccb1f4ae82debedc7e80429856ca618fe8c8269ae25494bc940f93e64f70befa
a596fb5afaf2d0a5d79b15b60480f6a5d89c77f881307074fa3b18863dc614dd,421538656,975,3ea749af41755821526379b5d881b983f9adac099e7354bb3c4bae6b2098b0b9
a5c756d3287906eab8a132f3e8071a0c7af86e757a1004363fdd59a322e1577b,423739096,980,a83eff18c9006617fc713c36f4409dddb8dadda0e098a90e0fd1a885ca6e0097
a5dbd5e41140ddf0596f57ec97b381532a8cd0eee0b1234b428e99a593c57ed0,424285883,982,721b834e763691be096a31681c4ca65ca5d155701e12cc802c5374d897a824f3
a5ecca544963c3c1f489cc434868bd7c53a8a98be58d43d5808ad72f95526512,424094130,981,e9d78aeab34db4cf3f56d6fbda4d441f91ead531367d7819e0f155f25f84f7f9
a600326c77ffabc9dca77e4c618cb1628140fb5c856ad1592426908df786c77e,424421415,982,36cabc01d8f6e72a7b0282b8ff3317dd3bffcf7ef09fdbb466e37913fbfaa1d4
a6016e0371e887095a724bd148a547518af9939f8940749c061137640c15d659,423959129,981,808b1707497de766e46a06009fd1c1fc5c86e1e3dfeb3cf46030716384a159e8
a636601adbcc4a6b35a6f7d4befd5e1d2f296c957e82471eb795aae069139041,423747048,980,0fada4bfe576f7c6df1b357400e17c2769d109d2876d8a8b4b2bdc33ab014d59
a650f7932e03690c49707e1c6571159443dcb5f37fb280e062080997faed51d1,426167353,986,a81083f05f25c231ca4887ccb12c6b0d3b5da0ee57bf114b0db72f77043f20c1
a6582e30a063ec0743c37c15c1d7b081b2a8815c7dbe6bd083fab7dafaf03535,426654029,987,d2f720fd4032a4136b1eaede86970b30cddc2d1a0ac991b2e0bc3577a1a8a445
a66413aba479a6d619a6f050a44af1487e32c8ee1f1fb3b23324c28d9649689b,426977484,988,53ac89a8398b6afbfdc5f971a1f5189b303ad171fc013208ea52139fd6d37ad8
a6695dfaffde284e3f8939c2b8b6090cbad00f240f2abd459776d8f06536bf0c,426400892,987,62689894a728eb74cf3e6de352937d8431f8e2df9af966607d1b8e0490d0a42e
a673ba9a41a7af37d955e1bda83c0988de122d3248a25ff32136055e7ba641fd,426690302,987,4afd498321bd2275ab41242db97dbf5292ebd6e2ff8983b7031703c2e62e358e
a67cac389104c906fa745455b1bb31a30b063400b6bdd3592f27e079ab18adc6,423691467,980,dc26210432c639d6f96f19464203e8ec77e7471d5b88293e47751600515e0f56
a688effe7ff68855665ef06f1f82bc3f542273f59016fb726804643cdd32a566,424233447,982,f5da8a2490938aa4e20633cb6b98588c64abc721ae198515d4a76face929ac30
a68b01a7644b90baf716ef7f10f2628e837513f4be08daba62378ab59a2db862,427784895,990,2ed342b19a9b44c59e0e6364b57aafe2bb12fb5d5427c663c363c38961aab892
a6a4a2ebdfeabaf5301a601417a5d39c2b2d2b17154268ee2512255de153d2c4,423790778,980,3c308bf9a1e2bb6046c394ec8ee50254f8cbe14f053af86ce8204e3e3a5bdfcb
a6ab7054f467c8cba4e951240dba940504f0a978750b13992f43a75c0e0bebe0,422902259,978,095757f632efa2fe2c5c0a4b9866dd3f88429a5e3f5cbded78399cd946b6e16e
a6bda3ad72cc50636c7dda5762683e8c4c198deeb4b68acd7a78a0bec7be3c27,425249735,984,23da43d121efd616e72133d02264af2cfa65f15c319d0e187bb91a5fea5810f8
a6dd071bd83def086eb9fd37fcca676b3648a0ef2effd4e5ce35977d4ae132b8,426631952,987,0f1290c9dee115d1fd2bf452a4d01cefcc76bf806c3711ca36a2573ff23412a8
a6e73a86a959eb73b92f4a20963250e2f9fc6b7467d60ccc1312a1a5d7ecc9d8,428056052,990,5c6b9ea545e744ba315f9af270b258bfdd1b8a706c0422415bcf2774c7016bb8
a6f792985c9aa14743c38c3ad29cbe59619326440be77dab5e862b8858a443f5,426344811,986,b22b394d33f33e76c1c55fc9bb5e809530513cd26de23fed2ee7ac152de84aba
a6fb4f892fa9855dd8655d1ef83ab1afd27c180491e571066294958a309b85c8,423208507,979,172382fa8a074d11b9cfbc5e806d1bbbc0d525ae9915fa9e39c3e510a844e157
a70d6010840c8be4ab7a68773514c4eda29b7af25503822de5fdd48a4173821c,426679609,987,bbfd83f152c84206a0de8838e93d7e8ca1db0ba3c10bb672a6f2617daea29d72
a7162420f9cacb87679bdb1e6a6e770328de9b740efb376d94de730073fa0c7a,422878189,978,de0835baa8af2f30baaf7f4ba2e14999e7a773917805d78f6d7067568bad1add
a724f03a2492d8b2b4ab1066c0d58f7c53a11439610b61775a242e0af18fc29a,427937623,990,b138c579131b64f83ebd85d2d6242c3e4c404b7b5d9f1c4dd3ddac4dee86818f
a72c3969a163c87af2d2105c397d36eb8191b79aa294400c082414502b25d3e5,425193205,984,f091b56a5b92e3edcf3daebf37165e00004a80972e7529608d0c16c153c9cb90
a74330fbe0fea4160a4f53367515528ffd096f88a17a3660236fc78b556967da,423358097,979,8d867ff80d113655b479aa1a81433aa1cbd0a600d900bc64826e6c7d145a1014
a75afabcb0d9a4932e7b92526a4ef3fab5c783ad2fc9fa5a5be68ec852efe34b,426555903,987,18a25b71538d0044990443c2f854f665163738af2c15b34414dd60c4700f1b61
a76d421d9a4a85a4de11f605987e7d5e0de1f6513bb357602e68943e0ba7fe5a,426272717,986,ba47b057c1cdc26d4a9395b0558c2ad8538b9fc3a6309b6543126145f0fa1804
a7804fa74592a1106fabf627f76e5d1bfeaa7122d1a810b750e248ad7aba88de,425931554,985,2b9bd8359a4047bf012bfbdc75e1356858152e451adaa40b811d02a279b14033
a78b765f924a51995d7e869b8dddf4cf28705595f42a4a4e3510b13dd00fbff0,422977227,979,a54d22cead02f9aacddbef3d3b77079831b108051dc3c7debef0a98f5e6d6584
a799161fe7d20728fc226ca99fa6fb1abcba79d1ba53d0e4a4e733322dead222,426475955,987,77b735104b4dd28f3638c5a9041fe7467bff3d65256ce2e2ecf058c973300e07
a7be75abd47f7b2577198a9599120078f106d87cad81ac925698b42af92b644a,424248798,982,8c56d9f97b975674c11eae75e62f097177703e5d4f95c0aeaf27163adad35e60
a7be924205bbf35230bbad8cfd2705d64764cca8a48fbfa5db3f5f918386ce46,425508801,984,3b64dd47e9b36f4302ba8a13fd9a43730c50a636978cf6c6c7490fbd94f3d73a
a7c2608bdb5d1b5e202f8d44146d254143aba25d7ce64933c3c529f85a92608b,426996428,988,08569c2f69b87325588031fb736cb018cfeb57b29e8519a83725d89714ce12d3
a7efc45d0b8c53a64169b5470653b9485d739dc3fbc935646a9b6b11f8b5917d,423844682,981,6df9b3ccfdc8898c7a63610855b0c438ac828358dbe765b800fbf49a622617dc
a7f2050174c84c1244fb6bdd1edbcde5d31784872342470c5a99105b510786bf,425605030,985,b88c08376ea7d0426200d94e92db84bde96fd5e7b2881122f8df7e782ce579ac
a7fb981e16dd4a50b724f97e9f19b104d2fb3147fe4f3e8532ea1373daa3d7f7,424450980,982,d5d540d5f65d99287a15fcdbb96215897a8ccdd3325cfb50bf2af5f4c1cb9626
a80c3ce2da26935926630cd7d5b655902d001329e9457164d3e2d8330d1c8ee2,425924321,985,d0d5e245d6e3fedebc6d065a1d510039951b0f511c37b7a24557cabecc638236
a8594c4feab1e8783933df5f5c40c758837fca963c2b49a8a07eebe786de44ab,423347244,979,e69426f273384234720a2def0ae725e949c70feddde12e17fa32dd8945288349
a85b259ae11b0f645d8a7bd18a8293d6cf025703f5e295e333c23eabc2205f3a,421967548,976,29ec36975ffbc341d93324e26085082edf140f51ab3b371833a10ef757d0ca97
a8653e0c29f8c5098d2c73daee9ff0336ef5002875b46148fc06e32d3040076c,425973338,986,ffb5e1e0953ca90fa401b7d224a9fa77c9c6c7f6e7ceb710dc3730fff0a6ed31
a86d51e4985fbc9893dd6f057bf570599706a831164fba86543a5fae1027bfac,422807370,978,c4ebfb3d6b3f0631021de77558ac860f24e364f37dbea10f597390c593895694
a886b667ba874ca79a7037745e161f9e26c4a896d7070c85924ea911e2200a65,427203924,988,0c7fdae5286a5f94ed7151cc941d336ae4ef164d544c494ec28c378ade0139f0
a8a3986197df77c011c7b6d204d9247e1720cfb0d814062616dfbd990581709e,426613973,987,6d7dfdcfbb1f4ff9f6dae10f2abdf926653b0df6e0e43197daa41a351e86e0b7
a8aaf65ef510c63d42593bb61958521ef528eb3e8284125ab49be45f04cb12e4,427355016,989,7b7f0e3ec8db952760c2e5d4688648146a543244c4453884989c21059c6187ee
a8ecb78628f9617f4243db98d95a75abee4f54d9e04ee78081d3c3acb355aa10,423778308,980,cf1a28e578593a815305aff55f6113bdc72e77be0a1a41e06d33eb3c750cf132
a8ee01ea23bd8f1ce9b7fb8b4e24035194ab7dbdb12a46ebc98e30902101ed91,425243576,984,93e8d96a1725286da4145f6f6b0b210cf739c24ec74fdd1bd6c1e78ca23f3af8
a8f029d92f614b7d1fde528b119c0df9dc075a29224313ac522fd283aa638082,425824341,985,ef4b28643c9328041766b3960f8469b9b3b0199d341b4763356b7f2de2bfd04d
a9278938b3bbf480b32b92265ddf1e2da7a2e35d05e89c5a1c7715aa895f2f7f,422804918,978,27ab164efe72b43c5efa9455014b84f2963329154bb378f4584c4f87c92bc29d
a94078a76335b00c0b6a43d89bd846d914a5d046e954f1b0731d01d82ee64c49,424379142,982,49a317bf1be82b3bd35d1e2671d16523ed82fb3704bbf9b7671196e80358d71a
a94805d117ecc2bffb455f4376f6187ebe5faae29a4ddbc6e3f5ef87dde65595,421852795,976,eb92a7fbdfbbb92313b1bc7ab169708ebefa6645a551b7a5fe449e0c58c12c46
a959026f1dcd94ffdffaee71d83de8bb4b95e91f97783a8a8faba2406c2fc1e6,427870650,990,56907052211734c80d4a215afc92015d5141803c87b6eae5d26e276079c4caf2
a976110209ad5c86d33a48a0a8d963caa8fe2602d65b9401511d6f66d7b0d017,424058889,981,c018f2c7756b12ead857c7857e5be38862d50795c3ad75a4e431eeaa1622c574
a97791d6be7f49efff3dd56970089d889f1970f1d88e90189208a691368624b3,421684379,976,020ca88e580f7082deb7f98c66d2dae37f3c2fb8833b11875e5f615668c57aaf
a97a8c230bca3682c66e7809a1470eb11f6437279950756d713299e2d2ccd6fd,427589009,989,604ba78be88c0f599f0e7e3f4326cb2634e7ef36c1177f27e8edd9f2f24e8034
a98156dc8c68de5f41a834c1d281bd426f1439631ec4819a30b3c1d0e8e2d331,425857154,985,838522c61f4e4c48203b88e8b066841349417a6bb82de1ccefb3954594487e0e
a983d661a3ec71b03df7bff0d05f168432b4c630d9992f1d45e968ba54a23403,426164104,986,d8339a76611bf6ffdb0859d94169d9abe083e4974790d552d3f39452fd49ac48
a9943368bb7d2448057c3068dd655e71e01665560f38fb58a810c25f68a84da8,426364741,986,8be947793d7f57b5f0e0c25cfa2ef9868c9c3293112f6f8af532a98862bb690b
a99b0b484e98383cc60f9b0c4c92f47378509866aa5f83d9840b7b2e2fab9d1f,426249500,986,8a0d675b082f3c91ef701d121cbdf88b5f44a83734b2df73cb5cbc9947424645
a9aeafcb9815c7fc6fcd052b3c7dc58e765dbcc3e2ecd4892718d9222d556032,423632785,980,083dd3cb3974ef22099282ee327e55add080583ba7ec1b45d16226ccc36b5130
a9af76ee0525a491b3fcc820ee43b19267808dfea478ab42740855ccab5f8745,427030803,988,99d81cbfcec98a314e3a7ab02cc4d8b0c6c96e54de24d8e3c89f484ec4ad2198
a9b59548a0c1eab90c0a246faf3144daa4e037a18d175550ad5d76c0e22ad3f4,426859936,988,7dda2d9997ab13159f7c3fc1387b0a9e18c097b5f94013945a82f06deb1721dc
a9b7591205aa8c9ce4a7e744eae1aae22f1f320eddc062597da0c1d602d09085,422705788,978,5ffa7da68f0272dfdbf516d2598e49b49958f16f0003411fd5ca605f6314f218
a9c9c079df946779fdb39a29a1fad58913fde99b1ee838ae74f3f84aa0addb0b,423908416,981,4844aa36705c0db49a753a81bfe95ff72f6f513ed9c48d45678efd8070bfb959
a9cfc6dca891e923100d0118da3b552914eb77554882f3dd495d28b5b475debd,422422891,977,8c49164779c066ed1a5ca416fbcf914f31d1ec29a8ada3be3c7473247a9008c2
a9dc44997372dae2893251ff77e1ea3e2d0a51c92d58c58db4cf4152bb228d62,427285130,989,e6a79e9ca2957766b89c1e719aeefe8da0e1b4eff863c1288cd90a0cb58cc409
a9e091d5e320d3c28b444dfe507d23eb6ea59217779b36f7e5a7901af9d13eac,427199048,988,4d621dd3d38079bd5547303e4711abcb9faf37d47b0ec6df46e222e376dbd994
a9ee75f51c2a92bb70aaa41e4d37762fa6c5ce98f42a0670160314838eeea77c,425707157,985,2f8e8a7e6982ecccfd2423a6306052a2a7e3a6253228ffb10d88d105dcdd7e0c
a9f45aae5484493d3e6c46c4932972794ee7a3f2809498668d6a6511d2b9a58d,423983826,981,667fef4c5f29e85fce9135ba72b8b10126177be5304c2c3f041874d791a85291
aa033552bb47f7fd4e5ed1761d5d9370c59e17409b8b0e2da1d60f74fdcccf7c,428063290,990,3f5a62080fa91110bf0dff8f502e4a1ee04a12b9dbd4d5601937b38ddef2edae
aa14308a4dd55a5cf66a3b7465e913870a99acb9d77a86441f3e2cb8674c3ff0,425157670,984,f9768cd4fc86082ebcfaa09e99151e17eb093e8f1ab5e0f70419bd082399f3e2
aa205539a5c986499a45c22599c9af12cdd37470f65359fe865cd4d9b6bb7fc2,425807477,985,c9611e230b807b56a2c26534bd8577762a7c6678aabb5bd5024c5d1fd23f664a
aa50edbc0d2430ae8e52a76fb394774e038718860cd5235242a1fc0dca0d026e,423243759,979,208475975abe49ccbb3242785d57d71d7d71972372f993370dec1c32c2af457c
aa5988b4bbeda02a82779fa43b4ff94e3004fe0f6787467df6e5ce166bf59dfc,425176470,984,29426d53cb03d8928706c28ac9bf4995b2546fe11a8691ee61cc31abd96b4c4d
aa65589a4e605995769e51a136bf75b50806f977e023e5ef30f82e0a9f7b490f,426492260,987,8f2150d869903d0e7ef6077c7850614495ce912d24d4b473e6a4072bc04ec9b7
aa76fdce9255e8566f64047044039383c04bcea3fdffdd99548c3b03d010082c,424644294,982,32a1c2b03b249d4cb903c73638bb707af3e0c6b7dc64f79e3399f04dadeab5d1
aa7c64950abb48fdbe575c1bdec6d3b90b39d7f5f9c019ce7cfaf9bd3f7f260b,420930160,974,0c1e11b367012b3c0f5b9155ecdba685e987732714de620b274f9e7046029389
aa8ed47060757719808e8e2f9da02fe8c7d3be64d2badd9cc68e7d64cfc7d02f,422798899,978,fd03f371b55e1aaa36dd7160245ecca559125e2c4e55d59e79282f06a4c371d8
aa98c1cf6ce3448b8aa7f3063d759ca946ce4298ebd2b15eaa16814e9143b9d0,427860449,990,76366608a27c4db73ef9e36a2ccb6abc5e25d774b23fa49deb34298f1e1fd44b
aa9c2781360ce8918415f2886136572ec9a1b44e6ac2404f2f81f2685383fcc4,426511356,987,16ccd39140547106daa9fce3a499938ca809b9ea4365c0a495f5e6a1e183fe47
aaa118031db227c564ce001067bcfc72c98c397711f4612d989223714bc1c188,425959397,986,4cb10d20612f3fbb40ea661bc12900e29cfc42d644b42a08228d2aadf973d8e4
aaadfc0ffbd2389124a62755bb37c5a22f8b9a786ab10b2024a05e0305bb5887,427350607,989,7c8008f7310c4dac16d4c5224df5ef251a6590379c0a757b225d2d1266d723f7
aabae21fe81e2e175ad2da819c4a996959b678528e07afa745f4ee668b159d6b,425629000,985,528cd45c15cda0c8a7cfa1f01d79dfd238ac21da4c6726461f0efcbcddd36136
aabb6ec27eebd9dd651f5f95443cef3645afcb7259960650978a62ad8ad53b9e,426821847,988,a616ee8a8464b760872e388decb68f4e8d327f72d5f2cfe132726d63f3684438
aabdbc07850e1ed7422aa2595d23de2e46abd8e334ee415d7527ba7ebe89c60c,427046832,988,087192d7dd98bb969dfa452016cb2a9ff0364f5fdfaa905d88de9e11c9f1f492
aac9187dfc4c76dc753cb9bc9df147780c8c050c484099d62373c27656239093,426805004,987,d628c0f51a6606a2bd33bcd3b5af2c8a202b5850604787f1bc15f25a630a9f3e
aade45141c9d4d2c042ffb4ee48da840db155df0253efbdca5de878ed98fb844,425394475,984,fa67c54c148d935bddf32c1f17d864546f29ac7f1a92c014841cd6cd82db0440
ab18c94e8ea6719cb26ab8525fdf9e4d3f4bcaf9b3b8ca605598f8e677e83b70,426388528,987,e37633ee570c4f8281ba17a372c3947b0a278cddd469e2fdd95d15dc157ccd4a
ab398d242d21dfa313679964238d7c4268b7249c2bc468660ca386e198345fc9,422793502,978,b63fc1ddc0f31b35ebb5c03d82c6e5b047d0152ddab9960fbb87dcacd0894954
ab5fb32914b1f60638a1f5fa72e0dc2c5a8a4b53b5510cb40ec222b357374652,423723570,980,5f370227e3e54b14b694bb16c4b70938fd50366ef45bb1c93ed6f500328d1606
ab88b203a6709b5cd8477805e850b0f5bcba3891086379e888a745fbbe982c5d,426836587,988,da2b98d699d6dd2709960f3f0a7163dfd0107e36547a3b323e63705c36ebdcfd
ab9b836c8392d1798595b1b62a28f58981c989afadc83567250a70a5ad9ef718,423761939,980,d70e9de687dda50c880e8568a6f49a103cb427548554c22bc19e3a9cb8bb65f0
ab9deba3247f5025b0306c31b4f9f05762dcd91cda58a5c0c5bd20451ce2b06c,422779334,978,fbab16668f29a0298e1cc8cce164c16c98fba1e5dc9889d72fb6310c3a5374d2
abab67563b07504fad994b1f5fca3641d1378d4d02f5a831d7b8fa35451c8c59,427157381,988,d3d360b679cdba1c35a3aacfd514c777254aa47c90d8edc56cf11d4d8314c4a1
abc30386c617c836e7cd16c85c9cd9593eee17276015ef0c460bcfc541bd8d66,426015772,986,18b4ffaae6bbbf5b3cd48aff6c26e06a1bdb1b55fe3fe74bb565514e9308efdc
abcb4d5b3088b5b8569a88b5b2f5be618fc7e6087081ed010185c3460b3daf68,425280700,984,0f6ad25d7a6611f1e4bd8745256cd1f22c9b4b9175a79fc4678917f92394bcc0
ac07a68870f119c931e63d4370b9ce7dcb64ea06c5aa25bf90f18837b2508f5a,422796591,978,26bf41139a72c31a8bea4e3a64ab7e496f31eeb14adc5ab33a89b03d374b7954
ac0a261e4ef1c0afdac362a3cb8372365eee9bdad62910f672556ebb6680fe8d,427698362,990,9410f85c85899f6b98e97f752a86dece2e36c100a434a0ba1f98f66995b5736c
ac13f2397742aca44a4b2533ac532bea99e23abd5c7565d2c2780732d8336f1f,425967674,986,8beb9e33fca2de4e2ecb5e56825fed0d7b145597bcd1b933801c1c2c7b79e609
ac1f9ed5c41b6a45f0b8ef9f077e5303754ba42657f434a712bba3506bd42cc4,426282901,986,ad4bc26bd6d0bd4ad7e2e83ba4c6ff77b5fa2730bc39fa81cb0b721e4e563a64
ac387d039df667858da37734830de7c4cbe5045e3e60f620d20a70f658bde04b,423950688,981,9d7a6cacc85b1f3e3a1139c6569a549576572a4529b3852c0b421da3bcb749eb
ac521ac9dc4354f6cdf8061adf08a56e22326ad90b973b9cd3b106f5144be69a,422717640,978,61272fee960875f802cf58fd91925390e319695a5fb2c5755a907a1199d7c289
ac612cc20780bd6572a5693f17222839fdbb9b2ce896c179542c71640a006946,420782306,974,dce01ecad10d9f47214ea53836d12cb2d0aa430249b7986ab7ed7e48dde66ece
ac7013ac760668d1c8a75ad7934456c981cd09bc7baeb935349a36fac1d1a257,426335284,986,6c49cb5c77c71e34c88c2277c892cfe14f255ea779867eaf12958cdf03aee97b
ac8ec84893bbaa0fba3e3140a996c5665f77537bb65d17c427213006b4b3a483,424919237,983,ebf84bec11f1dfd22de14afcd2bf759575543a09da6c84c91725a9625472ac9f
acc660c1be28c774fc06f57eaa1c7a743304195ceb03e807d2d649d6268f05bb,427818854,990,98ed3eb776e2085bc9e95f171d572cbb87efde79cd7a0e36ca2e6cd6c4bef1a3
ace503dc63bd7b7b6f294939acc960b0da0a7008450b1cb4f8647bda20283d15,424486977,982,73ce7d0fba453807642b624a2e163275cf04bac0d2a48dfaa0f45f7bc3047d8b
acfd9ece48219d46b58a3243ed066959b2ca6efac10a95c8838ea3073a6049cd,425174266,984,660753500fc3c8a9674f0aa0dad4880052af247b26b3276a5b15ba10ecc89941
ad1783645efce8b7912b9d4acf38fa64314b7b0817fb0989b557d2ba672ce45b,426753619,987,44d533135a71473367f419dbdfe9a7e50d3fbc36f9e8020d616a648a2eaec762
ad277b47c9686a23f816b27c85c6271d59f9584ad75bd19ebdc6352ebb43bf29,426750303,987,55153e0d7c562bf235b6655e2d1b07213f201a064683e2e099e0bef4ad753bbe
ad2b8ac5bf95fd09072c87742cac9e6d9a9338410516ea91da95c9dd04479cde,423188864,979,a3dc28e20b45954114ae6952d29fab6f6770fd2369904885a1e2ef20ea74fad7
ad2bbdca7b2b8bc0cfa147e7938bd08caf65f8ec3795df48fe2395c2f389ff6b,426036029,986,ded871a101f93b9ade350452a805811a04288b82a5584f78cf67a17f2f671f47
ad512c59652e693c6a26b6f3572d5425f40aed6f6839fb9b707502d34ecaf075,426690381,987,e8292d9d74593e6db5d94584f791c447a3a51c44115b63dfd2308a27231c4a46
ad62be4dc90e473b5f1b19f70444ce7979a39a8254eb1cf9ea66b8850730d6a3,427675011,989,6e96359885efe9cc4ea78b237252c900300bc78f5cd6134109d82d114152b892
adad9a9230db4130df40d4418803bc0a2755ec78afec4b23801d8f42f88d4a06,426790351,987,d790486e00df44d117f3a2ce334d55f60cb348d97b87b61a1fb7b96b6edf523f
ade3159027f7c4e601b0217df8876993ae52aa8fe526cefbd8c52b09b3183a10,425241928,984,e32aa5d8ab59a2e79ea8703be03fcbb19c9e4c8d0d51559f1a7b9da957c262de
ade384dc8f71583be736c1d33f1d879479d710a1a8d421ad471b9e0e974b0b19,423854649,981,737febc64f78a93c9122da8981dbb90d21774e604a269ad44cc54c62675c62f3
ade7a5d3eb161376753d357e30324be1b9707c0779e41600cca65e095f92d6d6,425496400,984,4dc0bc6af8929eb3bd54b01888905326d8b0c74d31c8d97d1a4f5e92127a8b43
adf424ce5b6fa8b6d661d715ab2d42475fe491b66f4b60333ebfd29bea3f7b57,422380542,977,1d8b0da24ecbf3468c18e071cd9b70cbc68e1b1d0dfd8f98523fe7bb5127fa11
ae20148e6c961c68a7e592249e31e9000c122d4394cbcb53857850d20f0a57e7,423572136,980,66027e5ba22b88b946708fa3d575f0be2d1282f6a5e2d0c61f42b6add294788b
ae46bd6abe7d4e9f9ccff16c0673ac30729fb9ad8d1c885b10ff8e1ce0984bec,423771603,980,2839966fb025ee2b7c9414e467f4288382b3120352b5a887eced6f83a8895436
ae7163b05b5e3ddc61e6911699d9157bc537b5db3ff0a3526c1d481cc5f7dd62,420930136,974,392905045699078666012debe9bf334faa2b5d3d28a35b43b2ee773e8e175f73
ae761650a75074ac34f0232f66554158fa5fd2fa41343397ae9c75a1a7c6f589,423946301,981,10e977bd7b4559871357fa726025160752697d476575196ac350b4bfbbba24c9
ae7c23230f49addd4ac9945bef545dff45063753cf5c7ca9ca1ea56d3962f094,426429063,987,496f65477a58d50aae71b5236b99cad62072ad1c3c5b8679c185298f87426026
ae7eca5cd7255852e07b6c127f0e3f65abb05d95fe1a3491b3abddf60f18f9df,424645963,982,e12fa6106840334db39b4f4b61fab111ff3c95dd1ac4473e49e87d54346dd3c1
ae80869ad44815b49f66eb2ac5977acf9e2ba38ff5322760139d77adfcca8352,421708304,976,c16e33f8990bcfb622e1a31f9b8f74f5b6073b2001a933e6ea8b311201366a85
ae83eb1fa888a0d829b0cd9a09759a5caef0eb478cefe5ad73d87e38d973a55d,425073569,983,4d0e853789a0006b2a35e5abdb0153958fb8d87e6ba29ccb822a412bfa98f109
ae89494984bda0dd38d58e57c19c32f1b225e37a5dcf8dd1ddc1e24e876815f7,424580112,982,2b743fbab5f64adb33a237b8fd208e8a9e7cbfe1d6095d6cc3ca1be555f32469
ae9c3dc5f058b387a4348972e54daf9f163ef332653cb9716f466e3a8f520d36,423482055,980,46d49676e8f9ba0ca241d6c3caf999eaf538cba53ef9bf7ada440e277378af7c
ae9d68cbc1b6d1fad2b463f827732c933a16326a6be63f4e93bef8b36a103bdb,425274898,984,bd1340e45a1783eaddd9dfafc141fcf98422549513834302a657c9cd45260bdd
ae9e0562fee87c13ff269001caef6bc4d1de77ed8f84e7bdd336cfd9f67d9cd5,424337189,982,9a65c43bfb41b6f1d9c226faa199bfd50f6a3980c545d40dc7bf3512f1ac2224
aeb258622aabb8729d11cdd7d0211309bc8ee18e3f348a474f0aecb8bafd8fa3,425664660,985,11c8fe26ee1aec95f57711945e004149bd68488099140b315ef3d0c55a20941a
aebe15c0931de3b0dc4356f2aab671ce7679751530246918aa70be515ea8ba18,425326476,984,2ca70853ebe51832a85d89fd08fc530ab105d96579680975639a8881dc9ee183
aec55755c98bdd8ee28eeb8b5a1502d9e74c6fa269ca43a331704798ed601915,425202433,984,357e13c74b300e05886f01575cf890d225aecdcead8621ef33b66c2993e8ab5b
aec8862f6f3a33d4c8c9e4b0175db3002bff35374d81dabc784856ba425d9c71,423931398,981,2d67e211912a0ebc1f194ea020100f39406a6a75ddc225e727d90ab514151d4e
aecbfc2bca83df54404c2537e32be9b27139f04c8a59e33eb72dbe4e8ba9e37f,422227057,977,53dd4bc3a4cf3fd82a9572763bc21730d885275f16bfbe4b7dc9cd163ea6a72b
aedc130b761eca5c7811ca1e84b9215021f29105ec3b167870814666c8cad3f5,425186269,984,fb9d942ba76364d12eb2086351f286aaa76a7e038bcc4c915c4c809312fd15c3
aeef20c7033c16bcce5674437caf7b8923cc2e44264b85e4f7135b1ddba3583c,425982466,986,2dfb23ea1050a88a0c7d62c196ddb223719466f585c56de374c344cee7ace11e
aefe4dcbdb7eacb9657f58cb7feee0d14059cb0a2f9977efd415b637f4bab602,426364056,986,8593d64c2f85c47f32393fb9230cad3bf94c45d5f5590835bec1e28385ce3d3f
af0a9d3b824ebeeac6e9f798611700bfcbb39c29bf5a0af9051629ad91ae79fa,422065491,977,566d700d49d07096937ff084111000dfa6a85c7e9fec055dd97caaa2cc4ffaf1
af149e5d3584d76ea2945e0b01881583814578752f143623076ab5c719de54b7,426313135,986,e9b909e3138cccf8b1b1842c1e3b075773b1b78a5ac4e62946bdce23cfb6bd6f
af1a6578b71ce34163d50404ddc40be59da4c7b1ec26ca1a83d4bad8cce90eae,420930475,974,cb882c28e617bd08cbe540bc8e33f5c248b7478744405aeefef789c0e8d6a222
af2ffc29ba07d65e63f2f2aa6049b64e6569e2b874496ab1066e12072429b8b3,425706619,985,4775c132b12781b6f3cc0fe1ef70090468ef83040430368527f9df177214be5d
af84179d2a0db2367ae983b88496b2e96eb6d8a8a478925cec73064cc7705f7c,420901934,974,bd08e9c52287b41a7f9d2d60ce7ef7d71a5c54fe96ad21c1bad846830414583e
af8b92aa7716d9d389ab5dba3ec070a9cc60cb59843f78d9d5093c5853daaafb,427952707,990,ff27eb40afa31e5d9e88b2198fa6d8fa9fe070c7b6f1b6f8bf45e8f7ed65e94a
afab75e53f56b51d48e24497595e45ef7ae3354d08f8f968ff3aee088804f166,426581390,987,2e9d155a06e9cb1b2e5c0f649690139bb980afd7e09baa5349c14051a5f2ba3a
afb6952b3ed8016dbf178285c3431a59b77cbc3a7e6a23a7faa8fec73f7aa932,423553116,980,73474afeb06d8f2ad8c24ff4849df32e2dd87c52549cdc5d71a3753851367b59
afb937396b6c87c260f5a4dcdb025e979c2b787c5aa042b2f72ae5251f6800f0,423144604,979,6b3673d06d2e647a2937ea6e4dfe43acb689a79847ed4852557d784d49dc4ebe
afbaa3817e06536a897178c0838b57aadbcdb4280a92f67d3711564a2c98791c,425932657,985,d09bc1844f51ec422bf1c9eea3b33392b792591bdb7d89515e2201d54e28e594
afe59c48a84e865e8f7293dd800a43ea00fb8867f62ac71d9ae5aa40502a6975,422820479,978,fd77535db90b2392e9302bd3bf6fe5386cf0cf4c2abf4aaabfeebec074bcb470
b012977f9d10ae431866e6ac8b2664c501f3b52e3bfd3e09a1a92e2af46e8fd2,420928469,974,e93f5a493f89fee314b4cffea8464322ca55a41127cbff8883ec71e9f13783b9
b01704fd8f9af2169d02b6f217e3da1277bbb1761824f81c34f19fa76cc727fa,422412233,977,6dcc4144a3414860f1838c34af120691cef1226960baad091e3fd4e47ae9db9c
b02a8b6f653cf844d1a214926aa669b3aa56b4518d7a1222323af7654a8b5dbc,423685976,980,9bf57d8488317387ec90759d30554e81773d3c4cdc0ed5f467da9c2c1a4a85b8
b03bde8cdabf7f249120d5fa247b8a8c6d2963a12bfda2270e6de10c566176b8,420931037,974,774b96f192e1a066ba4c10ec04a826322dae140fb91758d63ae65319d6d83453
b04a5fbbed48e39db0c81ab1755b499f4b80272583c83d81e14af442675c0788,424406997,982,476202c818bcd84161bccee1e425f55f286c1a7724334b617b2875d6eac3f18b
b0872bb324f61a73933c785ace829f14619eb667469afe848ce0382031e70c95,427653117,989,9b95a176df256e96dd3b1f10b6672f8b57fd754deae62e57e7ca5583b2e3191c
b09909846a5c7b6f0345b2f8852ad93bc5acaa783edfbf88ebb36ad321fd3b22,426004731,986,f261e581c238ab394077da910d12a17e1093ddc6342c2b48a0370f6abfd29e24
b0aa4454b2ef4b0ec86b5d429af835187670c97b7feb50f056aff7b3b13de276,425769345,985,62b7d07b30a8dcf2fa935dba110184cee45d373637f456961ae39c52a22f4120
b0b37a60196215eaf841f01530c2a4c6a4406905139b19f5518c4fbfd1d08fd2,426901062,988,078af0b83ada3931bdb20f1da3bfb66936d21b32316eb252593e6d69c3b64cc9
b0b3f02be4f23bbc5276c7961fd6e5c4252a1863be3b4ae696971fe4151e5faf,420930521,974,60c20bdc4d7c0cd591107539614034f75cb351948351ed8042ba4cd354323dc1
b0c7dd1f61f6249c77b3ac3dba3583d8636b206361ff1c7c032a8f87c5726691,424145345,981,5ea67812f8f08c3d8e60f8330d4152468e17ce6fb9128a949e5c311b25b34c24
b0e647dbdebe27d5f4b7127567ea6b20b1f705ddda43bdbb69f2874391202b36,426613497,987,1ca9ccec4e5cee39cd545c93be5960d06462563f919f4b7b784f0fc8c915c884
b0eaecabee168268cdd5b7ae24b75fbd2777ba6a35a243eaa8b98363049f6f89,427582919,989,e99d28827d1dc9831ba122c0e2f4bef3ede127101eba76d7384327acc5c77871
b0ef276371512bd94fec7b1817e209e749777f700185b72007fc05d3a3c61c36,426378008,986,b6abfeaabeb789054bc269dc8c1c209178235c9917021cc76cefae0b033df354
b0f5d23d388beadb3c12069a4258ff05a5e5896d0f13b9861f4b6ae237c05312,423769361,980,7b29d56b62d0da432fad8a412be2bfece7d5197a6c8106ed268ce4d8ac661097
b1296649542aca3b42214503e7a683e6f14e6107540d1276e3fa511906778add,421413907,975,bb4913d9ab5676b6cd2bf94b51cca7c207c493ff0c48edb13d5636867ec3e2b5
b12a9e9e4fe46488423b0709e7ceecc240c705ac0f0ca5ca70330512d3987d56,426458521,987,315ea7b1b6e35f13806d6f4f9d1382d21056691287463f20763c937fd507da19
b12d32ff34f1cfe8d49ffbe749b585f5d55a3ad05a9aa4870c66e5e404a2bdfc,425017452,983,cf379bafc0ce54e98e1c41bfe613406eeb011149cdd2de424f5068100dcfb288
b15720dc395daa25498909889e59fccb480fbe5202fd81aa1ae0eb617421e84a,424146140,981,7fb39536dfdd0ea7dc8de4c0df09394baf1a91f441007565f2f73eb6c91d3a26
b163113840ec23c58121478ab0c604eb19229d53d18440b7e52c180fe4b511d6,425925164,985,4cd0a1052c60e0b1318f6b273af483aa0597e03c0ee95e353af2536a38805411
b193ea3a622cc9eeaa38590cda65c53d25179b740e0c50e4068917a33f7a81ef,422020616,976,4d7132c080881f0ba5cd11c0918340f0cb56e63715056a0a05bd8f4098f6351b
b1c76c8f8e6c0e252b80120b89585af7dbeae6518001582762f8fe59109774fb,425822527,985,e270b1bc4c15dbc0c99f80f71024c9521e931abd158b2c859ff3e2f7dc6c7939
b1e898ef818074d998f18ab09fa61502bce4aec386d2ab5c0ac5a37aadd26201,427430865,989,c7bed0fe7aaab24756ee4de9896527b0d232f705460b4cf0127d4b2a84db78d0
b1f8e07a28e9ffbfd3f529703dd956a9c544dd44706d99798589283f51d65f3f,422791900,978,0a1a614b0b7124c2c7d12424918afb32abbdcd3f5197cad6379a2b5d35b87c1d
b2102fc629630f3f55dfcba09ec5918b2725a1a3ca4559f40ef70ea88c9dd2d4,420933459,974,694430647be817fe9e6e9fa8ca9deaa55cff946a6d937723afdc62f843c5e1ae
b22346027e32821aac28ffa64fb527211e9bf520ce816446afe3540c2f1e4283,421622012,975,36f91e912800b5994589aa74d9676d82843bd2702c42b0062b92ee9623cdf007
b23b35f591ff668755c003c824112550943f1b10071411b574a5714b9879b5f5,426493322,987,ed3a4b1324f8ab860482b6609edb8f348ce448236cab59c5af177bf5fbd44750
b256a799b7669b9ebfce04d7a0a89f72246db4cfea603937b89001b0970312ae,422568347,978,41629ea71f949009a04845685315ff2f60e8c4d0f51aa6413a5b8447f17826cf
b264af2efed48b55ca067b1a918cd1a2ba32e84c3a99fe697266a51cc78c2555,426195649,986,18815cd8ccacb3c0f0603a93afe429e1c2144e5f88b681cea0a3767114901d94
b276fea10441d8575a449a2f1458f4e59f88f5eb6c8201d87ac7d21ea7f00fbb,425684389,985,9ba5a85d0a6fce50d376b95cb9a932a35a4f4f675c6e652421899be3fa5fce57
b287878a0e34dc6843f020a133f1a66474e1ccff8c4f9fe556c293d9ade5cbfe,422037475,976,17c74210aac0ba59657fe59ca105459f280c75dfa6ccadc245a5dbbd32b1bba4
b2891f4a6cabdd08b19687ab29079209f5269bdea5213887cfaea499dace880c,425338320,984,0eb6d8b4f5a87623b860940973c84e8bda8897a9430d51f935211b7c1079ec12
b29ba95680ed0fb9e47bacce3f07f15825acf8b8b2707d4e675f94d4342d291d,423490523,980,bd47c12093b1e5936f23797f4d809e868d73c164774f96dba5014db0ba17ecec
b2a2ea2393ede335d65ab57517c0b866c9eb188aedbd9d25c40f536bf9563543,427652208,989,41410ec27fcbf7439195b01f4c97d066e71722b97116db7442b2e1cda7a32b35
b2b8553b8b513653c3404ef444f4534121afd9a05a8f7652f633c33a425ee090,427700422,990,f005157c57e28f813bb4e68e0df7cc35d25731eb5922020bf8364444346c017b
b2e36842ad49c7d4f75f9f9f6a40b4d9f4662dd957ea3a99a76a33243f28915f,421820210,976,ea71ff03d43bc7b788bb670450a1a857064f9970cc0bd3216d6e873ec69309eb
b30ba4d8a504e340aae610223900bab3c30a4763030c638a9217072de5a4fca0,424015151,981,2f8199aae3bced294dbed81f1ffdce28286ccb76323216d45cdeb810659c14d1
b30f8faa222ad17ee14bc569379e6cf0a2e7d22254559b828c1ff4724a109a24,426288719,986,f6bf2750e51ee90652c51a816f63d9d23b2ae5757958898804c8643dcf03c3fb
b31d71d3a834c654d87f9dea1169aa59e9494b582b7c2061b472326ca30c8f23,425843060,985,06a03c6b5c6a86bbecb225da7c7ccccd0e553ea6efadac61109c882290942541
b31df51ac9755913cb2001d81e5b0a83559260852d33c70185f0959ad18aabe2,422416966,977,e1b28f22f21093eb3e679e70cb4d8c4d3335f06c249e1c6791ccc6d6b32b4b88
b31e3f108dcf9b13138f168b771c58d22c12a38a7d4e5edb7268a0f12962a921,426575729,987,f6788d55d37305898ffbe638426b9338bc9b78d1853425f574bc9741468cf718
b3307c2a959369badd13932e0b507d8af3bf60412524923f8e2a8551abdc2769,424325215,982,6b0dae3e0a44acaf037542d74f1ee87e501ee1e760edfcd1e59d3f63fe60b1d3
b333e2a6d9fbd180d5066368ea82abf2c2fd1595f852ad561c3828bc689fcaf1,424640269,982,eab5d91e2fadef891ac460189afa67dc8f22d2aee2a81ef496da67ca8735db57
b334af232a086347d393444e4511a051a6c80a87f641ddaf3ad0e8c0ec273598,423971520,981,c93ba51ee56374888912d7a6ae01136c82cfbc0b22ba7191eb3552bd81946e71
b35acd913e1efe33ad15901266c8eef63683558352d5a91e75ffc6090a616553,425039161,983,b0444eae65cc12acc058d35e2e4a60af7ea8a1effd1399d10d6be02b7160421a
b36ab671bc226c5c78f7895e1041ae0b4977a7128bad97dcd644825fc7564ade,422977640,979,58741fb56b6adc37079944b8f94e6e6702b1f779a239c6d67f6eba30ffea9373
b36dff4d2072094fda3f82d7e10d274d9801c10aac93d18ca6bfe9f81c82017c,427481579,989,a96f01ba8ea9a63f1e68053d4478b5bdda5d44934513077dcf93eecf0d0fd73d
b390ab79c72651592e269354e7ba92bab1d136303914f4a935e51071a62ad8d3,425054552,983,7deebf872dc8067c3b25797fe0eb9fdd5e17d67a149a2bb81d00290c2f8043f3
b3beff5a8a2a4937df40e18dd72f90da4f45c8dc5ee208bc3a278165d55b47b5,425143979,984,204643d434fa80174306c753a2d318c9362a2f90b72bdfc5d74b570974f79267
b3d6386c85c9594928802e3424302d9b5da3a41fa0ecfb3aa2d56a22284affd8,427360777,989,50444e8eb45e3f15d6fc3ebb4e1f210317ba3a557b10b8e66c60b74d26b004fd
b3e8ec576f64326b15b30063a66350c6e3e545468c4801ff66ba528a6a7be8ce,426979122,988,d5c3f8fa49494c5f26091af7b8a08ddb0490f0a3a77ebac0129a715c217605ff
b3ea968e20c37b4803c57374cb55ef476f8ff0a8a0f0683dd1756014e64e8f5a,424552245,982,59b5c5282bc680a279ab734c54c7648c7ec23e10f2337bf0d9f90bdde4693ade
b3eac4303d402c0eaa7c2162399e41445d3521b005bb1602b5c82928d11fb590,426113616,986,3511495f268e7e6a12c72e9efbeeb95a7d09da414e04f0566b34773952a6d960
b3eeaccab54f1998a268c09a791bcec472f20f483026c91da85c1e6afe4724db,421385293,975,4e532febc2234f89e820bd3b277702f516c4b69c00e681913b5ec22b54438e2b
b40cee99c835ac7117720d4ec76fccacdc020ec9c6a27926b13cf159e25e184f,422381029,977,2814cdf1e13891464fa7e5f9b75ad6cc9c2ac1e1b1438c0a7b047a66925fc854
b40e78e71ff196dfc521cdd6c93c51318267b338239f2472dddd84593f1acfab,420931295,974,0b5b5da5bf335fc6dcff856479006c706dfbe1f53ffdd590c02db62a2369f183
b446a50824ebb286c4ce2c3f74d66f06a85993718cf686191ba2fca54262eb54,426624641,987,e8edf1c03f7d9b2d6060bdcbf7ce68a8a9828fdb8f2da2a0b64c04c57a14cbf6
b4555dc3f0e30a6a0ada58f5b185629cf547b2bf963a4a1e780407356089b471,423530248,980,5d9fb76aa1db4b8f0dccff1ebc62326d2adb8f4e567f4ea175b4c8dcdfee9a00
b45c5a5385adfcada8536b06da99cc5af2d7b9b6d38831c30a403d9c4b7c6768,426410348,987,53f10fb42460df51bf10595fbe5c6c994efc7e3b397227e5a082f23150f027f0
b45cee6328dce011e40796456a5db891d3d24a844538eca6fa0effe5be1d1cb5,426306045,986,1c9e7a8ad1373bb8fd3746197b7e0c1f69f36a7a193210ce5582219315e16117
b46ba2c2d9a97b6e3c993e767c71fca287194a11ca8916c493d9b6bf6049fd78,425164491,984,ff431f7dd27081672b05e996af3f19075b3a4e468b10e6f47ab34e38dd3303f9
b46c3bd153df33427fa5f39cd6505e58e55e52fe07eccf7e195cc56fa4c446b5,423835557,981,3a2295407790cafd87de0f7ef791b98276e005169d2c67ec06a5cf683c31d570
b46e4c98617bbf6df057e78f1c099d54d34dd1c0e8a7249830eead9313745e1a,425682432,985,c5f89b78a2c6372feff977ab6dc193778e7a8a801c044f6dc79d716b378b37ae
b477e60e748e2f79b9ba3ee8a5ef5a7d3e6597bf9e9347c055b3a2f61564a896,423865789,981,dc829ef432f830cbf49f002e92feb91fe09a43cb72893c7de4cc8ec5550509f6
b4908a39cf9cf50823f6f3f77603f807cbf4b5b15f529e4a3e5f475998bfc04f,421835924,976,1ee7c15460442cbd917411f795267678a39bf7d010b0ab1e5d764f18ec9635e6
b497e19e93582be4cd6fdfedf198bb1f87f5e7039ddaee4d869c3df835a648e3,423864474,981,daca2b340d445648926bdc1d41dee4e355b663d91bf1f77603ccf32a138d1f26
b4ac698130990f6de47def5e2f90d605c18c6aca0bc409954a108c6184e48b3e,423888848,981,6f238b6cd5dc6d54ffe100bc9f3f8c1ce0dbf06cc184b70c86ead3152dcdcba2
b4b29d992246ed6a412a11e3e9477db0cef5eff51748f271c4acf74849a9b34d,420900700,974,d89e932f347194132c267caf6e913eb382f635e16deeba529b46b905e263de94
b4b5e0390355bcd13f0bde5e54b068cbad117684c2124fe9d85192bc49f9802c,427624738,989,46dc69fe2a725773df50801175cf7d4f7dd760137555ee23e7749b4632f8acaf
b4b7add05428735b2ec8705cb85e69187fd09abe55604205f6c7d4876e208b29,426783875,987,6254e27468465fe98392ebe2a8342ae71f57f732dcc77c5a8b34be4c7fb67fb9
b4bd1a745fc2a25da3a40b9da6d7a1442c1daad7af0a678dc472ee080303ad59,425866287,985,9ac951bdbfea03d2c7890923779ebe8b4572ebb57556310fb712c70e942c8a79
b4d626c823cc53164d25ef62620f5cb1315cd34c7a83b082630c3f1a568efab7,427295394,989,d4bcef27bc48310a0ad1e97e9c31a3effee039b6023a784b1cdb6ff444a0e261
b4e382391eaa582a56008da9c092f0daba10028bf570ec21dce46a743a9011b1,426361032,986,580212b542d87c866ef91b72dd7aba68a8c7fd4c9e25baf5fcf359f3cdccd6e8
b4eb53e75d3b13d32a45cafccf0eef07e77dc48f63a2510889a0f0a3bcce00ee,422060635,976,717a06a1af794628fc8dc8c67853d4e4266e7d1154a3405a10d349bc15d1f461
b4ec5d506d6da4157f1d8f221db586737c0aff2d5345b6e2e27c4354ecb0f055,425502607,984,d603851471333589e5b6e6aa30cd502a518e1d42ac4943ae485b0dba7dbc64b4
b503ac904467ab1130e690358730d865d85d6ba92b178f3b2912d07c65bb3ad1,424186735,981,c380e61bdd9c4869f0752e13eef9c2e5cb401ff01ee03ba9b6756c5c57c8926e
b51fcda16298c3a7ab56436be1adc173596c5fcfa2f6d5ba77a3d406f24142ef,423954468,981,40b1713c73d31224d1eab06b95c21a5b1408042967b88821ead7a011e4c6bebf
b53109b63e280dfddc38d1f764d253ad4ea7cb5f85165d5deeb67c9e775a9ca9,423837379,981,2ce8154a7087559944354282ad2ea8459c1384b3bfc3ed956d4972fe910313e7
b5443c5b71a682dd9e028cf1247fd4c187d4f5cdc374d20588a1b487cbe1cd75,424351846,982,c26af210f5a87a143d20d7ddb4512099a67eb53f9c080f7343bd3867ebe374a5
b54925af9d151e0b1a98b641248def035ec286159288d2f9add07525d98ccecd,425727882,985,d53fd8d09aef9cd245cbd6278dcdddec671fd3ed589c807293a40fa158450fc1
b54b1c0ac2184d0af2e01183b8edcee03cd06fd244938a4fc387e05ac05f39ff,425097541,984,0ad24ace2d3271213001cb1a8b30fd8cf73df23734f3421fa82423eda46046c1
b55a800267aa6c18f5548716094a0c7290c21950a0579d25bbe1649676a78cd6,426347295,986,3b9dc5ed72fea386b7a433eead8030d49bf7d3993a183d8b8f819d3c997e3690
b5602abd74b717ab1d4ea99943442e2bf17d32cdad336fa89b79ffe4aac96362,424143248,981,120a1f9ac853d86516eaf0430428d8145b611d061a2973c49bc147d149de6b48
b5752ddf107d77f1590e3b1636f273ce28bf5427b80f532194a7bf72f42ff98f,426598559,987,b09715dcd6e1b53cdc44bb14e347231836505d6a7a85ceafbc09836a48c118c0
b5763a1e6c700f897657e08dabcea3aa4423fc499ed7b01004a479ab06080a16,426566847,987,b29139d08911ead377d3e9496f17490c79973e1d9df9d82f91f48358d93b6ca0
b58f7021c6d108a3b6eab23a0ecbe08d8e2226c230c70eb135f5cba0cbabf740,427167528,988,012f381b4ab0a2a777b79f81c324f7383cfee30ad9c16c0713f07b9f2527a858
b5aa4a5ead58148583c6c4c49c5182d8a56dffb30dac27690c4b985ddac22dad,422561366,978,50467ecfdc4f09460a56dac2ad6212b589641168adabac0e1ee4d16087c99423
b5b3f85026bfae172d04e05d3edb1724772807b7779e2e575851968165540cee,420901917,974,b2b27efa5a0b0f6eb6f20e9f8c3efc7dd06b09e2e95924705cf589b8330220ba
b5ea07f5ff20c50b1dc4c3721ab7350eb0582637ff63a2abfb8065c7e9bef15a,426661074,987,483a94fdaad3ea514cd3777cc4c85078834d41b81a7f4dfd9f8abf88ba3c0a78
b5f40dd7a0d02ec52063f4c868348c15c140bbe61979bbaf540fc6025a6d816d,420933383,974,b6999713407d993720b6fa151039952a9034d57c771560b67e4b693d29ac5edd
b62ddc63971fa2df78ac000b8ed883c825dc5f0fef14ce0b71a938e5c6239462,424031851,981,0fb89f85143c3cd21e886c912baf84262ffcd8e5414f9438835d3ac12e29df21
b6475840a987c1760f5729f6c46082f5a2cc68aea3fa8e20cdd21f71d43d1f2b,424179648,981,f16986fd80465d649a532769c559681f0ce0312ed36d38d6f3970c7251d74e71
b65089022f5e9c32766924a3af933f1e831a7502c1ba6e4e24c9980f9950d2c1,427191938,988,b194e85c727697fb72999372441fe253299d7b282e903f3e7bd0425766b8602e
b66bf0a0f88649094251c2c7363cb16615c9366950c8e4c1992f9859007c70e0,423481435,980,3261ddd7ee6a4abaa16d2e92423578e3bfc534756c8a2ba9b50841b0b3f54b9f
b66c380c936115f69d1ff9430ca5fc039cd5cb0a03e48651c7e7f8f038f2717c,426588328,987,8f51b64b368141e8a1ced0376acf65c4da1b2a43cbd96779f914e44ee1f11669
b683f4aee33f3ebfb672647bab11253ea13a773e277f2242d57a487a21550b36,426477135,987,98e3e1dca7816d865703bfe19c9828e44c733efa6cdb1cfb4c0afacbc77e0649
b6ab08d3e02db12e9c8f437e3efa0b39f03f75704094a8f555663ea0e930d2ca,426521681,987,71ac6821068e035141ffabdab427730ae5a9140d8def1b87e4b3a5e9c14dafca
b6b3b45329726d19253f808df953fd4740e846a404812fb9cdf407234f8c21d6,422123061,977,2b26c672611451b8e459fbe47ab605db5bc7bc4774ddf5130fbc7bc440b60699
b6bc398d262815eb77d493e505ffba81df16e522e8fa1bef0c2c74c5a173a2f6,420928942,974,8b07557802f7b1e516c7f7e6f876ef08cec6bba5ed79b370261230bec69a4e5a
b6c263b38975992a85eb9a2026d39350642406d5b9e50948a061179d097e7112,420933620,974,fbdba91d42347c0003803a3230a5c4f4f04e557ec73d5cc761b081383fa99236
b6d3503ea323c6236f8ea6fb00acf1255dc43b53abe7499cf2b7a6851cb6a071,422603116,978,3bb21cc02e77164b75b8580fd92bbfeb0281179267a9463c3686082c40244881
b6eb1cb3f5427799b63b7a00d849f919bbc423e0ef72648eebf3c0648799572e,426310538,986,3078ef6965389ea6f39fa913c4e2ca1f9edb94a0e0d79df959f164abb4663ec2
b702a4e66a344b8781c144ea6b7dac9bee9ad64308e00615f88f79052a05aa61,426390842,987,8bad7a95783d9fca4189e345f1f4f0b053257df234f6586aa2937133dc60242a
b734b1724b11d80dfa979ef4259f1419c5ad0f9f4717df91f303fd34854d7a86,422325566,977,c77fac0cb7a3863a8c35b38881b1de7fd62278ffcc7a50b06078bd85684193af
b76acbaed78506ad6c5d68b45663fb043e5575537f3dbe30636272938c3d8978,423876784,981,ad78846c40bb1aa6cd58d7cd11d8f711e9ac82b345bec6f2cbdbb409ec70d737
b76dc2c79184b9d5d05445492a681e974d4e7a5b7aa65b11404dc123fd198f67,428111013,990,cb322eefb4cf216c8ecae430a9074729c7eb5b82821435cb9c71de0375035078
b77cc18e660e87d56c00a17a72d1cf56d558ed8b146e0a74b1a97ace87a0a6d8,424093110,981,ab3b988f448533c301755789b49e43a18dcd622a59bd2e8ab7d28417ed50a0ab
b78ad5ba8ea88dd5f63ecda01f272d34c8a2673ea160e7bbd7f9db8724c33541,423925046,981,a60a07abf3b834fa38173c745385fcc7b5ba158f554b1f48c4fecae303fb09af
b78c4852f5a1ec56d0a57ccdc3bb7f04553dd183451e53c638ff0885936cb66c,426900218,988,d8e684183d54bc44f1d96cb9d9a08c738bad78fc6bf0e740138ba11f54d6f83b
b7a9787e9fe98b9c1fba494b6055f8233e93d1f36c4656ffc4ec83fca8d67f31,425925681,985,09867b9f5474da8ced504bc1aed6924e253466e20b5b27f9bf3dea2598febde5
b7ac04a91cdb7c42403fd61d29712282ee3d6c6c3f286a6d53f12948b346b52b,421695631,976,b10afc034c00d53d5e45fb0c06d64ed1d628696230eeb05ea92fd4cf7b17d9ce
b7b05c1b20abd2fa75f2d73df1f89d3466742c69ed7361d642c2c3d8b29b08d6,424061284,981,49544b1bf7e756b7c9ee88734f6f6f6937845dbebd09ae276f2c80fcd6de79fd
b7bdfafb000a1ccfc9464f825e0317a9b29ce44c0b6371687d9391e9475e71e8,426761136,987,0e530f98e962280f624ef08b4bf65a21c3ccc88aee602eedeab13ed5d8f630d4
b7c183b39ba3191c930c91b422adf6a24e4f79d573d75c1421afeda11b65114d,422569608,978,7d4ceb6f18689e9adae61508ab0d51ed6ed8b715a61c248f4753aa3fa2687149
b7c436e7edae4c80cd13092e026e8feab54133f3165c0a3fd9fd04a9aebc161a,427121109,988,2c04fdc2315dc316e94725bb996f442e89ea5fc71873e2314c76e06279e52a3d
b7c52432ebbf193c9cd2e4a773634c4dd0332391218f11a5b55c132a3c4a71ee,426470349,987,901b58d31dfd8ac40bedfe1c64d47df5d799ae6401e9eca1ea017173c29e7cf5
b7d7c8d6da29d07143b5217a664704f14a17971d5d75966dc338b814307c7a43,427591065,989,f0b833b4430b132d156f3ead55ffd94cdc29830d5177e508498e83defb9f89ed
b7fe7ebe77fd9562d39d2af5627749c75adb7abc71e764356fc8280988d684fe,423741907,980,c36d6bddf91670604fbf0cdcd2745141d1899e77b86ef91cbbabf4bbd7ad5d2c
b80ccbe6b26be75eb6fc20267d5e664a01741bc0c0619a5948312fee4392b4ab,426205178,986,a4ad988cd36e3decece507f23c2ea411f119b36648cd8281b686f0ddbd961943
b811d5f6fecd3e62fc3dca5214d3df90645bdde8bda6d9c09210252a57cc13c9,423620558,980,c402cc53a1ae7331deaa6eba5b3b8f56a75e90b90d2132a862e376cdbc2a6041
b82fad21d71615ca4ec28b08113960f202cbe82240b658ff1cacd3209a027ff8,423863648,981,1245ccbc942815d9c45b7573d40018eee89ccafacfecad08fdb68973f8ddad10
b8345697eedd30b32463a8502730df403690d3fcbf872227b8284e3e6b61aac3,424176933,981,f473e6d820e8f5473c8217b57bbf9aafd638e3c24b4ec53ce63f8fc94fe921c0
b8643c89ca76e6aabf6ccef1298cee447fd50632e39110b13c9bcdeb05d45c67,422402349,977,9dc4649113086ef9bfb40e0aeeb00e4d66adf27211ebf0d11a5f892aaea688c6
b867b68b949efc7eef4d5522fbdb85ba2637b7a89a07b29de332c7c8687f591c,423798170,981,7c67ec74d39c38c44f30d25492a6b8da2a3719b077e8216e10bdd97d712a3cf4
b876e5d843bba946332ac5bb53fc55138d6ff97cb5a61bbc2a939032c796c460,425303697,984,b9b86d4cfbc4c7cd1480e6e07822d010680a87fb50e0ac1c87d442cad36ec5e8
b8b68f7777487dc92c167271c65a66ca4d48c92aa2763be3fbd0ccb178bf1eb7,423787931,980,d5d970b512efe0abaa1acc07930320c3ed7fc332808942604a015af5615497f5
b8d710b820d9257fcbb6648c32010596bbdd8b8fe02ce12e51877a711ff38797,427858853,990,9500614a19165f9b821409156a76c31aaddee49828a95dc8062eaa6967397cb5
b8db0354d31ff515db9b8aa6e35b3dff780f93f9648009c3ba6c5bc8a5d9102d,426011598,986,484602d371adc03ee48a3dee8d9f80ea5813a5de0967de5e310f173037dbbd56
b8ed248ebea58e88b0419c4c2ce629e71bb8fb95ebc56929723cd0422852adfb,426817521,988,47dac4a6a39e7fa4bd281619228601f548a7f644ef2467e290833a333fa3551a
b902886ec9a2ae63b53feffe0bbc03902197166eb4f8ee91652dabed551d82d0,420901737,974,25d308c156bde07fef97be60d664ae8cc65a161050a0bb8084a65c78ebebd008
b90d56f908b2ae80e9f992c524babaa32ea4552f0bd6d96339bab6373846ade2,423350564,979,553befa8e45b26474e1c43e0c8e861586d9e96298dfb8d60ea2cea7bbdb58580
b90ff3b98542241d8d9ad25105d8dd68c51d39db856a59418a1fe9645b07e6aa,424817752,983,fb0cc887b888c7bb9ee8077aa0e6ee70c81619c5226b264d8074eedd52efee77
b913569b5c17059be284d7f142e698d20fd3666718d039eb7b437c3daeebd4fc,423763983,980,5491b2977f632b9f7ec99a4d61034bac20fbc4205852ee4a0fb82f2d19b41d6d
b93cf105f2572537e6d6d9c02a5a96abcdbe8ad9b624c596efc710588c434b70,426746706,987,85700673fdc64efd982ca330e4a544022dabe45a7775248dad2d75dfd008c144
b96768ead740edc2ba274f43e5af261230b58962c511c3a29f05e250749db637,422778671,978,fae561df3dfb8f0e5b9663e6acdf1b97e755ef79f9d10a5c73403a4da5d0cf0a
b96f2bf1ec90b063f7acb17ef84bbe4c4fc53fcbca664f59538059001685366f,421681690,976,2554d4e5ba27863d8e4184c9cb65def87c39b9949475aee962a1341708c59167
b983a3e3838c17e1785e7beccbe7a219fd6756a4b4c7c9e4765922b7c9e57421,427727900,990,8c0ea7d44904a0fde050922dd243f443fcf3663be5982e9c44766d15dc4578e7
b997017cc6d755b2a8b7c2ff722dfa26271247ae22b8b3140533d8127a9b2003,427795187,990,847aa4503c61c2051232f903911ecc6742c9b13e672c2997c18b02e44c7f1980
b9a707f54b56dd34da79fb3c07acc6f79791d151842e928b7946e6739b680dc0,428051765,990,c630665e95f3c0d9095f5336834635f4c3e417c5a89ffe227c0cafce31abe69a
b9b0cc591edb6dfe72892d4eb638bccfbc67c66a3d0d208f610a110e85c2e5eb,425942765,985,7d982ff097a32c23c6c5f309c52a23cd06b342d2c00ae5c122d66ce11a0dede8
b9b1dec40857df90e48572935170f91c74e1eb7cc37b432fac9fe9e5a037584d,425867100,985,30350507db77ff879ad826b0afad509597777648ac41a91714806a0e8732eeeb
b9bfdf4595496b3ef29c80e162f074fba37b0b77f6f22cf753a06a6408e65be4,423240223,979,949077f1885d41c143a9d9125364746f1da98bc3ad3331ade029a9bcf671e1bb
b9c453d8b79aea712074d0588fedcbb06efc17b4c8915a345857e92bb21f9362,426979670,988,f349267a4448135b3fea4fa1e466c6c8f02e36c4bf5186da1b4fa224228fa0fc
b9d8991450e46d00a387478deef57b8fab5bab65da56bf7f8082c35ae711e139,426831241,988,e39f48578306984c116a37fe0dbb63558ebd89a16f26af2cce9e35ae278a821e
b9da64e35e5568a1065b4cdcce865a2feb1bb288f3b104a1275f9319c7a1e671,425749606,985,9675c56fa813cd338753edfb8d28f521646d1334aaf1e4b8ba5a3dafa24ef41e
b9de6142843d9a296e255def4cb9ee4a6e772fa6fa79b9bd513f66b39cfe4d36,426116445,986,70b9fcb0f8db0cbb67eb45f092d61d4727bcceb90beb27eee6d6cfab9ff0259a
b9ef437cb0f53555f05633b29a8f6afceaa73b46fe727375483ce4e3a33f70ef,423831220,981,d39c0d957de20d6059f0e9dca5c70562329d3eeea1df58e80e8ac1c22bc11a54
ba0bf4e9dc08cfa78d496ef960b1f37105f21e85d398305af4d56dabe6126777,423786789,980,94aacc051250eced13529da3e5512d7c010818f25add466cce09a46932a22428
ba0e97b0aa33eb9032eedebfb1414e40762a5ef5bd986689cc8aaaca4c7460f2,423689482,980,40efed61240154adde125237a735866c9b204ef2a256aad1061e5810637321c1
ba1121880740ae0daf30b1b87c8147f589268a5e7759058cf36db930aa0e645d,426090711,986,ae3c4665207c6b97cc5609fb23c48d0c179dc7de7863a5bf31768fac8d31a711
ba13022ec470bb45c9556659fea70188b05ab3c9ee58732f0cdc2e84e6b1b747,427566493,989,f35d326679c8cb3489ad139bf835fe65aa73f29b03be6b8324ddd35ddf21dad2
ba177d13c9ac0249ad1b6b1ed34587b9e8141130b6bb1b43b877c1ad6f917ac7,423706606,980,97e158844f017271d86e2b73acf432c77b4e9cde1b4f33ff4b116ccdd1028d1f
ba2b9fc624b1b3d0e8dae2d536853200c7bd37750a6e93d2317cf02b18ba38b1,422519454,978,6c8912ea27a50440107f003658d43f126e991d49579d18897ebe0393ed74ef51
ba33d6abf43c5273f1cf974c968f8bb2acb4b47cb9b8d16cfeba61385912a30b,423755068,980,73f7db416b23c3535fdf7caaf838ee180cc77bf4ddd22c29ee9e8d0f20e4df2c
ba3edaf1c6c9e9a36e67d5d786b0c966f195370107ea074dd87a0666af20353b,424216041,981,2e2807dbcc81278b18e34b56f5dac9b81da8a3f27e85e919897c8e473c06637e
ba45abcf81a85bc363c71c4e673dfae383372b41f30812a3be686c16424be103,420932596,974,871682c346ddb1e8db4a2beb5071bae4699492c5480b1bf177301eddeb43b3a7
ba4da899906699c3f3337510d24626bb3dc9023a6462cdbc13a5ff80b6c76c78,420930037,974,6bce78f6f5db64495e0f2e146df42033d7574f214029f7536cf50d69efcce964
ba53a4c832422232a9073b13ff1af9ec352b8b491a812ff77e98abc926f26ff2,426966264,988,e74d84d3b52d5a0fcdf9f512d7f1db4f92a1ab952a0f659f46dcd9f477e70a8b
ba768f2df811022299688a379430aed67267c20efa95b280099b8c5d9e5a495a,424408443,982,9f6dd4ea96af8b8cec463fbfe43ec521f3c92d6dacb277c6bec84fc600a856ce
ba77afb97ac3aff7a908472a651dd37f2c3bf237c83613632879ae03a03ca6c7,427190053,988,a6e887825522da6ca576be92ab596d9e4b03c67f21cfa0879d587217302cef0a
ba85781a4257fc719b21429f55d59666eaf65deb2415035780ad9eeb7f4b70bf,422418369,977,8b1f6ab808a6911a3495d0afaa32fcf69b029f6ff4e2fee66ab28c9d34c55a19
ba8ff55d6154fddb1e1daa5e5ae583abba0ddca7c30df40d95b2a4a3a1412211,423668038,980,ff91226f074a33226fc58ac40c0b9ea061c6c02302d298ea90e18e24d178716f
baa06377bce89dc18c179169611d33ddcf1d07a29bd8f2129bc55b83f6c99f1f,425785513,985,72e4cf3b2a09121b26ca54bd5f763015757119e4568e31b7b79f5300d813ce03
bac08efed8a2173155fdf0689e24f70877d0d09db681df0bf36522b1e62be85f,420933213,974,c1db8c8c547cff830506e9fffd851da45b16eb904e8354fe4672330d3db6d669
bad918ad06cbee831d6e2059385e6dcb45e59cff7009beb144bf0c0abc91bd8a,423547852,980,23c2812298cbaf4df532b1caba8f7918150976adfdbc56ba047c52dd892c986c
bb045684a7ef17595700b5d967178de315c5cb6999a63dbc841df5206e4a433a,426979889,988,dcbd2c66ff1db1fcc5c74799a4d5cd4fc6afec103bb5ae29f54b063cfdb17461
bb1259a4b6df987721fbd5865f08fbba1d8a4af59e54d6e83f9798e628de2fdf,424120698,981,563e0badb9c47e7f416046c2196bc11bf166c3345a7919b00553058b13d0ba61
bb16983f26df6767cf922854bdeb23b4d356e595b71a15194d4315c36defdd2c,423797079,981,9301ece2f92424aebbe4af49a126dfd928ce5323de43aa2f48aeca05cd2cb661
bb1716affe4053ffc1a3bc16bef18e5e9dc588d6297f490eb3c3a776268cf3b1,424034501,981,34df831dfb3f35e2894a8b77319bc89bbf8e15371e5dcd03d50c3cc124c4aab2
bb22d7574ec167f46254730533f1b080b1391bebd59fbf47088ea0215d6973b3,424280494,982,917de83444ff3dd2e997e262589f525c78b9ddc5a1fa9e256dee7c89c284cdc2
bb31eca8af94671e04eba8c7ff4f2aafa4a048293adc39d1756eee5ccf75cb03,424187554,981,fd55b7c494cce9f0d28cefb77087ecf8fe197b4625d77ff1a3c3028aad150eff
bb55bec8687344318aad0a5c779524fbf76ca8f878a5bbf4164ab6d939c2aa2f,425222430,984,c7388a941860cebe8d0a410a0764e52183cb632838e65f137ab201641b7bced8
bb58aa38297e820adcef32bd1b1891bf2b606ba561e91aee7778f363eacb1633,423136903,979,8a635b1003c2976160e6065ccac8501887809d950e74a2d348a5f2199e6e01eb
bb6e408a5d4608b020562dad5c48c20d4be923f4096eabac1b5ecdcec31dd4e7,427563734,989,91c3d5ed003966c93def27da73fe4cafbd46b0caf5f2c42a233245d8c5d75ee8
bb83c8a282b126336f36d63c9dc7f5e39d8cfdd4c43b633357d7830a9301e1e3,423675555,980,0a342fe17f62de79dd43a44cc603a337d8ee667ef39d8d88b75b0ebae9588006
bb87ac315db19375ecc4821c0060fbfc8447703abe27419eba1131c095ee3e1d,426289591,986,c2a0a547996785f13c244aa33e5d02b280ff934ad058255722303c2af03ed54d
bb903519c00594e23ba3ac50aacf67edd1739fd043807c14d944ec43797675e0,426762777,987,e96bf824b13ff863644490d037a3c953c6758f305bff25e93bb310f0a2909d78
bb927f62b673c67d13fdb494ef01d9af8dc8a6224d8bca3ed604d3cc79bcab96,422782409,978,67deb9ab49bbd24f444b129e0c1a6f8c64a8e7f11931ac238346253ca8f5a31a
bb9580c3e516501cceddbe6c2d6eb91d0ddb6c78f3621c02355089f7d71cc74d,424851534,983,10bdbe619deb08434c6ba1e243f4603c879ee55352fc8af4989784b5dc69c3f8
bb96452d229c6be3c7b3b525c471f1b0bd4b18cc759b4fb93cfa94b8f5dc2e8e,426497360,987,2582449cfe93e9724375fbaa94a660c23858e9846987a55be19e9bd80332cc67
bba62dd6869288fd002100d068636a4559056bb7ec21d4798a252b941d2e7ba1,420932994,974,365fd573dc4c20766881b6f26dd2c70a5766d383533b7f1b401221bb154d57cb
bbbbd17949bb73e771b6cbcddb1340a69dd201ee495127a066cf0225ed60bfc8,426627763,987,78d29cda811a9459352c4cd11d8ebb8a28162c04708016836b8a8fb380cdf312
bbc7fb6693aa039306405ade5ee665969c056e35210fa30386d651c6b20db924,422410953,977,ed5db32185f4ea5368b80388c79e5af3aff36672530e9978e80c816d53cab256
bbcf417be3435af6f9af5301f1c95564a453fd42e3d74dd8684927ad248944bf,426859148,988,d87a8f8f812e6bf07cbc6272736afb0fed289de3b7c5b67f02aa726bfcadb594
bbddc08762552ca773d073d63fa4535ce992ad64509fc1db6789fdb5e96b05fd,426269052,986,bbb8fa19691c3bef408dc2d8a742c6fbf0632a84a54b2eb8e27d4970ba8afdac
bbeb8669a8425b91f9702d8587b5b576271cc3a15a9e5ef62f090d5641853617,421676850,976,f2b9bc5b4bc78f8ad9ea518e7b385f0476585137422143e3fbf0b00858ed96d3
bbfa2dddb5adbb8098a301f8296e682add47d844670642dc77f7d79b009f0ece,423781852,980,fc2f98ec2390327ea5b1f629901ab7d64e14ff1e42ed649abbc6af13b2d530f7
bc04f428d5091d36f6e5ae488051028c808bf0474676233abcc47fbb940b3194,422806081,978,8447749f0cb94e0b9cdce96633477a6e03d21b4639f14ae68b332aad926ea553
bc0f7247c9bb0f5df2ffdf50c78c46c058c6e65365ac4bfeb413537fcca368ee,421391110,975,366557ae2a4696d14665d9793c9fe3d39dff40b5665954c4bf232634a249d081
bc12fd6c29182e84e718d3c772123b7cf7636620cdc2d327566b2843492e1207,424239039,982,fc4d5b3940cb89a5528c9232a7faab3ee86eed579b3bd9c71c1e284e1533bd4c
bc2730d7a687392254a16359b7b6e3e5e2283410c11fe1316186d469ffa2ff20,425946559,985,0795eb50ec96c0b0560aa22c00dc0aefe8b4d2310ca679706eb5810752090b30
bc59b54db11e11f2f4a283167f67156d8bc5d0717bd68ee3327505b5459276bb,424378254,982,255b279efbc8ea3550b7d8b4367b2df2390027ebc88893f0393a9d9efccfe778
bc5d4ea30747ed277c0aac7e2ac3d70d42d8b0a9b7960e413f8d5b7918475ac4,421850109,976,6914c046e48bf92b2c303c501bc0cf6cb4230bba2d54c8b78e40318fc96985b8
bc677925fd3eb934f0220a0a480c86a973e3c385f7457be453ed2d2b0a6aceba,425295280,984,e4fd5a6a1bd6c05d5fa0ea55eb6a523dc3097d6694a855b3629a86917de0520c
bc70e8579b0b001d41bdb0ce93359f5a548b034abe993e2d7ddccc4c04d62b93,426221989,986,a5f05a6caad19e7174d5991b14c20e282445ff3cf83e26df3694c2f86948dbc3
bc856d0199df1d32099d71a7ea2788b9629fe87f9ec5a04727b3b638816f9894,425008857,983,1b88e720474e308895de4a2c145ce873277eef105eec51cc78cfba17c651b719
bc89d7484624bb9ecbd4c371fb45e87845c5adbd54577bd2b647f28e045073fd,425050188,983,ccec352d749cf1ad6292729a5f2563a9a29fdd5312b673a7a9003c41f9d9b0a6
bc9ceea99ff1af5661df0ae6ff75d5cae74400b17ca60cc833a37f2e05e9e7ea,421238123,975,c827b5e2864751d4d43d2430b584c37f8d862aeddb7f0c1ce9f8e9d8de0a34b5
bc9f9e89bfd74c29e6918f650e9078bc5c094a07f62c7ca94d5585396468c7af,426211360,986,0f05c60bdd6f88bdcc46ac81c41c199181581a11f85ab7d47c6662afb14c5722
bca7ca1057929d3d2f373905dbfbcb329c19694cc77b9cc5a2dc74e79ddbb279,423682079,980,4121bb28d5dc505ac1357645e38496cb693cc0ef1d8537f547894dbc789aab9e
bcd59407e34cd08f1a4a07733c595957053fd83fae206d5f6f2b7544a57268cb,426518715,987,728ec3ecc68ceac3bd0b92203d1ecbca4d27a3e788a669fc3ed2bd34d6487ee4
bcd8748ef5fbb650de27370dada94cae87bc4f98a7274e6589c5d15798f9a202,423587487,980,64590ab06f20e7b85665d97bfbc5960b838199339993319802c7fe1cf57174c0
bcdc0e9f28c5d8f860ccfcb3ee22982e7aa7feec7fe9aee9b16bf9f812d61b89,424021209,981,2bf7b8884b8e7e85bad72918991d108143d53ae2a8d5a7faa9e812d58eebcbd6
bce00cefcf8a96ccc89a8ac7997b0e1cb84f77c47485a220918e512c5fb72ee9,426833378,988,12c7a549c9d7013c8b0d7c5ead4e4240dbd6b1aece1ba80ee4a4e940d55e767f
bcef0b71eeb5330faf0b16b78c90c067bbc3f06ef89cdd07cdc1378b1a83d909,427119732,988,12734770c1349bc1bb5b8e5308c10852e774c6b81a7bf461bea5a82a00eaa483
bcfb2a2ed713c11c93804037944812d584916004c8041b9dfd7db0f3ba01ebfb,424716079,983,6c7e22947b1e856b0205c74304cabf3a67c67b63940b9739c289cbd3517e3172
bd04992b5756d275beb3b5926ffe8a03e314a6052d6770328b14912c2a4263fe,422820099,978,8b4d7f837443c1ae73434e44a198af11dadf13eb85ba9653fb06b36cab823f88
bd2e5f1ea832e89e283621861ee897c0b87573988538d0a5032f9c7b99ecf2e1,425555217,985,6ec43a8a2eea9f108aecfa1130d694f8073714c6f38442ff666b04fa6b98ab20
bd3134471f06e33d84105ac18a92cb07c0140ba5cce57a68ace24f0785ee5f34,422960206,979,0f3b2a5e16da30c60b622dd27707b742c14dff5d5dc3b1c8c7ef2ad7cd0f7d59
bd3ffdb4480d573d7821d9fbece9f6a0a2c7a26682d47b5e3741cded07f74d51,426935840,988,11f401a0f51fbc815f9d10599711ebfac2e552401756265b1bc7a32594832d43
bd5c65580834c8d1bcb4734f49f378dd91e1c35b6a5e742d7c2f59b026b49a98,425028604,983,cb2633a6bf5039d9698fa58017b094a8986359caade0ec706e5d790576eb13d4
bd606b1731ded22ee5e8da20556e69fd53fb62149a09380def942f16c2bc20cc,424958672,983,dadbee3030ef397e6ef527353a08877ec852f09c210281a33d22f1d399701ff4
bd69566d09d9cdb78508917a2d618d5cf6cdc70533ae6aee86ce1aa907e80dc8,424158604,981,cbe6e675bf64703d6973eee6660ad95c3c97ae45f0cd7869015edadd00578f88
bd825f534b643e1eca2fa0ad76329f7e8f1ee0fe20fb65d285b121c342e500e4,423749190,980,bb6d1613c49764728ff9a764bd9aa6bf58aa4f1d74158bd6620b7154fe80eea8
bd8a67d9fb6d9a38e998ab6b3bf19cb52aece80949fa759d3677ba2b95f875a6,423702811,980,8361559436520336900d20f5c14cfa1e95d84ca8cdd1a623f84f5dae40300f99
bdcbd8f92c62dbd99791c87dc7a8990cf9503788f5fcad7c3f2a7d00950e25df,425647961,985,94ffc5b3456c278576f37b5b51373e51cddc472987a333aa34418e42b6b57b8a
bde56f6fa518b2fe0ff1d16771bc3be8a64d22851f9845945fc0b86bdf2ab0fa,426732344,987,2d47c61733a6bb3dba85cbdefeda6579fc34fe07a77c8452d986840318782ae1
be12080c31951c543a6d9de2be537f62c4219be6e85f506f96a142e28447eb2f,423156420,979,c16ef984656d6a779fbbe2cacd5315fd2d12d8955b76681e75e538059d2b672a
be1401ecc9dd2aee76c9070d96a9d512de87133cbc445c6fc2f26ed8f50a3ee5,426014006,986,5a4ba2aa9bdab8019a8f6d49544cdce973896fa047de86c48992622a71430fb8
be18085c4798400827a62c94b285d00bc7ce9891aa94da12a106f8b65829d8fb,426763836,987,a5fb9025dfccf38636cbe037353542dbd81031e56e1a9f32902f9aab9bd6f85c
be34c139a02edce7cff6af95d9701b118b27e6015bb74f559734c7f151e8b14f,426626816,987,bc82e1e4dd2a45482d6b8f5f40906632999ea5743b24bb2f0a343d13d2c5851c
be4fa4246b27bfa61ba2154c3e59ee98c91cdca2c9c30b7a49ea800d6d215eb7,425272921,984,a8c6d351c4d5093cf63e7f995fcec5c365db21dfcaa1315b085b672880d792cc
be6e607483c5439d14100449c55423dbeaf779e8ff8b5161ac4fadc20f0b2d12,423768412,980,41f5156464e8ae4a21c0a9d1e2a7f637158800680148c346dae7b33267b0438e
be73ad8d066f1b56148ede81d668c3ab358e9a55369ff09f9f0431ff0d0c6d64,425730684,985,8c64c0aeaf8aa9344383faed96fae481a69b2302b6b26790d8e2303a3ca9f96d
be78ed18084d952cdec350bcdd3d052ab195550a380ff6158d31f0919c12d0ae,424914663,983,a066073c0e6de1abcf4a461ba10ac462986ee51a36613a02c6ffd1f1c6a19c93
beadc29f6365207b881ce1178a006c5dd4de35ed678a6651aac10b5ec086b230,420929493,974,c72ff1a208e66d3185091530e1b5f8eff11195a476f7fe0373c68daa8e71935c
beafcbcc3560e84a996776ddb63b90c599bf7a6ed40dae3682197a807c7f972d,426254598,986,e934799e3ac718bdd9817da9f160e035194970698242efb84454307622f40558
beb2c376ac86145a84d615ecf46698ad2a4d2145d3cf51ddca19b01981221de3,426595566,987,c5a888b58a737dcce002113ede0a7191842233063f4bc6bbb0c1565fdcd47475
bec2d9452108287f08f66da613e60827a7a1c090fd78348473efb581bff080d9,423496321,980,35ff33ec57fcb9a7ffa60731d0a9f0f7f40c8d68fa4c222cbc982f0fa8c7cc49
bed7d69fff69dae10f4873324ced01c9c998b6cd6f84ee9529495f7cf55be11e,424148770,981,ceadcc7b4e9a0d39c285d5c0b9ae23985c6c4eff4a6835f3f1323d61843fa28b
beebc7f190c8ba6d327cc1227d1d194ac5dcbcffe50402c2e27f24d90dcfbc7d,423386891,980,f45378bdeed3f70ea79d4bb786e67619124b4129fbbdaac92fdcd4dd67a093ae
bf03d8ca15d0f4f08dcc60f2542b2615a65a5b8333eccafa2f73a293a56722d4,423652897,980,2bdff748c8da92ab375c2e5174a4a636c2b019052f9aeffdfa86fbeca093c2c0
bf095025ab5e406a6d63e39a194ff87de6acb8a613bb97185332393650542829,427852926,990,e0c1e1b8edd64b9623aabdccdadbd6be6efc69d49d1ae89240c89f5f48273839
bf336fcc4f2e6681436ef83809f88f43752f1df87fcf5440e83ebc10b910d1ed,426953197,988,84954c6dbecb67488e4c60a506b6d20b0033e853ebc4ae98ed96336c064c94df
bf3f2f41218622712db714d4bfefef4f3bef3759cc9e1ae2e70edd565a088120,426856984,988,c6460e458766ffde52ae35928d56f6946a60d049f73b6738ed4b2587d44bb421
bf46542f65427109c3659d38a236ea2ca306b2bc25a25c46d1559041eb984d97,423761866,980,05d89856dac0f602327360e31ae5eb7dbe5305c88d5f8699c8153abf123af6f0
bf498f57569bd5414b9f8a29fcaa49de9739b83566a5ff0e489cb8261fb76eae,426432109,987,ae96ca279b9c9fd00a0a2edcf187dcc9a43339256897c482316e8190207266ed
bf6572e30dda4952c4fc9f1a04bb4265b49315bc8391d479d255e79fba346ebf,426178917,986,46871d753f847993c5f75a28cf48dc4634d3119a0622c352a2f1dfa697d53891
bf76cfdf4bbd67e63324dcc204a62fa933cb02cce033024a2120bf7f4447a891,422825617,978,1c2e2c3bdbde21b536253cb720251b45b44cb745e9e86d3742398bcb8d0122b8
bf81cfcb7ce6c71774e3020df3bf122562fe2eba37c3a86cf0c9ab1221a26e0c,423831408,981,25f22780d45aee03b167f006cab37659ff072795bead86ef64b2e7d8763bcba1
bf823962ce354933ed8143b37b5033b8e1454718407625f285f90c0dddb87f61,424437184,982,36de38f0d8323ccdb49244d15643f87b5d154f59200ac60579a528341808504e
bf9910a3086711849ae1d2177ebe33453e80ebb241b5f6249341d4430caafa68,426827228,988,a249e1f2ff447541d52c579b9c9ed5ac4d53e6480851da6796da6eb742b49096
bfaffdd5919ece650db6a6f14a8b2ecd276431e45ed10b72386a9aa6b64e1fe0,427718615,990,b28f5ef29c3e6c639939b82664dce191f434bb3eea7584b4868d5bf4ef27743a
bfb45d05fa7cefd7235f8f5ab0c40d3f43d38fb3680fb10b00dd69a3c2c86e7d,427277264,989,8b15b043197ab1f267b32af6034a01e06bb230fc9f7ed028488e4825b21ee54a
bfb543ed1a7d423548748f14ad24cf5114ef5703e0b9b076443172fdb4df4542,425652542,985,f019ca3587d1a18d55907d95080247356c9599bc2453c95603c1e109fb347418
bfb73af2cda387cf4ed41ee60b21d789f68f816c7b87a3cfb449291839f9ff71,424045056,981,e498b97faa5c7bfc1e68f8594cb49b9f71013976e7663103ee46027495d9c87b
bfbcc6a40f76e2af148e132c2ebd260c1b6616cf679daadff6089f783767d630,427590284,989,b88c4b2fac045b7b5670fa16196c1430322d4530d4b3d488f9c365b70b8929de
bfce53325487f8604b8b3b277007b39f617b4d7f84ce9965a10ebea4a812eedc,422783184,978,d30f181e008c494ac28aac1fa996cfb567f2bb6f981362bcd86aa08fa7286816
c004e2aa2ca8db5e9d164825bf3ca6ca5a5a59c9a07391631f0e5917dc57582d,428097830,990,3afcf49b9f04333e86d55eaaf80d6c98aa76d23f19df57534a539a5894b719c1
c00a347422f5666f2105d17adce8c36b53431ef743799a41552a3d97e4fdb09c,420826178,974,7320aeaf99476fce5d6f2ed1256ff7eb3c31e0b2cc2f191d3addf43d802f67e5
c0427a00d2dd9805290d39b06c1150af6125e08b7919e232dd9b8f05fdf07942,424236688,982,29e426c0d288a519520c39ce36223cd8b980518c58ba4d902fac73cee277c8db
c05bb50d960396752ad4ae146228014afcdda1cb5cae1589084a5defdcd15bf9,425298244,984,5f764623ca14deec04aea8934365f3d8e919d4fd7a2d2b4c365ba558c5ee85d5
c05d26d2d9cf56eb98b9f4b02be46dbe76d4158b18f38bb421885a6a8c5951ea,422104276,977,fcddd3bf03f7755eeffd97bcd9fe0d6a8272f6f493a30f2882f7a61f0e802f4c
c0681ce934a80e8a0f17beadaed6254acd96d51de42e3216c761e46434ee4d4c,420929108,974,89a5f315d34c26f2b43fb3a14f3aac212070c47be0b208ed476de4c06fbed945
c077db725604e501065ba1871b0ae25317cc1edc3a04f84fc331d856f704e56b,427834139,990,ca8092f974f35cca43d93e31803db7f195a09e6603b4cb44f1b90e9fa5f6b624
c0804820297c967094a0aaf2a6b370c5aa4fe91e5a49cfcf390120a4f3062de9,425130530,984,a4a968f0bca367d70f8e7c16667e0478070731895017c9b78e0a6af86532c957
c08864c4ef18075dfb97373088b3f74dfcd08fb5008c8f5360c6617d1a9b7d20,423684868,980,c59a469875c2f6dcd3b6c1af31482c4a221bc30c8ad5742fd82148411c9087e0
c08b29cec3284acbae5c6840250182a8c1c1ed7d9d0aa52418da6b762f9c0b19,420932849,974,d842c446c1beed6e44547578c455e3c6ccc72e9f41728f42c80914f678e42c77
c092346daee6eb35888872973c8a0bdf8e353a9f88cb242f71403f653c02a486,422266876,977,2034b544d01aa71d2b8611ce7f0497fe00e361934975deec79a63247e0017a03
c0924f04b323528caa82ba14d038c9a6c4d2100ec8d53204052cf37a85edd20e,425794348,985,aa7e1484b3a702d6900fc782d069a675d902e8aaf383f01044a5516b49639aff
c0984459ec23b423e3342dea71672539ea73d2a0a15dab5e48b61a2816264a1a,426976929,988,5733390dec33a21690e1ae7a8da8516d39f2ed21125016499b1ab5a3c90ce41d
c09b9f3c0483afc95b4d0f86662e08886744ce64adf70f3413e08440aa341a12,424313420,982,e2f879e0e3f8902df10d03ce0ebc1af6f04bb3522a72defc1df73d13507ec9e7
c0aad63630e6996b5436bc5f12ad0ed90cda0f53ae3b2129db92295eedde1c94,426622727,987,8f16f144304ece0973f65008e22430a1bdcf14108b784a3087acffaea2df8d99
c0b5be0ec3077358cacebf735134c93ff8054ce9b41bcdb6d075c8f8199e3817,426535741,987,1d4a1961477086f12322d158d4cb6af303b688dadeeb0d64de77ae452ea88ef5
c0bd279595f262a79269a7963a1b3440b5d3d8c3cfc9edd26bc14ce82ed43191,425719905,985,ca67f709169ed9efb66d4918691f616e8a44099c4c17a6e96f0eb91ce79e1aad
c0bf95d592ca7616983f712b36cfa2ba17070c3af0d5f6bf61c9b70845ac28d9,426852964,988,e0f31ffc5c9d5637857e983f540bdd80e399049f9afd0459f6d170f0ca1a74a1
c0c4f63622f3f52222c9d9ee4a17fce2975ddc32d5feaa4d713d54a6aa2a18f4,422388853,977,a23e06425f6d01f459ddb4f44c439dc6d5b0e2624a79513561b685d45580e7f0
c0e438526922d0e5d62a5fdd74fe1dddc96e0344ab9152d3e071351adb6a9de4,426314508,986,c669e28045b80ccf3f33be2fde00123c6014f8e51ac4506715172a6b5052fd25
c0e4b914b28d1959fdf1f98e963ea125a065a168c007959262e495a50fd9d1c5,427188008,988,cf7a1c3495805ceffa838c678401e678c37fbdd5404f4f780f2d8a5af1feaf03
c0e89847d0d10c63ada15665060697182ed4c09061f4db90a8484c1a4ec1cfdd,423936788,981,cc9bed82dcae292789731179727108690607af42aa84d3a0cf2558d6e2094c65
c0e94f1cfe721eec1ed85746b0e2d0008b6e27c837320ac174ce1b22d0fe054b,426539255,987,bf209d05bdac0bcf6618c17640f1cdbcb3dc3b45f3a10f08102c268e676f601b
c0fc760566482ae0c6af3d2d3fcf4fad6779966cabdbc4fe5eae2157e622df65,427937362,990,4f69554d838c19be52029182fe567c05420894c35941a0c105102f90d12b0a46
c0ffba22020f6dffcb757db22b5dd999579784317079264a30066ad5efcadc4c,426518335,987,7b77bb3f2e9e3c2bdf2a40d15fe0470bf320f6db3ac1783a1445c41e8323b2e6
c1137c51233773a10b1d6655f051d980bf46499d1cd1d567fbdb957653cb66cb,424513642,982,58e5530d3424b7f3958286870abb03b850959bc1968c9095c7a1977e1f8da303
c11503cb9e78bc0ede0f94038542e02e0413d2bdf65b2cc59fa0507f68c2ab90,427897250,990,bed3b8e57fc0b2dc2505e398754b0e0e1fd289500d68cf730ae435c5fb29cfb0
c121a40f71d3511ee7324f17255373c1a8d97e59200aee69d35a714722107cc2,424532120,982,a04c91401bba53fa7f4b4ce3b5d9314b08cd42da5b7e857a666372063775423f
c1294cc7243a67ccdcfe5322bd511a32efb0efe3606bb56e038655286a8448f4,422093538,977,f5155f2cdee4cae8cfdf63d2bee0424828c16d3c996cb4ed4c5f7f72ec031a88
c12cc814ca68189b82673321417b49a2a182ccad2ece77691022ab98201a2480,425678365,985,fd7fed6d26beb25428749585c508b5753a1c4ff20bd9f99e997318542d34bbe4
c134faaf94107b0040ab112452ec048c8d9ce0556e5516a0c27c321efa3c5ee3,425729478,985,7f9572ef0881df5cc354594dcc219723ff7b55866686aaf2d37d77c0b925a6ac
c13d4ed62a8f523e4c7751f0ff813e92a6bbdc1621533cca6712479a1b323af1,424725089,983,9c2031cd31bee6e246f4b0e1a146d02ef554cb7158e352b8444e1f871529def4
c14fe1e3373a65f84412eac6c1cd959ba7cd1f24a4d0289da9f04eb7f701b9d5,426578532,987,bc1537ddaa7a156f0b00c8435363076b4716788533e704a176ee8d1124f992e6
c16167c324b71effcfabc458f6835daf58355c742e7a5140b8732ba9f0df12cc,426053463,986,daeaeee32bc5f5c04a0acfc04889f47377af0cd13c5f42ee03f6cfd14105c73d
c17deb979c4211ad2006ed3d9f2d938ecd829e16b13c3b687e4d2e05e466a746,425728448,985,6d2b5431f05d496803dd02a7fa2e8247d16bb9dcd17bb94b217de697d8ef4861
c1b304a74d886a5089c450eeaa75d2b1349fb73571eb8e7f271455b4b2977bf7,426701085,987,0c8e15b674bdb83044d0354e7ad05afdaa5613c44ee1eefc0e261625ec4862ca
c1ba968e1255b0d7474b4d70981210375768b2b479b52e476ae767aeaf65c980,425583332,985,261671cfc0d1505101dea5fab999cd4e6db6ea59bb186501cbc4d75b2d931dac
c1e48477af2f5e75a963498d8a017229b2272c1597f06a051ea97285e53a98c1,426694695,987,618f32dbb2df0172bdf5a063160253ba5b3fd5d406c443da4360fc4ec1a80fdc
c1e510e904c5835f0981ef8d0c2844c647ebf08579db94eb6d0994f84a734c51,423902144,981,c5c43fbe1ade99f453bd8116cefaa7ed3ad27725a9ef3bf29f9cd369fa14ebf7
c1f04b41588e255981b3f58c57c984a5ffd02c9ca927597cd0d8f1ad61595ced,426073357,986,bca3fe3e3c14d6e4ece1860fccb842b7f947cd0c56eced777a79dff4173f22cf
c2120fd17a6c985f93b138fdf93e032cff3697e8d7c5b17c81dc29a35182b386,427034529,988,e42cdfdead1224cd53efa4e89f3de8a9b477de33690aa9e0c176856680b9457d
c22e41791ce45756c271479b39e62392aa677c392e8c2ff3f48dc048cc87500a,425944248,985,7704c6fbe0a9308b180e1e56f99911f777bc1fc49b93a0c65863b2a2dc97c64a
c2867fc16543a815774fb611fd73a28fa3a2c02449761c9fe176df5e76f176dd,425519329,984,93e667b457f3489e8c378410dcdf172cae12397ee0213f32d6885a6dc00d02ba
c28ed6ba59bf5ccead37244a0bb02b7b9a89854c2ad0d003feab3b7160497e6d,423823436,981,96c9e31ba4a8cd31221a1ab755bcd268df45849194ad3e8fd5c43ab9665f9f46
c28fac3571a3e32b7aef2dd20f53b143da7f771287991203bfde9d1f521c3833,427375876,989,38fc64fa8a17275f0bff96371e8bd7064fcb4e898ee50309fb0f58e912137c9f
c2a9be816ed03fd68b173e0947c5f48385ccd6123673108225670287926a1466,420928401,974,3f5c70748b994d8c295560b910ecb9c8720833acb7f1298502bbaeb85c83d428
c2af3f0666a187db0c508460fe4bf37663af45d6fead481e23560c540ec4243a,428073216,990,ab180f53582404362a668cf33da73bca75d9e6eda09679297e4d372bc053aa4c
c2bcfaeee14780e0919c9c156421c10be9fb3bc3d5493e02754dcd4b3e5a15b4,426832721,988,2a31796dedb2ffe01fd25af748f23b4ae3a38ad675389da9480b9224f768f7b2
c2e47e32c0abd9a738ea06f1cbeda9aba72343d153ec8556eec53ab1a5da16ba,423145809,979,7c1530749ef6c0dc9176928a3c79f47735b3c09a0b6715fb5093be212bba84c8
c31d832ae2882d16dbecfef88c7ed59bb913b8e66241a8b601fb07429f0a9f52,421690476,976,d440f4eeb7bc5058f8cf7960826bac135d64a432952127948c5e204385c74628
c32f53e12cbee9ca8a1e4ec0dd6d58dc2ab86f9f9e6eb52076a483088e22e501,424648795,982,52adc3fb793ff6cdcfe6f05e650fa935eb31b4b3be54ca0c9ad40f2671399728
c33bbfc7bd660764f9872e9222b06c12a8ac0d2986d933b7edca2fb3606a9fc4,420930833,974,5543545f313a07c73840cef690c5f37b4535f2b5b728e80517229d8ef0796fc0
c352207bf9e51439f33fdac676a2b8ad9647806525203e7126196ea93ddbbe02,426213967,986,9b4bfc8a09c63c8049de25068586995f47c28225fcd152a7455dbbe76f38e75c
c353b0580ae3302dc6101f049a6c68d023f0c245b9cb441b620f584733bb8a20,424620107,982,447c6583e19fe8aa295f968216ca94dd85b9378c2aa9b9b09f01ec7d394eed67
c36d04eab3b22810c32e659623d575e1779a3a52dafadc7a8b7224e07c24e646,424068336,981,c69cc45e4beef9407930a6abe54be461771d51809382ddbc9541b4185baedcb2
c3737aa93ff265c772317a9ddbc910f6da330f93c29db11b94a53b4d2169d940,423847904,981,e386661c47ea43b273083f919f78bc4b40cb1515c1f83ce8d46cc52a70e56825
c3761f89d3819840138826c4ccf80ae942d1b4cfdb73aa3620bfb8ca0bd51d91,424753652,983,0a1de47624aeab1991c5e352d9451e1ee8e7d07e5f390dd26614e34594e0a33b
c37b941592a3d140b380e5d011c0f8ce994dabfee7b5bcee4e27f1517efda022,427343820,989,f505a025a135b1bfca9b0b65f2f3ac6408d3b095a6514ff3812648de9ceca12d
c39183ca0b530be227775ee0b0d4f40532cd93528a3b0092c76c699e307c1e4f,424725713,983,2dba01644757c4638d8ddd4590aaac14904ce5dfdbf7b5e919619710c78e7333
c3ab5a14d81da5e75ebb029eefc47bf43c6637b8adbaca1d77b0a13992ce40a8,422093709,977,773e2a6179bbaab7fb3e9ac95ce89b7e8215e7a94344b79545d2657ed3e049bb
c3c42912cdf0e8693ecc4b7e5e9c3100f09450bccb5970df97a2b712059a3117,424756824,983,9a66f7a397a0951d7590c7853d771e8f1039e3c3379cf303603be2b2e8e1f781
c3fd237b938b74519644d0f41afca45be4a3249bd1926724800a5ac52f6c7531,422538004,978,f5b1113e33f71839bd3ab591ad0c5dd9e055dba932978e19d84af71aabb990be
c406ac3284288811f39564bde020aa1bc4a3314aebb71050a9e2ef30e58e66cc,426097426,986,79877250b4d32f8f3201275a6364e38e76592246ee597e9f184ec6ee42f121a6
c41202338323a0e1afd1d7cc146922f37d9eb89973356c3c69cbb65031e8268b,424568024,982,e52e03f9ccdaed6c67a9ea95eeb4be74a5fd079379bd1b3a9617c0f207436593
c4221b961e6280061e765396ed28dd5fa5da2b3036bc233fc1e81867623f8542,427257973,989,04c0db76b43d7881e5e9d2156a037b6a20039d1cb0e24e1a3c4c9460afea6a76
c42bdf95f530452ad9c387ccb0218061c4688f22f7582d2cb663ba344edfb96a,426176982,986,385c955dc6c5d926b14e381a754da69bef78ec5f4f18cf88b36fcbda4d9efbad
c453d3651a36d280439d93bfef795fd59e3ba9b21478463ba2d09fdff03c7baa,426654028,987,6db1157eae39d45579b8b766fa3038ab00987476cbf924349bbf6d291a8bd04c
c46eb33b2de4687a6dfa91ef931e996ba62c30e9713134b1a2c55875a0145ff3,423449496,980,2aef2d8423af961505c83cd53fa9278660e4064d955fbe44774a435b45344564
c48fcfbe2cfc0553a77e50eb75a5e6ad2e36183949141b3039ad1c0f9be06f99,425914724,985,23eda739a5dc94d70f47e45267fdd5dce3180c13c429a20d7e723722a7a24920
c4abaf06aec44625694bb5ee72b1fc7eef9edb4b013dd96bdecdfc6d26e8ed2d,420933359,974,6cfa1b1e42c6cfb24ec5115af330987cd3975d9dd472476484dadd82c47385a0
c4ad3fce59d6064bb327b9ab63a4cb23fd0025990f73361441a6e1eca91875ad,424356278,982,325d059c524496394ff7cce6d63cf50dd9683b0d2d853c4de92c5b7969a77c83
c4c4f2abed1fc21a83526503808cf11aa14c3160d1809533d2edfe42dc5e5f44,422396004,977,f5d343c720e70397c89257ba3b50dcd12d50954b6fc2b11183ef391c9cad62c8
c4cc1f17852219c1dbc7a7bc1aedc6dbe235d654787cb5f42df209d28f41b396,423748916,980,dd830d8dbcf557ff62a010077388ba5ce27295f75109e06842ce0930eef0f844
c50fbaba1b7361213429dd534a17438f155ae531b5a7e402fced4ca19ce7b5aa,420800510,974,330e2202297e80d4b0e8867e87f3087a40e70769ddcb08bd0b9778e8e69391e9
c533e2716a42ea8a1b0b09834dcc4acebea97f6efeb52dc89d06f6afb8bd4dd9,425404177,984,a1557542aa179375ce4573358c05972a4ef1c0de0c9496a6e795d8b58c57c5f5
c540b60c3474301f20859cb92ef63aa765657521fc4a826856a521aa644e6325,423939720,981,5e657ee5f6522df96483da6ca66588cd7879b0761b2039b94568cc89367d7fcd
c542df1b5e964d46981d9509913b3d99c56ef7af26cfb8784408a56f6704fa7b,420931343,974,a677041b13164eba030049dfe4cbf2e013ef952a6b871fe862d5c2ad924e4114
c54ac4c9ec7e812c432524f674337527cafe82096e30f4239a1d4e5eb12d6262,426811006,987,618fe25e9d3cbc5d2d2f666f7a7a5e3121b9923d0b3533e0af0a89b827c97e30
c55105d81e615369569147dd5e153963c83f81362b733525beac1a9bee5b1d5e,424057649,981,c2aabf41ab62b8283f3990a7caa2d49648e01790dc7ae39b1960e87ae2e06cd4
c56b4d036b7c3bfe5405aa4dbe5bc457117a2f4aaecf14eec062ed00fcc752a1,425606583,985,1554560709b186e5efd268e1e20ea59d690cee29914df344dab67c2559247b39
c57e8f28fe29e0fc0f1fe4a24056228f3fd1c38479479018454c88e36cd665ea,425993070,986,7fd6124107fa148cbbe030f0d78ddc14250f10741356842b7a179f5a48eef3d5
c58397b8974862e0a6f701daa94e27d6c2ccb6ac52166af36d2606d1ee1980a2,424765613,983,cc975166feb680e2b6ecf40342496ec97a0e964bf9dba61d5d68ab51cfb63e3f
c5a578216d8ce280026cf2fd3bc499223a745f3303d2fb846b51c09dfd0e626f,426359973,986,fd84afd2d06bf12a92bf5b5d1836f2c77b3f74269fc20460eff63da49039cb3e
c5ad91f035f33c683a70146d27c8dd718ab204c2f6a1651e53495ad419d4fb42,424417140,982,0271e2807cbb69b712790a40c2dd29604a8eae0fd9ca1acc2999b647a58a6b49
c5ae2cffea25e418796f79636d0402b65ee8e6f9e7619d84b95c5093d26b81b4,426584003,987,d9490d25aed3d1123533ab83c562dfc06a497ca0c62113f7b83f7decf1186ca5
c5d7472c9cd06e81624a6f70e39398c43b774393022f4c0ccb8484d54c360e91,424620860,982,250e961504b2efe111babb1b31cc3925570b0a03e59a9ae71ec6cce587f1e7f3
c5d85fb596079662a26ba5fd0f985a107dfaa570a628adff3ce89d30732c8dad,422657309,978,336a02ff1a28f147157bf23dfed717043a76c11bb66c867221b0ed0d2a9127b3
c5e35da1028bac84ecf62c0881c9e3ebfae9d0ece44ac92471dd78ebb0040d8b,427840736,990,9293ecb1a1395267228152e1ad25f5747621a7576b1d95ed3d7c7182b28db8df
c5f04f3a8ab6948ea7e95d82d89a6429798002f067b97200fcf5a40bc480a2c9,425308371,984,c91372cdbee390110869947d2fa0bcac929a6c775e3696d21435ef6750db4213
c66e6381adcacb0a3fcbd3379a019411c3965dc5f51bfdae29b96ff60e97dd20,424218921,981,ecca9ce68410c67ba4524016b568cb78ac5185bda8e2a64be554e5c2896ac4a5
c689d58a0490e533bd73dbbf3f88b25512ec35f65181801d6cb0214a3656225a,425781781,985,78ab785bb3d568064ae6c0ce8e7d1d5ce546f2bc39c34d6813c25fe624d60f28
c68c9b0a030f629e4289fba41e681663adc32b5d9064aba5a9dc6e36aebe2d15,424183339,981,237bcb81e16228fc4e2fd4fd2766f5f6b7c15252c9da5d1c59ad37bb520c3897
c690cf71720da161670fab5959d7452b5b2c03f96e61fbfd2c3aeee4f523c7e8,423892260,981,b7bd7203b6d09e3fa5c9f0175229cf3fec800ac564c55d177774d98aac121cdd
c690d13e92cc6ead0027bdc719f4c819359087649599d783868e9cccf6c3584d,424689995,983,2b25556b5b24719d6da23bb7c91c831dcea40d653753eac6296b1c27680a1009
c6a83f03305caf5a4bec72b70afe4ebb23bb73a6ab393ee335a0e68b3ad8e539,426015054,986,94c1a627f15aa9fc1095f4866aead7ba0d23e4e11aefa16ff494fdd901d1b50f
c6b272d3b03ad0718f95131b0bff81de9f4762ba5ae3061694d00ea4118eeaf3,426550081,987,9050d7d723e654fb5e99e8d91cd6069bfb3a7d62113aec672617c7943a66601a
c6ead6fa945185640f4d50ecb976bba6569859ec360f88c7356a69d8e39b3805,426459475,987,77963c3837a5fdac5d56b5d7171706c49de61dc4962f56f5459e356e794d4285
c6ebb6ebd67e000249822057584bcbab1e11ef2b9eeaf5f70b30caa57a92777a,421620958,975,132ed83a85c0caec90b00cef6557e10dcb21bfa5ac4c656ffdacaf162955e492
c6ee959a86fb6364feb6a3cc65ed9c5fdaa0587b7177ff1a5b2dac0a53e2ac62,423821727,981,9432641543f8325d612896b8bddbe837411028388d6490f2f5790da921c7486b
c6f52ed84bcf073a6ebdfd2f0fd3592a58d295218b2594771f5c3304fd0b44b9,420928715,974,85f9a11ece3b5427ef430226dca741a708985ae627d16f7269bce9e7074a18f3
c6f9e8b9f9ea37e275b36dc8280033056ccd9b781b99139b14543e53db5266ca,423843651,981,57a9543fefe7d552398e2362ebec69ead7a8c4a7b0ba1fa56180ba40b6e63ed1
c70e7751db93c03ebcb3a85563d53e9eb097a1f3b03c1b9d48770a9763da6f8b,423730152,980,d2730930dda3ab623d06410928693356c7b5324c7396a94d14891c3ed5c368b6
c7126a8f41c24b401c44b4a0d4cd2ff872204966ad0783f6fd71744293ff36b0,425276476,984,06ed908da007de6b9262d0da3c9e2e7be89e9ed845f2ac0e09776cb56f32787f
c715b44ecc8dfe8617e4d1f6d44b56118f58f37b870ddc5f7b4656fda42b781b,424457259,982,1b9c9e32d5dc52e20ceff95850a08d1ed7153935992950ede320f7227b3e799b
c73b7a7afc312df11ec5e1b9174eae37d48e231cfb5ab13772e8f4d3b28b6ff5,424777997,983,36e05ed6e7a2d260aee33f3ba509e8ded356c50876fefbae006722383f4bbb6c
c742fcfd3bf629c5724edb1ce6bbfca6158080ebfd9378a6b20326c1964ec095,427607562,989,7712284a4e177e07122d01a06fbe4a43c429bba34640c8bb49d4425494f454bd
c7a916539b991163129af1e0f63beb6e40607974eed2f22ca3ea7fe4a2d5aa32,426630024,987,0615a91021431258706a7959a02b6d26c57c04c958b8d64ab94f81cfa6446f89
c7ce6807939fd6395e293881a482af0c4f63a0ebcd3a63679fd440cf1913e4ab,424403768,982,bbbfe6a5371b9b09259cedcf3a662dda0cd15d92a43607c10c7c918c1a27f34f
c7d7c4b9db27398e461232b56c3bab6b69e335d3d7db841cb6e77be9a39a3243,427238482,988,dab26a0da813230bb7d892bd08e9de956837b0af8bb2dfa6d241af259b5a3eaa
c7dc516b298dbc3561d05923afaa773e89c6c85a88b316e7296bc62a8d40c479,426485774,987,07a04ce877bec450ebcb7bd76dc6afb2d0ab479de1e64ef4c2fedc2e08914069
c7eb70bd5f8eb169df4f5c00e0e1c8c1bcd54727f1109de040b9e259a634b991,426784114,987,b41ec9f5ca65db893d659ddedc5492e17b3ee731d8fef74eea6918d19f0342c7
c7f8e716b279e1371b3cd1a2c36aa3ebb0bab262fea8f18fb71d787fb18a025c,423534056,980,3f58e69af65e0ef56a484c5d16eb718fc896f6f06ade786a18e36c2b8fab2b5f
c7fc20d06989e7c1d96f49baa5e29eb1771507f77dbc82f62e30ed3c8bf1eee9,425480832,984,ecf508fbf989c36aa408a33c894b29d16439a00d75351ed641509918d84524a2
c80a8dfbf1510630b23eca0d2d1488fda87188c33c7f57a906c38fd89e36d4fd,425643871,985,403b805f41792600af0459b13e36e8bb324b3da7305ae5d7e41c5ee8045bec4c
c81777f4c1afa0fbacd13df67972d3b13626537740ae2eda5ea813459cd017fe,424064144,981,276187b95dc76e36978e355bc1c615b9abe35c1840531e35854c476eb27ea8e0
c841f495d6a550aec3a3387e1c327bfc0c948fafba8e89e5a6e99a78480dbd4b,424566803,982,ddaee64a13d4aa456379a72db7d9696312a4c750ffbc25865ac5437422222860
c84934191949d2269cf911f85248aa7a2810a0cff5ed0eb24dd98084a715f606,427617261,989,bfac03aee6f37a225a8b7bc944c04aaa31713bcadc4b2bc281137c07f9407ef2
c85c885e0ee94f0c1c87c9ffcd7c602f01a26ac9c8975a6b9501717a94d59f7d,424791762,983,1099604cf15277b7aa329d9fc24ae814d945a21a929ec61deaba4b472112f62a
c86b529ac2353ea743a19121bfbee67d7858ad4ecd8fa03fd0267d02a3ad1396,426074181,986,f5331a7d082a0b62efa0fa08abad6933b56cf27e03b1354d94b4f3e521dfeb83
c88ad4a9a17c0e3759f6f421f354c28e095efbee141207a3183a65e3b9ba3fd3,427576162,989,0e71dada82886407c285ddd6a9e9e800213626a38a67b8c00bec599abc68ddf1
c88bd8a733d7a692726197e523b191090f31db22713dfe18af4f0cb3c64750da,423240150,979,d8c03f7415c17cc72615f6cf18f9cdb7ec2585f5e73a659247e4e8d7d3791688
c88dcdbd3097a6a1ebf8c5fa9ab8c79a9e6a170a594feca8b3de12556eb875c6,425776877,985,8202de979abfda65e910c3d6995b7c498620261bcde871841910014920420c70
c88f649e9851c02be03be78feaae05fa990d45b80833c63eebcb874c59e646a3,424471586,982,6850de75180fc4c7fa25f0c57ce8ca28f197831a9a9a78e78189afee617e0692
c89659dbc034fd686669c3c84ea517a00782a87c9a5aa1a94adb6d8f3dc44026,423136048,979,8094185c0ff707c32e44a4c59cff88a48208755255a45158663480bf5f813e5a
c8aad7f805f2cfc5ca8041a38bf1ae00f9b1d16fbe569fcc82a88059a19c5f07,423937512,981,0debbf0a08ebe2bad1719af349de60288f333e549dfce25b3839af5e51979a14
c8c352f01f4b2ef88df3fa0331e010e11116177d6810c9775b09a7464270af40,424737696,983,0de37e7f9e09e9386fc9bc04961d64e5ede0d008048f9df37e47198c1212ef24
c8df420991387aae8f648b6a02fa90510ed25062f0eac0e55f3508350e7f6c31,427575556,989,aaf560787bc270c44ba38ccdfee5fbaa441882b16264aa0730f6c43c8a20ab9d
c8e43a717561e37218a726b99f20997f09a5de674353be8e5dd6c46eea6fa26c,427527161,989,6b82697644f80fe85db60baf3e51745d6c8ff71fa7f4d08bb8e7b4ac8d9e49ea
c8f4c80fbd089d80ea107926a12139d036f1410e552e0e9f66449ec13a90db71,423848330,981,e966970e2209edc3b4cc7858ea68b1dd77927b45341f9e80b6392d3dc5fa2090
c928fc193b0465cf658ce011482577353cb9636a723dbdc0e5d75d429d237e20,422549449,978,af4d73f3bf86975da2c6c93df20b164e2f2ccc688912ef6094016e3e1a621fc8
c92ddefc6a3dd72f01b2337cb18f91f9a7cbe2b67b31992d7788e939dd47f535,424203762,981,66394168aa8e6aec05b290bee6171103fde2e0b370df40555f3f37645eafccc5
c930b2825696802dbc0b66a4be952e945a929471512aaa6556ae97cc458393e9,423922397,981,de760cf806c502933fbde949b7043bd5233609854a20cecf86bfcd588494aa4d
c937ec8c2e09d7755fafda2bc729775b381ced0cd037d8c572b45e347c1afa9a,423435440,980,f530e11075677d8b622bae6d9d315a1f7775e5e31b7ca38fea631cd1001c1d35
c952840654471c384069338d49e92293eca33cdfa015e4a2bd09dbde3de18b31,423506043,980,8f827db81809144b79ea0225a9e5f7793792c835d74ca890e0a9620be054c310
c954061141149eac78144c148ead89fcf20631025bb731ed78115b9680b8abbb,426243594,986,484b545aaff049f7902c0c4c6728c8892f95b8cbe026bf188d8056f19fcf3ca8
c95bb1d57e0c9d3d051a1fcccf35fe425e66168cced8d38eac289f5297c65ffa,425810028,985,c240b45c3d5ac7e4fc3d63eee467d34b90d443083051ad7d42729189e908978a
c9a99defcbfd889014584add6400a09c5383f722e202e4afdb5aed8fd3e3a014,425155414,984,b1e6993d19c31fa398d7394438729b3cd06105f43201484bd15ff806396cd1fe
c9adcbe85aea47b98b7369f454f18149fff39ae3c5a1530cfff83bae91f7faaa,427297386,989,6658dffc6f1be912c825682c55386cd2a7c9638a35759dfb905238e2f89c6a12
c9b2cdf4966e51979ef6f3e44b98acc3ada28f991ef232a2741f9a4749c443af,423109950,979,708e221ddd2c9e141e964ea1672efae09b4d00fc3f6af011cffa01442f2fd2c6
c9c881cf3415b948b12ca6b7b8363c84e17a6f9e8f5c17d9f1ab33f8e7bb3ec2,426202226,986,89dca6ea723fdc32fffa84de8752c3e3ead5678958300ddc0afd5c4d2df34dc6
c9dfcc346df2ca00e26d91fe444ac77c862c8f9eb9dec441ae8aa0131fa8da41,424283850,982,9fd48f95cd163c2c378f884c9cf5fe07a71f8fee363a06ec190d055781f1cbb3
ca06c82e49765017c211e7ab5127d68ec5e10109cab986c06e2409a1d7434823,423409813,980,21d0daa037ca98c94211a3411d65ab65ef37583d271a0b97c1d64160817f47e2
ca20d47409bd204c480c941282c303eda4c660e22832b481c2812b24b03d3ca7,421341809,975,ac62db17c172dc3aa626c3fff02957105d4a123ee31196114cecfcd55c4ae9ea
ca3c30bd3cc7cf22fcba0751d50577d51c3789ed503e491ae0d44795755b6b8c,424326933,982,193bda76019296d8935d74e38ce6a58042684d9ca34bff7338c93804d4fa8b33
ca47d43ff4c1fe5a9c805b6d5a701ab7b56aec55de1fda1c235a500a7b29eeef,426526566,987,f92420cf059dbcd42640528e59da1c24e7450e2bc537a7a626abbdc511dab082
ca4872aef16648ff2eb582b619cea1a89a4d8670364f9a68b3efd9344ac31775,426354366,986,2ca947ecf8d59797e6a03d27ea526a4c81e168e49224839aef61709b7b0fa39a
ca6f24bff5243d56c7e12a668251397400f259d1a11e4fb57977aec99e513e1e,423290214,979,ef9475f6713a3968e2fd7bc90ed81a5ef79f4dff0895cf88a6c03557be4afe13
ca74598ea60fbeffe4a175f24ad3fba04c32ab6150717b79a4331de1a3405410,427360838,989,babd325a7fcdf513c16fb80cacc139e8eb0964f5a823dc8642a3ae738d0675fb
ca75ce463ceeeb51f17a6cf829d1b9de0d6ee72946c9abec314f43bce47fa7f5,424012021,981,d646fc196ae2c3aecc240c138dfb0e612246af892260b4063a9a1086af2e4522
ca75f16ac6ff209380b40f549ed6a47c666389fda4c793747e8b43efa6bbdcef,426021615,986,a4c3c79824b2b0f4846192e20a23f1e6cd808d509fb5982d186ea8f19ac52390
ca86aa4f75109882d2180b3123ab5adff78407d4f08017ebb3ecb5245bfd9eeb,425792969,985,18e757df373d64538e3e24e1fabd4f003a7e70f083886ee9795e82bc235c59be
ca897903abc5c7aca47675c89e1a77bd473d3123e68051b7e4a63052ea0ff187,422466162,977,4b09e2467cc185e5f8fa8134a8c27119be93cf5a0469bc2f6199ccb092d29386
cab5252d49101681e9c7fb9f0cb46654f98c22eff27695cadf1e4ccad79c9db4,422797596,978,5aaf39fb0114ba173f035f6f71265736f9cd8e4b5a4edb0edbdc3d38170c0b21
cacf87463a9f8437ebe5888f448dd94a38466e43fd65ed8284357f9d177e74ab,426635529,987,c01a46e05f8aed11fbc940e0b23a6b150c255176f7b5dbe2bdf2714349016f24
cae18036991e70b80709baa968bacfde93a1c853e8cedc215690e525bd39db41,427320860,989,111c7279ee8223cf905f961c7f97a18efad3f5c17e76fc9a6506365962d0c897
caff7eb6bc5ad8be28f64f1afe054a87ad640735624cd96cd5e3945fe016fc4f,423907569,981,e1b0b08c5dd93a26947bf50994168456878a7224fa59e02013967d1e8a8c0ed3
cb235a3f5ee0b83f0e7d213529653d987fdb467eeddaf4b068719e08b430e122,425720663,985,0073925a6e42594a6786c023bd4f6f32cc39879b8fb3a5cd74e73c3ef1eda255
cb27cbea3655c657e71aea40985221af2567392a7711d91d39f48b8f694fc855,427015845,988,6479aeb36bc1489a3af4223483b555ceb4b31cd7fd48750bfddaaa7cb20459af
cb4fdb5db0f9ce5c8dd7dc8f91f6745c462901e37c1cafaf78a7b724987fca9c,426598678,987,ca9e8a1222c843bdc6112d3faf49b99c5f564e1e8d66d19f431198275b849b56
cb6815f7dde12d30cccd7f0c7154da613b2fb0ec9a797948bd5aec17866b865d,420929396,974,05058009687217e4c58572b7baf9d9bb49ba899195b09bd097862362b168da40
cba65ef3cd901450345b38a49e57075a80b666b2fb80cf4380bd70be0b32d478,423476302,980,285b7d4abec9e23893f2f71754bf867c4631cb2f9dd73d202083c29d22d4606a
cbabca4041f75afa0ad9d2aa6f05266a656c360b1542670d6bf5b31fee75284d,426531942,987,19dbbf6a7970ac19d6e2805c8bb7f34512f73a4f681cd7bf23728932564edaaf
cbb1617ac4d119ab4cac97ffb99884fbdbf65f291a1265c1af87e46b40b178d6,425207465,984,d0831182a8d25dc3b6ef26deddadce7eea90872a1c99b85335977e7ae0da7edb
cbb81c16f741b5af51fe0bcee60dfe13a97515e30e179967b735fbfc53d6f3ab,428035511,990,0fe0c2597c9e690f78ec399c72ef88482b3ad462fb6b16589f074f6c1230f92f
cbbe7e066cf08340377554d0abb12bbd88b424e9c1bd3b8e66f891472ee5e49c,427105451,988,0669889081a819f5010d7753cdda7172e368fa540399e93947401ed56b7a1864
cbc1dbd6ccc287415222d9a246d5c8ca46403ade21c4ff7bff3cba65031ddc52,423934573,981,a3a86cb0969e4323f0c96aa40805678e3402a227199b3e5097cf4e090409a043
cbc83d1d8eb7bcbf675d38c24b7ec6835fdf9c9ab1ac01ee3cd620ff95166d53,426173097,986,2d3bea6576a0266580caace8b9e1d96c5e196a6ac2a07b62f7a4a08b3e70c147
cbcafc1373a06844a38488d481146b6f3a45dde0d40fa56728d47ff8f5d1cd34,427177279,988,b341b1e82dd0d6dd55fc2bdc3afbe302201e83da2206129d43332e5e0785d77a
cbd4918db118b6c96e53563663f55096e75f6708afa0e52d453eb4ebb9adcdf9,425446093,984,2c45cba187f5f53bf23daa9204525bac4b8015dfa5fa572a6f3a6551e0dcafc1
cbf71f3c70075113cedbb89a5f60325552ddd06d845c739774ec8b3aa9edf1d4,426980258,988,64eb782286deb2da7533f7df890261b478acc63a0c354325e7aeed81d474142e
cc064d43ce7d53b1225ac743463c1ca359d5f7a649724b6bb7c361582b8285d4,426044685,986,7abe063021ca7dea2ca3f9b373143b128fa1952fe0c4af12a21ed77d972289d5
cc272c136b99263a3a2a163c9363d801c1ac9d896935bcc5ad9a0118f099a8b3,424707408,983,a70b10e28e75d3ec954e42afbceb434ecd510c5682005a0107e9c0c2a0912123
cc37eeb332e8f1ab763c682d651600fb3aa518928f5dd8b2977b73ab147fcfc2,427962372,990,8b33a615e33ffbfef032c869a2fd2744f8e0518310d2f9c7da273b12e1cb399a
cc52033a9a0c259bb6a7cd133323974d311ecfedeb617bdbdf0646394baf7693,426446012,987,6cae9720315d7233744ca1f3dc39644aeb9f4dfb19d2571d83ed655985211679
cc52146e783889b969753289cb783d315008e776f275eefe76f8482ff1b70bf4,427481363,989,69e40b1d860a6d45ec5c5c608fab981375ac637206b9eef2ac82ffea4812bef1
cc5810afee96384a4aef5b15ed5400b678029bb21c7036155ea7f75735f97bd5,423707386,980,2d1cf431cfb5625b26262e0d28b0219e7da83bd1a06a59a90f7bee6c60c368f6
cc5b6ddd63ecd9c8ae782bf6ba62e9c25b24fba8fc44d7836191b71f622aaf83,425927898,985,f16674108be07eca3514b6c234415c5c00a72b042042502c5713332aa0a9e7c8
cc6c60c2677944bdbf0fd452f0d21399aaf7bf77495ecbc3ff9252be959607d8,423893409,981,bb29ff4dcb6277ed55dd41b2aeb22b740ab37687240ab65c6baa9b13ab7169f1
cc83ad932691e72f938c8ac0463e536011e413604ffea5e4e42d85000c608fdb,426440078,987,8ab6e47a31bda3acf6ccbcaf85e2550613ef751c376f2c028d5f25ec020deaa1
cc846c525c8ea898cb9896e1b79b5908ee2048e7bbc05b2f8405f2cd015d2bf1,426000472,986,33f987c47bc2a8f0a2d4a869128f1b7b2944a2a9b6533133e6a669192367d9ac
cc8974800c6960811474b2bd6b903d170d4794997db144f1d33cdd011faa635a,426160828,986,e647baf7235996d0adabf02cad410aef175492f1b4260d8266153aba07839bdb
ccccd0976744c40e2a2f131ec416c348bae4b3d56f6fa31b68e1c0d4896adfbc,420874688,974,a5fd6717fd23a8aa26e26373e41f5527459cfa8a27acb67e662f76808abb4915
ccdae92d1bbe4ba3cb88222fd94ba19cba1cf426fbed474109b2be5475b755fb,424778455,983,bdaabf4d16d04bc09517508548e8787317b8466886d099ca86a7119fff6a321b
cce5517d6b130f9e1d960ddd2699ac525512b86d413b2f33da9d81cd84cd97e3,424315954,982,4d82885308ee5370b007ff18c9093ce9f4c0b0d414b4483491d2205769afbdfb
cd502002e2f93feaebb33098ec6e90a3f285a0f4600f5f54bcffc91e46639c4c,426209286,986,e15fa9b346775cfce7df727dc22d26a668b4f67dbeed54ac4d42bd8898bdbecf
cd59b71e2a1e3d7abf87df91d9b9a86d35923dcbdec2635861c24596289491d0,422087889,977,ef71a8e7bc79dfca8d34545bceca393404b89b6dfc185fb0f7b16d831c38519d
cd6989337cf12c2466d86b6cccb780baed2cb9482eb6c2a48b500bbd220122a6,426368242,986,9880471ed104d6829daad6acad4ea842616566508c62033897def6cc6ca5beea
cd6999630922dee8de375fa2e94adea5b363895971ef9134fd27908509409272,427266625,989,3bed06504a6873983571fdb6b019601edc817e2bf7b0b389143405bd3b9aa39f
cd8149730bd1400d044089b0159353d79c6a0f003548a7e7c8805ec36a4085a4,422540208,978,f09f392166f8e52e55ebcde8d108e754a97b0a59bfe3d854fa9bd155442efde7
cdbeafc14348ed4ffbfb504f0caa880d4412327917174982762c493721c412f0,426337031,986,7a494ed107985c67e61c6e07d3644d0062c848928b734d857f72a2f2b6dd6a42
cdc0c24e249f8c84ae609d7b9a27b467d126c80a5b4893f0221905d36a767b22,426722714,987,11ac21ff0cbe009d3bc22992a8c26ca01ebc92ec4d651c260c312ca0be454b61
cdcef24390f690dec2977dea5d4de8473cd51aaa1565804b1118c67ac37edbfb,426401318,987,b483d7a9e1dd32c023edc103414f7960086d4dc3762ac18ec86a6c33a2cb82a5
cdd5aabeaafdc5af8d2ae3abf9efc51e09182f4fd891acc6dd4429bb90762bc9,426105190,986,185f31bfe5cffe5bc601d709a6df1e2c124b4212c6204e647a65906ef157882b
cdea2b7dadabfe5946218721f5974d5e5de7553e65a1d9f2b65088f8e3029ac7,421205253,975,cbafe633a992cbba22d7242d240583dafacbdd3fbef4715b7cb9a585787193b3
ce0ea40d68d40c379d500e7b43139816e0de99c3883b92f5b2c711f3cc8c3e41,425722061,985,ba9f9c93afb2d8be44a9fc7d0627e3d5235a5434e5130a5fded4a3777c7c2521
ce16d47e1c512e0f0549672561330edb5cd77a630d683af3b643b446b3768b40,427676508,989,c2794227a07673344e14d321f481a4d4449d3f02f9c8d1e17975f259e77217b7
ce2b195d2e268468cdb133a68671f7cc09bb20501178adebb4705f5c54a8b1ac,423821737,981,d1cd711bfe177b9fe6fe8d762901c9f9c8b0f60acf3e17f156936d008fd6e023
ce46ca35c532212506eed4a2a948a53127e87f990b6a1816761888026bfe4515,426713136,987,c5cfadb62d134da0fb376f368d919d0dc0e287aa34d3233d2191a0e2f59efcdf
ce617d64d95dc1d41eb1f7e258d28c236aa3ff61474b446d4cc6bd442d02dca7,426753263,987,45b218c01fb3323d8bd088bf9e7e37572b7bb7209902f59484a7a46b8b67689e
ce74fec32ded50812f7f3146ae91b1d3e29ef6e67e806baa28b055e70ab259ef,424504209,982,f5ef675c82d80dde0dde12a9bc85effbb4f4b2ab961b703ae6d85f4de481acf1
ce792d54eed7f2db6933d75873291a2f40e8dba2f9c34f26177786ec488608c8,423774326,980,8e1a2ab901565e6ba81271bdcd9247991d9891df1414bb56dd0e1bbb946204d2
ce860c345fdcb4aad7e6e229a994bae52f990d2168950ea4803536345e8fa923,425762077,985,9f50a01b4650396f9708683b2eddf01fc4f270b0b13c9210f3b7e29fc1a49f8f
cea1555dbe6a561f258dfffd3784ae746ff266b78f4dcc7155af1c614599fe39,426048488,986,bfb629eaecbba49824b09a0f6fee9909d664de177320f5c8766d17f8f7a8c29f
cea69e87df985aa6c44d684db2a8629caa53af0a9512737f8ee692fd92373f56,421237878,975,ba21739dbe0ee27bd5417ff3c6ad09e6c42b2d28da7fa07a77eb2c94c466e3ad
ceac3ebed82af5d2b736255dd5a76418bd69f67aff2f48757ab27c47e19874ab,427371831,989,f9b4dab26f90b6c99097fdfaf9caf93f70e0a8485b2a7224648fc7027c011226
cf0888bbd4979b23072655af8bcb9c0222a811b8258fc1b5a85861b18ec20f41,420930228,974,36be1dc593404514d6912e766af9519be2875dd67d2a6ac0ffd02a34e189790b
cf165b731b97a4d5d63a69348dc29bc78b14198ef79d16f2f4d4abfb1e1a50aa,425196957,984,d5d80a925f462b0f523e0ba7ef386c64edcddf6367ac16f45d3619ad5b9495c1
cf17b2ceb48f6a5411027590951e21124867eb46adad392b0761f7f41af91ad5,427536637,989,0188ad5ef4db08e58749c176bff4904d6bd2c68dd372b1907552b7507bed0cb8
cf1d1ea4c9a2811a3217db7adf9941c79c1ee3662fd59ff6bf370e6d4502509f,420931461,974,5391169dc24a3639bf241f376703eb6a4e535487163c11277088427a028875ee
cf215728d1290df072c90bcfb1d50190408494dc2cb955a3a814d6148ab395ea,427659843,989,6bd8da59adee9be77b2e224fe9b7d0f989fa2fee88b10b7dc0e1d2719a79a6b8
cf29fddaacc31a4dd0ba592005f722a46df43f21e369959730622b919c96fe89,426444218,987,cf0885d3668090abf8cc0b27939e8c7c307fc56fd71727af7e28d1c01dd4f781
cf2c9dc8092b3c6346cf60a7d67a87888ff528cb72f911c51407cfc128c23169,426527459,987,8b989ef297d1900f692648aa212b20e84225db8bd1fcfcae4ace25ecb5bed30d
cf34a646d7277656405a7628b00b2ffeac533bd7e4ae816be2f540f7724e8bee,426952752,988,6b09727076a397a0eee94bdf8d4193e9329ad5bcc828f70377556f405e56c274
cf48fd1794029beb44b23ecaae33e685a768eda051551b23981c59d9c8009528,427987510,990,2f600f40c672613e3837ea90a99b5c01e8bd1c6eadc324fa7256980dd60fe88b
cf53001afcf683b2240856ef7102e4c288b560832a997ca067534fd6eecb5d5b,426228045,986,9b63720229528dd7030db6b65083f101523978eab9133aa2e2314927f210a5df
cf5f56d84046814c4162abe9919cffef8a581dd7711c4943513242c2daeca533,427201629,988,420badd0f1b8e26b04ec96db46276dcc698ba219d5fa3db1f5adb0c0bceff99f
cf60c597428e10e2c29116c0ec9c97876dbce174c476834e59c70a2a38cc3bb8,421812172,976,d84d17d4022647a4ee64bf24f1d30d7bb579a7aabb7cbd5de79f317b7644fbcc
cf702bb653c4fff8ddd2c2802eda2e0bdb1cf3a66ff412fd665db6eeca85fef5,425775184,985,132d5e9f5b66567650e45aca99e12abf5ee084a0db97c7471a6431974785206d
cf721f86ec2ca3aeb507a79ac5a80301a355f3972a12664b5ea79acc511c7baf,426621449,987,02cc2759f1062b2d8ed5e938c3aa4c4e896dc77e934dbd4b9016dc490cd21f4b
cf767433cac316ad1850d275e165f2913ab4757db3bbf34d041ceb70f8c1d271,424036221,981,9523d690375f3ad28f49d3ba208fe80a3923cf3e0947cbe8b92bd414a1cacece
cf8991922d0d0f45f73de1586592c9d3dc7656314b6cd719829e95f36c3f4f86,420933164,974,2004716b0cd395f2b9268e1fd052ff18571d45637e70dbb8286a4e8de16a8ad7
cf96d63438e17d9b8109b9483124581498d4df9f69836e18fd154982c7879118,425218633,984,90b80a2fd05115cecd240b0a23175670083044cfbd87413c64972011da89b435
cfa4c095a063405101096b631bc31613e7b8b07b512b10efe1b096840f5b1db6,425970994,986,06c1a13167091f1ae5b41be28ee2ead514eac11b6f3f589018aac46ced3f4b53
cfa6656fc09cb6ad2fffa66710f5aff239c301cdc8f70e9670ad38ad2f99886f,421553850,975,ae40001d9e98cda70d79f165e83c0a31394741135958470ac50e25b3bc24ebff
cfb148b5732ff74cf0a3e2d83d48dc87789a4c8a29fc9fda194e4a570ac27c05,428073729,990,61e469002eb742fba921a1048897e9f084073f17a9236bce62b7bdbe01154827
cfb371bda3527824502d12af2c436f92ce6cd4251c99276787e79bfa19311e42,425845396,985,5ee73c0b01b67c810c163b0640d54c6865d260b1682a49ce51ad5f391afe4c85
cfc7adff74b0077b1593abbabf6686c04a9630a1a03cdde18de4040cd71cca14,423817762,981,f40ea14a8c5231500deee2f563f10c970fa738168e77e9487dacd4dc0aafda00
cfe00bc33bc8289e22e8a8081b8c8889079c6b6e9aa4463536bae71be26933ef,423879658,981,24c42cd54f5ce39f4406b0466ea7f6d9873a1a7d19158a3fae8f3306e0a3fb79
cfe83cf7a4637f5c7c617427c1f4565a0dd51c37f82e3c681a9890850258b152,426430596,987,31419728990d995122c9f36b46f8fec72ecac931149962a31187c891b87bdf60
d0036917639ae51bef2e2991faec801541f4a0517cc86f47902644ea98d19646,425002503,983,0d950d7f89cef2675442a02374b4d3c80fc3122cbd28c9506bab2e5380934b8c
d0047759a7e65a3fce7bc58c45a184610dcef5fe87467ca47fc26e9a94b30a10,426584754,987,ba1f98dac95b06f383c96f1f091b34bf1f682600ad4af6f8150b77c48e312548
d01a47b0f0c1e0648b7a833a19c9aa11abafc3e457f549701cd6dff925277931,425233920,984,84586df312ce0e31f2a2bace28db786070ea4abbc6ca4c97581a7c6a9d65c7da
d01ef0eda0ca87d68b59fc6593c0fa4def8f45a128f5f8911893a1837ad027b9,420928323,974,88fed86399c1b77f32cdeda7042e04139ec63c717ae13b19e7f8bfd0250d4e0b
d025a2cdac965488a19d220d8397e057262041c686ff02d9fbeee8c099b49421,422552698,978,ff254814917c4345bf1776bc195e45f51af1aaaded2190e0becba3187e0faa6e
d0269b9ba56280c53dd89c65a090de118603f3ef9aae6422a5143ab05dd1e35f,425725597,985,3c40b58862c6e64c54add6729eb7ccd5075407b983a9cd75e0d151c8255086cb
d04406304ac3394256e0e04616dece9d9bbe62345b0687dad374a7469e6e25a5,423865984,981,346cab81853e1f3df253b35b012b6af6186839a88a14084cfb99409a9731f631
d04521547a47b88c0e0ed952190879c009a670dc06ee038b13a8e0df4c70768a,422412736,977,8b00461ab0b9085f985b336e234d6eee91bdaac54e4ad7ac6b425d0065916d58
d058ef1f9fcd94b73e12cda891b1aa9352ac5ff0dbc3b958b8584e3afdd4bfe6,425996545,986,14d30c4a688315cc3cdeca5eeeafb4979d792ba809dbae9b5e4e0c81ca43b858
d06a9cf7e4bebd70c22e1fc2d6bdb206bc3e83c16b0d342ad2d3a13fdc242023,423995042,981,103b92c6d63004182560ea6cfcef0930da7a3ee47b2a05d837fec858ae12f779
d076d879dd852d92ae5a76606e08d1d6994bc65237be8fe0e5ea01553b546c1a,422499796,978,343478ef4113955e045f67b199cb94ce3cca35ac853380aed57b71d3349abfbf
d087c4e6c338ad96edcebfce100c38028eabcd46e21d00ee479027f63b66d553,425664604,985,a9bda66bc861e8ca6f6b44f9051046f32d211ca4f338a900ea7fa48aec95ba2d
d09dee4704415e2e2da4afeca49910429d87493814ee86a75a1ce0f0f75e38b8,425932804,985,79929990b1697c2df49e4fd9d237a84177e2a5a3b97d5405afd1aae190b774ae
d0a1ac85650ea74cf1f882f5442cd51d023f47f391656e75e01cdc5bdeb7fb21,427664524,989,5e48a823807f436de0edc1b37368607e27f57cd8c5b1e6a20d4a00569781d26c
d0b325001d6a6fa92746b37e039b781701e4db54cd768e66088724fc5dbf1b5a,425253824,984,008fb4561b476fabd47ada3cdd38eb3165a70089faadee19eb4e3db9de3d96ea
d0b87fd851164d5f11889fdaea19a2cb0360fd30d1e56e602640b3261ea720c8,425334839,984,78115b53ed801b65e676e7c225634c84c7f066daca549013a3dfcf53c9241498
d0bc88a8b07e302594ac78bc81e7ce99e7792b80a81ccc8b5ef8732d659e8694,425897909,985,1b01a752671684ade3052672a62629e475cac7781fa96c2579ffa3738935a5c9
d0e1bb13fc77e341c35c11155f52d61fadf27f1b09e6e040aa767f65bd209d2c,426360876,986,2c7064c2de651fcc938049cddf95c35a4375f27a6bbcd0689113aa0be54fd84f
d0e65cfb4e0e29fc416db87ada796ae06b0e6980e9176a0add88ae3a353ab485,426103754,986,3a89f94dede5da11aac3f0c8f42830fe08d6b59e16960fcdbf07e2180615dee2
d1087c13567a31ffb950ce7b49c5b26d94ac2d530af697df98492b7761fbbc95,425233411,984,69d4276840871aeaf788106a9beebbe8e2fa5af35eb101aaa2a6ba44c69a9dc4
d11a6e549a482e0e58cf0d844f65bb7fac92ac8616f1d5c2d2d8641c40c10fe6,422449420,977,0f252a2c9a15c3e615c53036b05baa83c92b67e17376083e0e1513359bf749f4
d1448dce8bcda56e6df77db01b85688f9e9810aa3bce3337a6818a9d3b3287bc,424048200,981,ff31dfc44b18a72f84cde3dddf2811916c07786a2b1b6f5e71a9cbb97f974f2b
d145904edc7bf3272d85d0c1858f30a588598b8b2e13aba70408d825003dad91,423989972,981,587a1cf26a912ef4e161ddb0a3fc3a3991abf8d08143045eff122b8d0cdffe85
d15c9a7a98d5f96d65362dc2002c1083a89b0920164fd565e43abdaebdccda1f,426314801,986,d4d733ce51566c2b20fff446c00f4ac8b14430c3a4e0891873c558a3ba7b4cff
d15fa8df48916562f1558d830cb6f6587c54d695c2e187d09d813a5c06268bd7,423725180,980,30dd79fb21f104c27f8c35f5d8119fbcd108990725b70e458857c278f28c98f3
d1636e6da0c57ceeb0ab8878e406a9e5dd1fc7da750a0aba021a26c8b14b75ac,423853141,981,8e8319f64ab4d685dd3ebfb1e6cdec1f7ed395493524b87c3b1a06d070343fe0
d1681e5a91ba63851d3bbb62188987e1552bb7c75e66aeccaacd60ce2a4e7d11,424966092,983,c0d74403e1b1d4df80ba0efe9e95a6c2b9b456da1e4fd389ba28ea377c0fbdc5
d169886853b2d24d373681434519bfb685a0f0e73838aa34d07bebcd0ffe4ef7,422562033,978,a1649493b0aeae6ef0e6d2c52a842b92db233526f09ea8c0a766754fd2254ada
d17bbdaac8878d65670dc7672e7e79389bb2231cef6a96760a2becdcf2893565,424792721,983,549de62fd21124b5db407c31ff53bc35d0af5eb0a25a7f79e2c83fdc0635ead8
d1a3ac8864973919ba66135b63dc48ed0063d63887a8d2e4a675f3581559f3ec,424547186,982,cb36112c5e033ebecf7102b1e72a86eb3e8bc2280b4334a89ac53ae9eff58d0c
d1b12b68804c7fea8673fb144494b53ab11561525d3e4576643552cf6ffdb47f,426036328,986,74e7535f20229e219d14fe5b3099938dcff41dffd9959c77fffc6cd6a565839c
d1b6ceea9d9ace8560c402c08fc07a3f794cf937d7b26a1f7f430979d909247c,426480437,987,951d59fa5b9579721a83c0bc424f988d0e93f964fc2a649c4f9f22924f82657c
d1ce7f75e791f1f4814dfeaa2944ece67773cb5a183b3dd4dea7caf38f18809d,428049618,990,daf9c9f42842d9c3a86b90eb55b284416f1bb8e670ac73b6e19da1f7d1517bc1
d1f42218b04847cde1a15cd71541db591bee0f30a37dd3499db18ea4898a8095,422568250,978,7264e1a4139dd1c09af35f46c2e21a41d8a49be64aaa157007a5ffa33213c4b9
d1fbe84c53ddad6ed4c95755275970c36eb4a9a5c8562baff45cc976d7f9d3e7,427774610,990,9e0c6eef10f3e64484b35eb9f52743e7febad08e9ab3cfb63153e9bf3f1f8630
d22ca78f185702a18ee15de10d63c724fa78a16be220c363cc43572b97ad1fc2,421869740,976,4d076119b4f183caceb039dd1d93e047e1bad55c690affb371c52b392dd48459
d24072fef625830e5e9759b36ab08f36e5498196f74f7dc001040a8566bd0cfb,422905641,978,db90f7dd9e673ee645bf787bbfeb1512ffd7eaecf8ccacd4c22a83b408553697
d241c1b3d36a4b00b59ef7bfea3038721792882a8a686c74161dbc7f518d6836,425888749,985,117609312bbe45d0e4b1316f6beb132ce09a9a9068efea6d67796f342aba5c19
d25ca8fcec146e5ff8cea2df78d267eb48cdd1e0fcce7368a4a255a6f439fc73,426563803,987,415ae374d8142eabc16c06134735dc04b2d6c7585a5ff74af6262b504293ccc3
d26703bdd16a842a624e7fc246ee8cfc4a54c98d42a3eac1adc955cf70a94e2e,423682256,980,a9511d5be534138763ada212c98d7fd932fa44d941c01887b213e6b85b6295ee
d2725807c382449ef032083474889cc4473fc3a8601bb11f53553e09b522da10,426189400,986,4a16823b62f243883cb06d0e6472420beebb6be0e9e5ca73fadac685c723a168
d273fec5dfb84558430f7161ac6582e7e0b3983c6b8f401074376c6b67b2b2c9,425878429,985,285f40eb23a819ede0bcc89fa0be8684eeb88ed96085d47b24f8c693acf5ae6b
d294d2859d24fa6c267507c4ef8e7f5f2bba40d7325a716c13b78b63fc9c698a,426125238,986,070e738f11b1c039636b7a9bed4a01d9579aaef98b9ca93358c44f99825d3e02
d2c5b9701f4cd8d3b905877c8928097fe2da2749412299389be543b4bb416e96,425980987,986,b7c285719913a60bbcb9249ad43fef785a347c337f89e83496dc0d815e0c7642
d2e1d3cb797041dc253277ca4b55892c7e9e240fc74438958d526f438ce35d17,426259035,986,c3bb26d31992ea08821bb9c3a5b0ca85a4e6ca059e27f2169083a2fdbac790f2
d306a28253bf87bb4520fa4c7856bbc80c8d9d2e8aed2e706a7413f705f5f497,426261841,986,a32e3907662340ab0eb0a6a5034560a5a9235b7d180d7af4cebf0f040234d53a
d3223ed48edbe32159aab2710aea5ebdc249d9c22015609294f50cd8d8a87686,426458752,987,7b888a42922ced29328f5a6a4390b501c2d9521f04817a5060698c3885b408b5
d32b36d784a8936d610a0b44ec957e1bc2d83a27d24c30009a25652bc4bb7937,424005440,981,23f7fe3a7dc97a27ee774abc8cf61cb0f078921b74b7ff5eb3e56fd94bf0f864
d3302f4111f8dd51944685eec136ae224c1aa97aead7e8ebf0fe6b1ff3dcac62,425363876,984,35b7af71be03d8ca0bb03c5b6259fc66741c60e18cb1f30f134a06f8653c06bf
d33bace4a5aa36a80344d88c4b40fd46aa36ef37608227d52de8bfb05e891d40,422792780,978,c54f772a0ac5fced50afec28a49e4ee9240e2ea06384e6772107e37241f7e782
d344184d914628bd0f71e29d969c074a9277758aa689ad9797abb79afac80013,422791205,978,f04af1a215ccac10fb43604d004dc2371f8f7db48281ba509c9a623fc1eac85d
d34bc1b2f685b85265da3844e0a3f50ebc50836cb63e0f9c37dbe974504e8a0e,420825919,974,4a15e2f240cc60382ff99770251d947673fee3fd90d7897dd10298d4dedd46ee
d38c164174aa6837199a9c1b2630bba9043cb662a13b2f6c0de244b324337069,427481533,989,2a1b028862e031ce4ec9f59da9a952715cd4d3770053ffddac54a227e791c4d4
d39bad8e639020badfc180e6e84ab4887615cbeec077456f737b3628cc22ee27,425326244,984,a5606522aafcb0b5e164dbb9af980d774bfcd6d3136067ac2ec932df15ca03c4
d3a27067d30257773139d769ebb71f73a218b874664c1ccfdd280e110b681aa8,426877569,988,54cf1d3d76f76dcf621af8f8d249995363c5d40e8a052aa771fc5f7118c57fed
d3bcd03d72a6000437d66b2454a4cfb061d011b059082c58e2d96bbc5b812e4f,426060871,986,3507bfdd0d56596f56e5b7cf4c9b4f61fabb4f1b52e7651fd8dab700efb9ed38
d3be7e3467490de64f870bf76245c024eeaaa0013acfc1fa1512c4e2cc6be354,427880941,990,6bb07048ab8e53995d4e9ee176a2f957c8ea2c8635dd3d5264ba46e09f8e923c
d3bee2bcaa047d3b5315d4a192ca262219fe685f90879834f0cf2c8f74a9381b,424516782,982,9dea8d93f6aba0b33bb547d1edad47a5ea88c44e1ad4b2a57ac5ba5a3c6d602d
d3d016dbda42cd7f06cbce4c3e9accd94c560c2c6bc3652cd1082a70a32c5edb,426427534,987,4366462f38856c3ea6a1fea201f9ba80c17e999f07e9f32690aaa631d1171e34
d3d86ce2a97976482c0f4bd5e88f038e7c5ee6b34d4ba866384fad7b050e492b,421936984,976,5f027d6495400624fdf66bcac7faf02647a27c629305d698a267a08b0f1aed89
d3ea80164d0e910a1f6e49622d71ef4151e7b528ea0e9c0f9e213edd9930a713,427189404,988,1fd8bc79b31120380c6764f4e2bdc50c857945ac3fa051a8da0a007e60444589
d3eb9be960f2db3ce3c7e1a97a2d56c6485e1b876505d2a7f73679342875dd18,426813683,987,2e504407a4fd6a7b7541c8eedba1f50dbb05ef35b2692843a0ae21b697495149
d3efebaa67c94dbead1da0cf214552d9b5443cf90f4256ad6e6589147a233412,427159286,988,04cde5d47d6fdd5b41a51e2c45873aea8cf4b0e8108e24cb72f6edabc1298714
d42631b40943fa0566a2b7482fed0ee017eb327e7f60916860e759843994e919,427481306,989,42888c808c8cbf67284575fa38d74253d3d33eb4c2c4e574575914b7f612ede4
d432ba07c131ee5dacc6624f622228af14732c4716dbfd833b1ebec9d1cc68bd,426362945,986,8f9d661bdf19da18cb346caeda79d4b2dd1fe44fb7f246fe574e0ed87aae29c6
d4397aff2347c8f2c7b36bdb8e6d1c37a645ed2dda2cc1c66ade3c6dd0e2d5bc,427975639,990,4ee1171e9b435c7c954f932f8c86d6777bbb78aac1c3010586a3c5f2c62fa10a
d43ed7d8e92660170df81483307ee5a4bdb1ec0610d076e39c2eceb85a7c063d,422454120,977,fa8ad8521bfcfe4efcd6689356fbcc74a3fac2f4fc849fe76a0fdc881dca162b
d44480934bf9d6cb5e432f19d2578a67f6abac7d79de69d6e24e3e0cb0c9c385,425176951,984,fbdcd3190474a2ab665f288e6b63a3f9b0c31fe88cb91a69af26ceb1cc30cb10
d44c130ff1d4347ad3dccfdb1e47dbf3af43a4419557141416b0cc8cb25d5ef6,426807412,987,447e369e0b83c9bd7ffaf9926edd24183d550f7bc4dce63b21bc222551ae5ddd
d44e54db0b8d4929f6112d6a5ff3d7e3c5cc62c55ec27a81ea34c1b6bfee0ec5,425890432,985,fe48966982e01be37647cfedff66a2a4ccb834c4cf78aaebf532507883664b90
d4837a846f186b1757241e8a972da2e01435c519cc5af75ab892c4e9e2fe830f,421417081,975,0bcfa9caea14a0970983177dfe1f2fc0ba6f2ee30180318f5cb8e8511c548989
d486375c057c716b21e95fd05a924998fdd38cd63b726c40bd6f1e13a0e1931c,424520096,982,5f8783cd61a1ba95c018b53254a7e48975c4d095da39972b486fed224c8e310a
d49c94719775ccbebe9973b7b5a12d71cda1d12df8e4dc0e6f789ef26084ed4b,425634067,985,7a51afd4a121acb6cd2c775ea2a2ef24ee173e9e466a2cd0f13dfa48eef371d1
d4a02775fdcd8489f50ace8607f2a02ae16b66909f429b35ea6d929f1d25965c,425743632,985,ce1f48562ec3d6ae2d585451a892fcb58a201affadaa1758a7d7a6c52edbddf8
d4ac78c716d25a3fd0c0e846e11f3aeba37c1a904ac6da7e7b0a36958e1dcb7f,422805926,978,466ae82d7e517f55128cc5eb2d2c140b77a20b6d73bb2c0097425571dc1862ac
d4b00ebc87ef4be3de00dac1fc76d74a8acdd6beac345106ccb390374c4ad7b6,420804159,974,14edfb738f68f0602e6a34eac82952070866e8f98224c342469f67685288ef82
d4c180d94de428b39482713ff104c49794963177b0e72a2f099bce2c71d7b247,425844880,985,4466af10b7c2faa6d86eb9bc34445991039c1d5d6c28918326482db544999095
d4f6868ef1b00e5497ed93b143e0f0127f30260c3f00023d36717a64c3d61500,423806757,981,a1128429fbca5c8fc9bc76150c2923a92fb79f2d747bed8adf11ac7c6ceca950
d51160742af8d1555fae2114a97dd39473db42ca04024082e7d5ae707790b153,425303853,984,4cda4762bc046d9caaa087d344e2f7d40ca05f9da9deeb3674a3ee7488965459
d51a2fb07c7b950dc371a10274fac96019d5cf66ad38633e6865613480d9ed47,424388760,982,8acda271fa2b9749c50c755febfc61beab3ed1f7b330ab389f90bb53bb87f40c
d51dc13bb2e06a1f0715e2a2eec01dcab3b86041a399e1cd6fae639a55dc2897,423776612,980,035001d6e08d4c9f3cfcade9649bd629dd01394dce28cea13ae5e3f8b1b5ea23
d53920aa97cbc61d5b726a3ad2b972c5a980cb04963e0bbb7bfb0db9957c59ec,420931864,974,f1ae9891ccbe15d92219b75588100beb29c86b5a56aad30e054f28e5c2a87d8b
d542be3dc343fae409821271b7752c7b6b54c31a593005097a9763930fdc3c7e,423878306,981,bc6392a14894cd543ca946f9bb96561069151f5d01808042eabbb172a26f8619
d55c5174ed739d1e132b2bf7fd830a7341cd650272c692fe950701d572f3b36e,423575741,980,7ba46f563611df4150ab15758c01cae6f15fc6a2903d96134a2eeee5c7a64b11
d55ea4d389c31a0722be91cac7a1909cf6007d5a2ceb6f9dad330c83d3d37506,428086297,990,0b943f4e4ccf7f89863a69d448844f16789e397a825ca1bea8da3329b4cbbada
d56264b2e7fb6590bf837aa53ead26f6d6134f2d6e6e5cfac54a49dfa5322012,422562393,978,9d697849d7ca3887042f7bb5680318e912f58e0b5dd3b1fc4f3ad7cf2c4495bc
d564057897b8ce9a045259f05bd00ed5e8543acd9213c6006ded5d89161c5f2e,424290644,982,af0fbe1ce9b1e2c3dadcabd443081c7487b203f25d2cbb071143af174c6363f8
d56bda15f6120e691a24c0a57145857fa03c6198c578a5d07cec6f6ab615e850,421987131,976,60b4697f9d980a4b81f267264ec04e7c4a4fe591b794e197e204414e3f20bbf7
d5979452a441ea138f77e0e7667e81ce41572cac4e7c28c715ff46cd98a5b58a,425807852,985,c7d5da927b9e73a5bda0fd97c8ce986228184dcd25b91f1b3e5a1eaa5c0e55df
d597f2ebaf044920c43799d898b6738c9eb26d86c6384e582f686203c80726bb,423815427,981,a282b0c6405e73fa295e6082dc726e71bfa82528391548c86f546c4c3e51101e
d59d141495ff8e43f609ca97c93b0cba9f015e472de25ab5d99f8f3351f4f239,426790890,987,f5a34e3f73c4010f03244f605affd118dbdbe153475b3c56c5cad37928d0c348
d5d123c79eb44b53865de6e02f2a50ca95b8d884cc3d858d7aad20126e1ed4dc,424724488,983,6e0445537c4127e401d3990d873b4307c0be08a2990801144c15fe8982051826
d5d2717980a6b4eae6f0ef0c0f704e7c2d57a8f833a900554c2b70237a35a9ac,423768761,980,a94a42ad5b3ee644c0eddde20cb69233edf2ca69f0014a4a2426d6a64b845ac2
d5d9e281df07d09636101107cb06e06198e4c0807358238f5c554978579bdf4e,428051230,990,905bbfe3c84c3cd4af70df8b35a462fb432efe0132e678a51545997ef0ded9f4
d5f218f40451c2326ffc7b7596d2e1c814cde1c283afb19f6bcf59725bb81318,426165812,986,8aa319a17865a215057ca8636aa6ed9d9644508655f7ab0ed37a0d3110b00366
d5fd4960adf630c65c8581c1aa3a47935db373cfa12aa44d2db80ff9bf8e6f28,424339266,982,94e293583abffbd9009e1c906ec39e5cd6b3cee597066e6f41107e6e08859149
d5fd62db053375b9cb0d6db415b9dbe2938ae5199c75b1456fc3d678f1550872,425178487,984,b04198cca61166b538d89b5587a151b139211b2f18572dc2bec387297e60be9e
d6033e61e7ae88358bc40a21eb32b01df21a7e2fefef773e080017361767b684,420901720,974,6defe75bd4fcbbf48fd61fdc91f7daf9d17fec9af5994d19d0c05de1f445109c
d6317858674489a4a82b7117d9e1df6573309ad789f90282a2a45d2314ad24a0,426332774,986,770b6e30379b3e4700ed5a6e9cd824243eb04264def2a43815420072f5f8642a
d638637aa0e73d4054f941e4b2ecd2df0dbae91e2fcc316145a73cc74b465259,424957100,983,e19faac79ed15bca91733294ce9dd79e2f294d3e4d90bba3f38433cd5e07a865
d63cf144ab62dd25db9375c03552dcca63f204c95a8fa5058c2e729303739c6c,423793886,981,a6035e9bbce2730cf84567cfe420427d5f894bc6b442cdd2b4f092ba0b8de136
d6470e4515736d7fd6a603dc3c94b41b833f86514f93e35353dc2e664b06233a,424048262,981,bf843d10e562dc1e2972855338254bdcf85d040c62072d7d6ff989dd775b50fa
d64cc9124a0dba4dea8bb681d37bd997ab254d7e8372bf7c6c9b4fc74728d25e,420933482,974,ae79e9928ffee12ec7a31b2be38de71759ba34340963dfc8949799352079462a
d670985c1414e28ed399889dfb7542ee180b803ce502f350a995a8e6f8e854bc,421680409,976,84c91e69cb065a6c547a401023a73b01441d47073525f12d61fe46372d792f16
d6a993c70861f5447f891fbd400d913a69dc7cf73d37def7064888f5e0c59631,423173387,979,f552b3c65cee840ac1e8335d12608df7b2385cffa472c381f2cb34ff3d337d5d
d6bba5a3f91e3ec19d33ee150a31434b285980e17e77686cbd7cd5df9c4df860,421808659,976,e3ada526a889b94261b24b3589674f9c4916d9970b6798931087dff4ac37cea8
d6d0dadbcfca8ee701e9f865e5c7fe2e965fa55b4be899bff61bd9160a580a3d,426440937,987,13f1d3c202ad7a134415f09507f968de0816db85dcfe7b67893d8dcee33379e6
d71de2f9f150e937565c2eeb6b6c00779f811d7477736215caf18fffd86524a4,426531539,987,ecb3955a572f16bf05bb78f392f4ceaffac87de41c62ad55a0d9628a23423c4d
d72bcd802dc5d7cb382b646c5f9389346f31051ae9483e909192b8abff3a1d1b,423660344,980,4d1184ab68289399ad5b42df2ef8c06f9e43617f5acf297b351b4a0af2f56a78
d72e140932360651420ceeb83f013b35f2a5a56d0e1ba7c14bdd625955d86fa7,425785603,985,53675089d0413ea272cdc71c28ed7baa06fd438041d01525e95bbedb6ed9ef03
d732b0bbc77f27a406fe43d1d99dfb6a5f11aa813f106ef93019895318b96063,423986102,981,8ab6e2da944e102b936d2833001681e3937fe44dc639d72084b65acc430b2b70
d742cf24de4db97a5512d249bc25b0fc9ce07cb6b4d50358ff22356905c99495,426599093,987,10c493551a7529e991be4bc59d51bc23f5b8d635f1774fc19935260af7c2048e
d74d49c997ce40d54426574a91828478cb83cfeaca62821deab43e04ffac4c3b,422613331,978,60f9b452c31c49562647f50b751751cf25295fbb2dd3276c6e4fe1bbadce2413
d7538dc54cbcd6c386853d278730dd3e86cc16d9cb1c66e1b7d0d1579cfd3cc3,424287567,982,4e396cd8a6cc3e9ef52cdd109d68cadd99c2abf71d88aaf26848f05dff36a95e
d76879fc980a37c6409549dacf7b76db84c40b9723a26765c1c0bf07fd071c4b,427836289,990,a3fb5274e3a07039e338713afe4f2a470259cb8164c0cd6379a318858a15b73f
d7aaa9e36b7cf814bc812fd4226f72f53998a9344521d188a9c490cdb3241600,424008126,981,f86e7ac0ce351454421ba1bc47a9bdb41443627833bd51577ba0dd0d354b1dd0
d7ad621caf4eec4042bf4371f963222dbc159bd119e9b19b5c936db0b3542ac2,426571888,987,3539014785e893757dcf03aa3dbc0d7d91bfeb6a5c20b45f5e5f17c5ef6fceb2
d7aff0c1ab7d2f8cf069402cb87a2c939a2f8d2f0fbd6361e85d9e8144f89c05,428012064,990,9b58ea233988dbf780a474d10241395c0f741d587620ace86a9bb65a47eacc6a
d7b38e15b5a784785bb8eeea4d0601d6e4b049c9fd7b829314e19d35538750d1,426155010,986,aea6350d4e870518e8b5ad6db8434f5d966093d3f6ad6a8c1ab986a760753212
d7ca57022d75a09b1073eb27bcda7a336f05270e41733dfceeba0a4e7923a5ad,423222847,979,f01ede337259e7f542190d5f4c1b1bccf79081f89cadf1d2b1a4c99d7109176e
d7cd866369f02efa88867470f219b48d342a64a28440316848978db03af99b7a,424178305,981,1c53ba1b38b6193e1562783107946d9c42b2242cdf9dcfdd4e8eb366d6c88309
d7d98704080c74f879674232d390f3980f3b33a89afc78309dbb955859150490,421793716,976,cfc67d93e9fe78fbe51541e73e5765f728a65475845f43ef43e7ced109eb1020
d817b93e9c92be10b50fefd3e5001af5d04f3590b494dfd1be0f5c3f00b6ee15,427180893,988,2b6e9adeaf9300011a2d910b2132e1d723835663ae1c5f54ad6778819b492e21
d8264f033718fee93f3e3c37fc11207564223826a65001119665f69f0028f15b,422814441,978,ed0ef84b9a1b8776c940fbbfea390e4ec256ae72cae6c57eef5f7a3378e05662
d8301c01d3ff8281a1441e85166f82981673d6f7d64cd83372b7ed0e0b11c8bb,424384677,982,bcd8e7407d666e4fb6fa4b49d3d8030f520278bca5dc3ad8bef834fded9a35b1
d83d6b166f3ebea6059fa9491df6e9737fa625595daadda5994b1e4ee275e751,423646296,980,ba4d7110fa0b1279864f0416ca6ca364821bead9168e3705edd18bf7ef061f3e
d83fcac9ab363d1d6df0fbafbe243df38fe57d40e1c0e23378360ee783191cf9,426108990,986,2b5c171c789379c63bd12c8eebb48658e12d3bd878fc0d47e39ec3da33010f95
d841fb069cd3639dbbb56f0fb6570b7b07418c73ab3215af135fb0b47ec08af2,422812565,978,2735208188e2b959485ee65acebc92d70ec9464eaa97a7ce1c20763f2c54c2e5
d86ecf3ca5bf6170c4e66c4e0e69c1e51a5d52b06b5c932d7b3f2bb47bac7a54,424036518,981,19d199e56310f7d375fbd9d75e5c4acb1b4587f25924cb21053ccf916a4ac5f5
d86ff69587c90107e1c16096cc5324cb9b1f25a6658f23891591f49525355cee,426346841,986,11423419ebbff28591e35e096084c8a04324c8daa4973abd04dc97dc53148ae1
d872972bba2cbf2577bced963285c6769e1722117ff7cdfeded1043b43ba6957,425048384,983,f824deb9b6136cdab2efb8a72803117289dd242ea39bf6d1d1bffccac143c5d6
d8763d6f70a9ded604be330f88f3718fe23bcc853fd25d50a4d23277eb96c0af,423869340,981,8b783db40dca31ad889974681be8b34f10bbf51040acdccbfc9d2de64e0e1ee2
d87af7ad6c6f373f8d36ccd5a4ed65ccd7720e7ac81060760b41ef20c8a7b5f4,421177644,974,9135416d8b78a7078114639c1da3ec2e989740c3e35c0974eea32ada54e69d87
d881e4c348375b8e46f504a4141e36ebcae31958574e0e0180c089964d2957e9,426157375,986,a7de69cd02f3ee02bfb7ce533941bba70d84256b5d52803e8d2fe684f9961f74
d88952615e6aa3a205736027517e9f62917ed4ddde810df8a0f48edfb9c5478a,424300481,982,a724a1b4d3db8c1ff9b4ee2b6850e5205d7b425bf5eb9fec52ca11b13a04e273
d8928ca66f1bac7ae99cf57169d331107b20b4a4422d80e71bb2ec4da00299f5,426166464,986,cb816d4f3f839c322934a4c140fe959512e4ea70e6845a524403b8b4675a8b9e
d8b8a68ef54dbc80f56757f40d163094bd380196b4484fe321e487f7d3cbfbfc,425733993,985,1a8eae35869fcefa7cd9e8ef0e2ec94f8c399a57e24ae1074e91a358182cc26e
d8c8e99b83c83291e3a4e24dd920a56034ed899b48b2a70986d1c345d8fe3ad4,423161970,979,f70c65da0a7f198522977d927c653e696e374127231d3537cfe3f68901045959
d8d00073e793145fc8d6a74f6a21af35782cc1988c6dd1ef5331adcc95ab2672,425996570,986,f8afc3ce105a3e7951e02ecc7a6ee3ecce3d7c17770160455bb60260982c8fb6
d8d04c5bba9ad3ca33e432018ce3978069b2e18a5acda2758e89d6f5ac53e84e,424115286,981,4a98ddec2c7c676a1f4e641f4d182508e05aafee241590d4076507694b2c843d
d8e4a912a1a229dd6c4b567b7b94f73e1795c4122c5fedff6e5ea01fbab6aa5f,420931792,974,a9f4787541fa3c30b02f60c519b59dc209d08fd768cbfba8ecdb7f88c91c04d5
d8e63d6072553ca3f81a3d86da953670f03346ad43eb13282674afedb66ae86d,427047877,988,5438d4698799e8dcc9f7d31777f42c8f1d44d2aa387c05dba493fb23adb413b9
d8ea8c1e047a7f18728909b2623908a10557ace09116d7832e1bde840197b15f,421887183,976,226128392763ef8fac0efef2c5216cbf5017319b6c24dba1d54fc001aebf242c
d90e1f139aaa35d3fc4050df09a90fa2f558d5f711ab3dc1c1dcbdc77f235f3a,421777915,976,9eeef76d00ea1bbb4b1e59f690887603ba84724f34d5351b43c50a2c56b78d99
d941ce7c4828b572a85f41da4e61967e487a1447218b702379ab8be11c373adf,422794781,978,525cc98e7028d3e6d3b8de8b014f70478e0395d8dd83da9fbfe009b8a6e52e43
d94cd292bdc8a7de862e54dba8caa959974269a1d7b78c8b94b9f400fa81d9d7,423895175,981,eab31a7a83a627867e52e44a70529d44936683bfa14497ae641883efe1dd9965
d94e416467e057d4ecd55530de3cd37534e731cb00486c6b4f623d21d56b6dd6,423991276,981,d9ec2865f6c5e73644a0afc4078e959a596d2a2fd501e5e81b5496f8743665b2
d977ea43fe271db3b224776f1d1856853c7b825946b9b1434861f28ac91f9d16,424463751,982,28516fcb714f584c8d14a6b763cdbfa95af0e0b388af4a9b81a66fd5c4ac6e7d
d987594858c6f99835748e10fdb79aedfd1656b2861a5c8e5de665de246b1f80,424224381,982,1fb6c9da3ca04ef3620f5b87210ee2d7d0d79d83678bb42161a026ddb361bf43
d991da6db54fa911d231b9da779e1bc5bbc892b50990e77fb07211890c1816f8,424317737,982,91c8c852cc057a74002fa4ad970cdcc5f88afa007873e3b409d98d3d6bf8b595
d99784cb86a74f0b456f922648065ac01079fa25551b925393c4bc5fbfcf0fc3,424254294,982,f0db5128c37f61ff06a75ec4cfcf15e879c5697e14ac4159755773f58b419d53
d99a7c7eea1f1555eeb97ff7aaae32df8ead413a34b23be01fc4e428117db399,424582096,982,ba8380f3e53a4e66ec6613bfd399f276e357f256d6849edb4f3ff70f42260703
d9b80034e9bfa48e0f8f89e82c2ff3e7b1df0ecc515f7f5e0123f4049edf7d30,423948138,981,cef6137f30136af70355d74cf019d6cdba35336b1f76d2e57382b6c3dcb7e6b4
d9bc83a19b42ad6501d5bbf2fcd512ea77c6157751ac0987afd0f410712745bf,424154750,981,44d384c46d52be86156625c9df561735270fd7d4c570f5da68382aa7ae9a10bc
d9c32bbf051e9bb2a756c3a355dca039c884227314c46c9036303e023ffc64ca,426606948,987,db9dca8fd9a24ee076e3bbe97aedb5a99ac1fbbdc1e1befb17ec19337378ec69
d9c8a15cf756cd983cd498d89bace17ce76654a30789ddd2ebc6b3e8cea71dcc,423787605,980,86ba23f057b2ad3a82888d3ba1739798a2b4eef29035cf764cbff1d6df79fa28
d9cfd0e5a802da8bf31bdc0a255ff5c273549892db10a7a557386c0c66d122e4,424071188,981,0d18c4d05d98021a2cd4015264878ed02edbc0e133fa996ddf26b115c6e962f4
d9d3a3e4a8b902ef81b768ee32abb475e054b403296a266874a0843cbbc3203f,425037719,983,c391237ab34edab565f54d32f444e184ce29273cfb754e048840f7edd1eae4a9
d9dd285b95dd45a8e9b030d1a49de7a6b8b4098cb877436bb6726005deaab570,420884445,974,22d52af3efcce53d4b99f048df741e74a6e9bbc76b2b1af93e8d21a0762afb56
d9e430390516f65288bd6fe43bff8b93bc882eb005dff27e3274ecb45ffc009d,427252005,989,b65a7e6d76514d05f95d30593db6814a4faac3ab3d76be3699899c77452a0616
d9ee431fbe15204ed2d077a8813e8e0832118ed413376d0e072b20a8b241576e,424704493,983,023ac7c87273076e12c64215e9fc77e099047d5208b887d3447af58e179be8fa
d9f39fa4fc7ab454cb85e162dcb9e3398cdaf89fef575ab03cd2f5e92027276c,426251732,986,e235c183f8a1cf88e684a4487e11b1a551b528d6e4dc6b24a0444dce5836b1b6
d9f59eb700d776287d6aa7749ce8095d1d59a6d5697b8c75b895864d0b94b288,420930296,974,ae234faf2b0cfa4d68b7a3688e16d01c5a265e8cef3d5a282c05c8bfcbfb5657
d9ffba31e10a164f767be2ea623df933c405ee325a61be0d01b5ce529d75bf75,422801567,978,c9d803ad58a149bc018b86d003a76009e9881bc9ec548320e1f0477b568748b3
d9ffbe10137e7f6dac134a0b9b72dec978bc2cc852cb2154f096b5a5b3ada1fd,421847124,976,1dfa9f1ba054efad61d96984589e031a9ccb268c1cd9b4b31dea2895fffb94a9
da1781458756f7c972ff34f96bc94c3a000f81242cbd48ca4958c8555c794735,426973168,988,8ad64015f3ef1ce8d795f375ba8c38ca67d859a74dd37fceb4f053f2103df59d
da215e001d0abb487dda01c1960f4f9ee86f0e3607e5fcaf0a18d554a7fea756,422009810,976,929552cbbf324ce16f3a749ad934f8aab7cbdc668185ce7090a1290fc5f24904
da2573b4e3a9c6e3f86ef77f0493c6e590cb1320881f31a36870699a941ffd6d,425752348,985,d4a754e47405864bb478ad11b577a68ed5ac4e1e5f9fcdfac492ea6bb10f42ec
da50deaaa574b1ac6b50099b15f7fea7ba097b762293416aeec56cf852fb2831,426281496,986,885bdff4a18badcce0305b3e78845dad97051641f409861bc647f26d638a9ba3
da5e9109157ad9d1dff39de4d3e44a4da69bc75e103eb6638881d25f5f64db18,428016964,990,23a3cc730cc8d66536b3a224bea6dbdccb6de4118851114c398a9b79c5cb6a07
da62b3880bd764a4302f2238a0ed27cacea5975d43cb414ea8121dc0e521d1b6,427506052,989,ba4614ee6e7baa638e4b39bcfee54474828e71a7b718a5120383c35c01334189
da6b1769e701afb0407b01d7aa29a67f9eba559c45054df38898f00477d4ebdb,423979376,981,c5744878171e71207a4598d72e4d92526ebfb59a13a85e3383e8734934c5e4b7
da719a885a2d2f90577ae2b6f5cc7911483a5427cac81d9aa2b4bbfbcac7d828,424198366,981,3e35eb3576d8e14b36e0c5103a93c30959d5d302506e4853c08eb1dca8349d53
da98be5f14623e6db6450c39c62f99f2b10ebf9a73d04bd680e2b50d187681bb,427975982,990,a6b068abdda70b5e18199da97f4ce10e2a02e5c9544f3a552053bffc3e5d984f
daabd53adbfe6629a5be6418fdb30c30bead29f6d199afea83d372ec67634783,426769280,987,4402760b21ec65dd1c40eb3d3789d005088554eae2289476ad539b88e2cdf0d6
dab663fc047e1cc8339f710bccc92fb72d260f4acb0421f6e8e965cc0a06f67e,424282105,982,ff5de6282d1b08a09c6be937d1fbd7a969451d1067a72253ebb28e43833c3a48
dab9be4fce6323241f46600df8ade1f1f287aa016d868f458360ede486388f3b,426225087,986,dfd64e9517c71ec2ea9f89dd871697ad1134c69cf83a2bd201b821dc74662f0f
dac38622d961cefde41d05b90f66c5e34c6a81950afc6a2643ddecd5611cc9d2,423244993,979,6331e873df7a7e2b6119761f8d6e576b94572b3c6ad0ac455311dd84c6def2b0
daff1cbc4ebde44b6d04cdf2a26938a7c330a3c229d2d0ea9de317b700b2f4c8,426887421,988,7646af38cd87c868e3c730baf216f73f4cdb10797df85e944482d67e2e6a4c60
db0edb352cec05f040f983b6b14e8f05b34a8ce4b16cf534c0316c456cd599c0,425541098,985,6e76750e04fd8cea1ee7a7e3c76cda75a64df38d699299c5974a1582c3df52b9
db1df3b0d195965e776c1a1686831b8c69db9db81a6d82a6ff50f991ce6246f2,422255075,977,dbb211e9a11a7c65f4bc92718e1498eee565a2ac5a49a7d8d2ce1ca561b84615
db25943c98cbc88044e1ed5d679d27fdee5e7f90bbfd0ced5136594cba86f422,422023897,976,354badaf423ef395aafa576bf38b5ee717cf3cd8c1fe2dc1fa324654fc416ad6
db2f5d99b8e003cd231179ff49b8ec723163d29fdecf5af4b989be2414596d45,426557405,987,391668c52ecc209b33a803e6dd6c8adc202071d1e4210996b056e45cde4f8aa3
db3071116a6af47e7a002ccdd30187fc235974df9822afaff3c74bc531e34801,424428672,982,c4b60cd872fc06942bcd58aea45f29cefb1d3ecd6535cc163fda7d89d43eab1c
db37905e0f57d50ae1328472396acd2f27558c448f5af409c1678a6dbd26f5f1,422781903,978,a63e13a71af376ce4bbdb5bcdfb6cfaced69060b91138294d08ae1041d364425
db5c5e7e37050466447c78cc7328a5c893c3d97f9e6b01492cb9619366376f5a,423960226,981,37f9068bfcd30be4d029e3fddea805e25edaa93f0783def3219815ac20357964
db74ff00050517edd61301a54c1fda22be070f26612f19ce9908ce24ad52d390,425756438,985,2bbdec812ae1ca7551da423b456d6a6bafef54a231c1dd4238e1b5cda2f68d9f
db77a83f186be69b6698ad559ff7b3324406cbf39af3f7574cda1f3cd22bb5a7,425498994,984,17baf2253c18f090dbc133b1bd919b54a21c60dd7e8665ca934a33a2d5e53762
db7b23726852d01c6c3107fd9ae4a32b425910cd1ddc24777ba8fa9f0e13abc1,424921952,983,bf708123f19bf82a74768bebbe22fb016a7c56f44405c73ba57b7fc7e52751e5
db9aa0cce4ad29a453a528e779b686f07e3bc3c1c9cdb8f7fb415b4c9a046b95,423882190,981,fc0812afd20870252482bd37954a620b2000be5836461b69d7bf4757c8caebdc
dbabdd126556c0c21c99c01831eac63333b8d31be123aa6756d351d8196993f7,422799705,978,4d1bdfe4495734d42a788fda1c1bdf6ca68708bce0c7784881fd9b9522415fa1
dbb99330d8fc9be2783210c2904bbb98dba059554f48f555f7c8486fb0d7661c,424431577,982,9ec4b2a2481ee1aeab1e6965759a8aa4887297b0e6a920bf8546a78eac3e3ceb
dbbafab40fb791944a83decb248916374e569a72a91b1f4acf328aaa4d9ca7e7,424082037,981,f567ad9cbe4a8a8cfbad0eac9f07a8ac9e181283d3b2c71b5704f62aaa356bc8
dbf6ebceb3ef58bdb659dde5221e17f822be41adc09261c581775778fb5a3328,420932453,974,a5d410be469cb30e23be8a62e4dec1147628f54da394f83c121974e560de3aca
dc1c27cda34d29f4580498ccb6eb3f9272d56f2b2c307eb3b18b2b6334365203,425776758,985,f95627803a58659c97a35cf49d2275d67e64c054afebb2899410060eee9ae556
dc2413185f88fed64c13a455c8133b9648ed823a9f35d7c7d691a57c76eefc55,426581886,987,5dcdbb46a0e9fcf69bddb5717f7e6aac707f7596028184f58149c77c987b2aa2
dc3afdfd0675d16239bca6fb2efc0d7c9dd0e019a6f4725e307fed3794ccd1cd,426852912,988,da00e96666b7f0de647718fbce2d2546c4d071c678b9ba49a7f28cc86dd859d0
dc4097693db2010bc2183d902e4d599983645f66b0e0d0b2e65eb16faf1411de,423788699,980,022c18fe8daf543f2e4a6177783ac65c482a59e1e3be06c9444c585b09a81aca
dc6b9ab0137ac2c10a8422ce0c5f4346bfd455fd98ed42ccb67454f175326dea,421201652,975,d11e471723acb775eb6b2856dfae9eab3a6fab1b6ba8aa27a6096a7a7b6f238a
dc76b59f805fb3ca0caac91f203a717c300d37efb7655b72b0431a16168a166d,424094120,981,9338dd13487c74749926595ec708b3e4e195a06016afe02f05193748d1bf3a5b
dc7c300eac1e50748e8b5234c372082bdf9331fec673ddc8ffc3a3231a5326d8,426489705,987,be73535761f3cb0d6133449a5a890df50ca6d0f69c3ddc72b94941dcac54101b
dc7c92ebe677e1968711d459dc2c08dd6d6f8c3b2004e85e8dec4f1bf4412d85,425225383,984,1bc56e8758ac1941e7ddcac87b4428ac4f757a0131b07b24c5c591531adf3262
dc84b1fb3388211e16ea02f99dc455477e84f43fe5f5facf20a405ad9ab0c4cc,422801225,978,8cf588cd05d8e6c5ff2503731949b07ae6e758bfd06f970e949712831edd7926
dc84b94d22a3f1de3836b96ec8eb338d5f9759c85f6074360c51b22679cf24f3,425161785,984,06cc19b13114e4bceac3efaaa4683b35a1ed5fc3b2e6376887a4cc5634899741
dc9019e386d6ec71bafbbad3ffc8852ed481c54da3877f8e8716c6f4c0b11bba,426431052,987,1298e2c79aa33d20776a9e404464ee1a49141b99806faf6b65531f48df1a8630
dc930ef38a4b806fcbc30f3d0a17d2f5e25f18862780f4cf043c6956ada2f767,424086038,981,368f946354e26f77216d39b9abc37dcc4993570c7b49d12bea1132ee5093b657
dca230af14fd5f01929be2656b9bfe36cd78b8f743481e572633826b106bd638,423735343,980,773f26df757ffe81cd5e01f687f56f571c547868127d8a52288669c3823b35c7
dcaf35e619f9512f2e9dab2ffe2ba286cefc4160042adadc1f5c18d9b1090bd6,426686076,987,ae426b63f626ff95306abf98d0c768849963ae1fe7f31024212ab244c971aeee
dccefb044ecedab44a9a66c9753a6f6ec37e0e19c6e46c17c4b2636803a4c9ed,424158369,981,707c042f7916805a9a839d3c780a3e9cbc39f44192e75cb8bc865fa9c6aafcb3
dcea1c244c63256135be86f5dea522a1784afdc5558760513ff4856bd2ff5453,422398447,977,3559f8a1e9deeca48deebff12bfe1fe9bb9035812a040378a4ef879f8ea36d62
dcf17d4b04ae4dba470b2db1d4165c06a31c0bc916101318d4a6c327445b0f18,421150147,974,c18a38505b298cd8238421065c5f18de4cc1f56426ccb48e8e387644c1472fc5
dcf44efae2b4424bb72455d905760c90a5216bd10aefa5d7feed94539166f4ea,424001756,981,db93f3032001105c0d65a558b88b8959047dacf6afb08e30742f2f18dd88e90c
dcf925188af24c239231cd5d953e06bc2d11bbdb403afe0987713bc2edc85363,426972525,988,7b038653faf6bc62034dfbcae03d971d86d603706013be64db4837f915ae1e53
dcf9b2db45a23dbed1a3cef5e7147e55b15ad22ff81813888df92de891f8c515,425543691,985,4dcb74f821595b328144d8a55af2845cc608804786488bc0937a81b385efdd39
dd086a71eef3f4e235fd1ab5b9009ebc374b6920b5e1ee7929a1c95e892024a1,426442506,987,5a18e4206b22d22080fe1575a0a60f54fd978b126785cba4d8441a53cbdb72fb
dd0b3ecfc663215161611eb825362c3db361ea1e1827a6581651396451356f03,424046213,981,6b12e446dfa1f2a6933921e584e7726115f2059388917e0c884bc2c36e2bc7c9
dd42761951e271316db4d5e374d082b110b011d42847d51424b64bc93be01b78,423951444,981,a0e3dcbad93432afceef87094773caa9dbbb868956a85c737dd6510600d216fc
dd4eb2574d4ef9b1b840d4f7c48363b4f2babaac35673676cbb9cf5438bb4159,425096039,984,f8f2b9dd738887dca5e5269de60116ae85507793f62938af3077615c74289f8a
dd5bbe4672c94bd161e9b126e4dad6897dd362e4c76256aac07b89292528cc45,422277997,977,3108563d3f5fe2fae8fedec2641544f2e66d2df2a24f70e83be5566ad51ef8f1
dd7fd88d67d5fe100ee6b82a4c20ef86e69d1172be757bc441404f25d6a492fd,420932217,974,0d1eef955bca5110f2d477abb99844f035f7924f5df4b02e252296285242c212
dd82b19cc812500c3998ca946509ca8a2b1df532501eb254a605fd072e79a526,423697136,980,4e07858cf178c0d69e523abb2afc5833b76c7e5a9f3e775f11390b5c57135161
dd8d3fcd962a225441d04ee6b7856fe0c25b45fbb7cc322f3bdf20c096438f2a,422802404,978,f6c9f59bc4a6b13f6d1834cf7dfaed067dcfef6f4d931d8ea3f514db402783de
dd93bf2f42576f6984b9eac1781c07b767f7eb460cf1eace6e8d59bfc5f3c96b,420928638,974,54f4a2db46447c257015060232a0904121905401b924db79f40b2c0af03fc95d
dda9eb59426d77214eafa85ff979163d5357b57e6b158a4a5da64fc49a14ba1d,423735217,980,ebcc295e154a4f0cd124212f065142f64d0527e3c98e10e1d723835885b2671c
ddb5889dab81e7e383ef66e57921570377a97b16386dec9437c85c8ccb4ff8d6,421203436,975,e00b82fe657d0015654a62482fe860f13122da65984a3b3c05c1b8e494c52c79
ddc415b26920e7d77409e30c67fb02185b9f49546a50bcd1c24a3bd304e314f3,426087512,986,ef7088b3f70c3629ea62b22fb759723ec62dc711fe95c043f53c4752b5f2345b
dddda188316b9d821e6e620d07f221fcf0b5605bf7e2060526eb37a70576d23f,425657963,985,bcaeb36aaacce6df159d967e67d6bfe560049bae7719d94c97a2756b0566934d
dde549e657a8b998db833afc6f2954bd006dafa0a3f00ec78b4f96e2fc6a4729,426063338,986,8e6b66c51f7669a2d24479ee549a8f7b47f02f812a2c757afbf855d5266d972c
ddfbf3bfcf6aa8d38bc30031745e074942651448d651cf5ba755c62457540115,420931938,974,87ef0344ba39f147ffbba7ccd28cd6cff5245e16effad0babeb0bd4e99e5f0fe
de2f0d809131b3015b95ec13dfd7d203872d4c83b7f9c16230389d53cbedda0b,420897892,974,f0a0274e1db8c2f22076c398b89a8d1d60cfd0a6fc8c625a4ab119ac519ae207
de35c69471e6b0da5f57d24e871fbc5c16f8f9a8ec5297c8b9be9b55cee05727,420924612,974,7feb4cac4ab4d1cf7d3ac1889844528e0999ed24848c746a5891e8bd5ec7ed0f
de3ae7d0dbe6240d55568e9cd4fb43b182eea7a50d8dd47a961e5a274cc3353a,427572945,989,26ea75385f4459e90f6c614e821151ec06842ac46d32e7b4891fcfa21922b4c4
de41c94d80f7248a8b3da37dae55928e5fadee4b592750a6b97dfea1bcad5419,422787142,978,4ef47af350c7632591ab196acd20d5418cf64009c184374787b8117e2422e165
de4211525942f8a61a01d2af699c83c5f8d515afeea2869192169d5ab2e9aa9b,424315732,982,ede336f332be9bef195226e386ec7b3509fa26b9aa38cb2dd693e69f42d4ae5b
de490faea2ea959796ac17ebaa0fa58cf39d00bbd71e8536a6145ed0823519c5,426302937,986,cda2ed169275f4ec2920799ba1ca6d114cff53937f522cb324b23ca14e06b421
de53d9a0678cbfeffd1a6dfdb5e177bdde49f1c7cff77b68c0c4260d45823760,427134585,988,0d6788843dd220a3fe7205df6ac35286a1fa220ef9a89fac777cdbcb2b13d677
de53da13fbf1151ca96df2872e411f2108ee280ea0a3af25ed20c47a5395e601,424087201,981,e6230d9f5dc2b1ebe77ec1ed79a57833aaa8caf3a04490487e50b6ffdf0ceafd
de5ff2eab45a542bf6d9579e3cb9cf208c3061307a99e4e7f600eaf5ddcd1091,425616509,985,78f7f11903ee9357275a6706a2b57c37070263b5915f18176ee58ae2cd08dd2e
de612a695b74b4757a090e90a94af4ac45768c0dba39fd0cdcdf04e302ed2e87,426443044,987,9a018ef0b07c800c768417bdc2038c44d621601281ab42fe8ce88bdc38dda2f2
de61cd282a47786ddbba49a5e096b6be51fc56aa34ddf612a38e10a815ebd955,421881845,976,c83476e44d3313717b404edee93f2e79b3dcf339849ff5792079ecbcd7468184
de6aa74aa53fddc0e04141ba0a6b540564ba6e308e25af226c0d75fad53f4d69,426814314,987,47f22ac4e83381e5853dd39c785d36118aca9793fd88da982933aa034cb95188
de6e8558831d9d3a9a358c6c9297f1d43a1f6113241a2fe2aae388553f4696ec,423997949,981,0b9d1f766c3b097c2c6712fd19a9f21f99dc7f748671bb84a0e6086591aea883
de72c7a66803a47bfea839ddcd774c602a9d4ff56e23f3b7f108ce96eab7ad98,426752341,987,71600d8c5429465c74c3639cc627a7f61fedbe03d695ad56d32b1f19fcff0e09
de8310dff7aa01685c2fa20c4da15d1d623ce3b82a572ff9df0967e53bb02a99,424336150,982,3d95da22b88b24de4947261e9f4409dd2e9afd811c11e95810e0221183dc0ae3
de83801f10a9eb10d230e13cd75ef05e3b04dcfa0c3f4659f867988ef155347e,425933702,985,d3d08986960a6d10ea5083d948787665bab1d508df4d7423f7880946cb32f04b
de9c50c30ecd0d58105b6fb5121d818e6b671075327e738f6a55f5e30c5f4a57,425907746,985,b9fa65a12489d914943f97666d7e3e247c2471c584473bd2450c98601aa87f8a
dea081ea0ebc58dbae3fe30d19ac4a078eeff9b3ffeafc396a935d05225b5a48,420902103,974,4eae3be8a4c13d6bfed7e1ca7b1f54159d8a722a5a5d6550f3bae019c20e2748
deb5cd62fee72f7f794da50d472572f67d72c7a3e83f4577d61121a4867f007b,427104996,988,b7286e5036208b58230f9049467877cba0b59b7d8d7a497ab6ecd255cb326872
debe30defb35446c787a5c629c1c137c6c4e99b8fbe74c384a2145702b327cfc,422559713,978,7d86b4d2aa2446bbcb2589bcbbcc61c1141bfe61c31605c14df61008e5d25065
dee895e0dbb858d31cc7117693ba72315dd2d6796384fd3279e353ea638c77f6,427711115,990,5b6ceb1e6342e3f96d9707e74d8768047bf45e475dc4de1e720cb07f5a6639ff
defeb4c62aa78cdcd01ab166b623bf87ce1a0bf4c4ba5d2ef5dc0fcfee031fb6,427481788,989,0df5efa446d51736500cef9af0944bd33c32c86ed7e371f6d576bfd9f599f158
df0355faeb667c983f476a57e95ae9336d2c5199bf7346d886bf40630417e989,425899884,985,ee756721b2522441d2e3c8978a9cc9de20bbcd98bfbd8c27000b928377c2a157
df188d555cc096a6d096f850d9833df6a5bff7de920e9d2bf623e048935e7e13,427327279,989,a85cdd6226e65fe4fd58c6c5a707876a9cf393bb9bc2a88ad4d3aa5952b8197d
df4e916ebd11dd5009e645322107047ddd99be1a8cd03a090ee0364b9a093ea8,425980519,986,20e6a0a6eca46af383b65b6e82f5d9a7a1a56a33705478a56a67fec4d5e8516a
df67e8c45115b6955ec8c8fc0e13073766df33d1487fee0974d1c9bdb6e0b88b,428082531,990,b703dca4c0339c0e9d8b7687a613f59eebbca260433b8d31aeaed007639f9c68
df683ac95a104e38b194cfcd6ab3c35e8851a0baf733e3560d58e27c4d8aeb42,423835127,981,2e0572cafb138566c73de2bdf155d843f5d9b5ef8d5237572988b7d315e797f9
df77628a1220fed5266c678381ff85b460b5a0a43ebc1ffb7d5e0d5011bb3757,423962286,981,e92724eb7a28d37957b1817af2225e084e74efddd7af7d2d0f3beb8c355c512f
df93daf7dc7ffc5d4788161a2faff383696e646bc1fadaf839a8e1b22d5da92c,422801076,978,db772d0f9d680c336c491a219388d89100050040b8347071ecfa053dcdf411b3
df962bfacf9458f360c7a35520ae833fa44cca87eeff363cc9bf1471350eb979,422447488,977,1f96283f79389d8b67a5dc65c7f48c91ef58d6aa50d8db08d1f444fc45f8686e
dfc549e18f5aa15447c7a939066454c3e18382374a2a0b566900e12e26ad1407,421398493,975,edce4b8c52d328ecb8cee211a499ab28ca7884f779a3d10a537578494ce808ed
dfc741c443238e9df376b4041a416c682106734226a5b97be2b520cd2f72a516,428051572,990,e8d8cf35e23410169060a5835ce0922c4e403bd67aa3716d21e9c7e8e02c777c
dff2437843602767db67b7bcaa41eef4feacaf567f50d4c51f3b1544b3e4b399,424923277,983,c7c741717917a16fed691d696a9bb432e725907bfdebbfe370d59afac13db9ad
dff7bd6ae87398beab29d40b4a6851513a1359b116f66a04e158a2eac2b41c0a,421902513,976,2e59bb8be9a34880cd24f00e6fe38cb6b8e87c8485a8cd2a0ce57de06c284143
e0090d0676332a5ecf485f86226747663469dc8181125d2ca530218e92812710,421200768,975,a298d69381c8217f4b61dc6cd5523657392421443987ae256bcc8c2aadd72388
e03d3002172e8c0bff72886ccaed42af44451e233494c50b494b8cfeb0036b94,423660019,980,c2520e0a330c10b24bbbdf8cda4998679ae83d9bb23c3e6ee966528bca024b4d
e045fe324e268679b4cb611712c6baeef3b3dc52b1ef771a8d9fb11cd11dabd1,427901131,990,3f9ae7b53706e966f340ad9178f18908f334adeb22d5ad942d3d8b76749a2ce3
e06dbd47f2b1ff90cfe84579ba9f801ab47915d8b1b6645204583ebd66e731e0,422817065,978,33bb9faa0391344cf9e47a82e9a263fb04dc9e34ce45ac418475ee1fd25f0006
e092a3d12f45c1eac45e134649da44de3fee3acdcac69e398c9a581f486f666a,421626992,975,f1eef6425b7a9fbb0f135473fa2bf37b902e28001c3e24b830c4d69494a4d366
e0939ad709e4577000190590698ca6d04817221da40b978fac3b18b533cbe818,424367514,982,be3080f133bb69c676f09661f872698ac439a3154b9d987741aef7521ee1bafd
e098ceb7404ad07941c4e579b6815d201472c79c06142b14513689796f035b39,422569269,978,1b7b02dd09a83a7b6a82ce4d66bb67cac93214bff7643226f4ec1ded4220628c
e0aeececb26687ece994aa564fa26dd05ac641484cdb31e1baca9ec6d05ab8b4,424307257,982,963afdcf3d944c7c87e9668de584d171b14da7cfbf9e1f58e3d152aab03cb71d
e0b2752dde7552510c5720271bc7f8064322c5286feedae1c33daa34407f01b8,426174180,986,547892693988eccc60967351191918b07a712f39fc5f666a9b49e417028048cf
e0bbfba9ded48304fb2863b6ad92beac61c0d2808a1ae81d37228f6dc3a10d2f,427354711,989,7977eee1d8cf5819c66bacf91ebd0bb438d6b4515b97442f3e07b4681aeac736
e0c577eef175e9a3b99081cfeea4c607408a43f2c93e23153ebac8f5f65618b3,422936072,979,bacdf228f0f0c0fb8bf88a5fd1c14e6b72af4ccd5c094f2d8049c5542428a8a8
e0cdc14b4404b554bb77c42e2b552349d29539ab43012e82595f4ab59afa9b64,424964336,983,46bd890be1f3f3da5f1311e49219bbf91a08cad2e2b95b761f9b2ac61e2e7129
e0db2cf28d9ab7c08d8d7c7352d86286e7947ff5b21c8da129f225b8d1ca05f8,423693520,980,4f372c49c54dcac9694534d39ba598fb4dd47ce5265eef1c28ce315e90638f24
e0e0a2c214c7b48926a8c90e2c9724b4c18391ce9cc47f6244afb2c561b346e3,428107527,990,67e4292cb32f020fd23a6faefd9165c13cf7b1ee768f85fc2bf71433305f5e59
e0f19f6df2360c90e114e786079e075a7b5840d61c04012fc734be861c526b14,426745973,987,48774d2cf339138fcaec55e04b1e9c398f1d953fe329a3349fecb05256bd733e
e0f1c23d3adcbbb41cb6c28dfc23881c265dc42ab04a48850f4e461016e94483,422384027,977,4d3d3c4a61b3d50b504987c35c57d0dae2694641bd2042d651f2e27755ebbdf0
e0fd1ecbbdf4fbdc0e34fb56c7f192893188595e8dc01ab9ad4da539342219f4,423719936,980,07244d92c0e8de32c184c7fd143acf8ff51613b793fe245a95783601379e56dd
e106ef8f5cefa11ae9e844e864e72c666185c83d87dc477b9c80d518e10fd873,427151476,988,c92c7b0dfb60297bdcf170220d62bedbd3058daa518fffd9c460f4e66c75b271
e1093ef2c90ba5848d1a89a2db149664b7c7ef79f5a0e4341c411f4041361cc1,421406913,975,5fd6ee047e6af93ab340cdb43a83588bd31d073777acaff6101929160c14edc0
e11e3def73253888905f01141a8ecd8396cd2ce0bc4cd1bcadf7c34b5e639cb4,422679438,978,b4e45e9391bf64793db8f12d6dda28f408a0254f2555ae328103981596ee592b
e121895e8aed72d0607a193d5b7b9cd67eb07372ab212c36d66c02d3505bfb97,424368712,982,738cbdc2bec57ebb6d61271f1e608b1dceedfa187aaa0e21e9903ecc2be772c1
e1792688e88e9c372363f124d6f2ee6fdeeb8894494ed47286fd6b41f19ffd72,424074861,981,fd373f19a66de572fc22dcf8629676675cfd1f386040dd5f3b78be57c042096c
e17cac8c613c1164863779e54e603f49bf51333b4c8d646257469f6ffc5df780,426397380,987,9780290532dd67923cb51f12e9b48322101de8357114bc1c8475e54c2653852d
e19f3e1b29c5656ec3cd3bf04b38373626be1739d17ccfdd8537accc9c85b45b,424345470,982,edf8f54b912921064a99e0c7be2247c3c5c125deae72933bd34132a6a2e3ffef
e1c3f7fdcd35e4ba38ae4ca7a429cc96aff6073d9c19d24b730fac9ac5bb9dcd,425490997,984,a0fb154f4827122f33e08c3ba9b6214040bd55d23ccb45ed45095c2df5ff22f5
e1cd9ddbc8b3e899d9c901335a43bdd91c57b10a02523af4f6df4fdc9fb7a02b,426531238,987,2a1b36914ae0c7e8e01aed4326a46d3463a11dfafb7a9fc4880e121982cbad02
e1f2ecc5bfa0b49cb47e576e56ec94c0ed255f47e752eab389305b2777c6d4a5,425903822,985,bd234e309ced6eafe14b9090817809392766aacf2706977dc3418959367150d9
e1f4767ea0f409f0e1badb0a51828a169c4087e9b4dc3812a18b111f436a04fa,426564551,987,57a771964eac9fd81d851640019e977d330535986ab6999b5fefe979eaf75b67
e20224e554304272f0f2cdbf31b49679c58f51bea10d7306e0e8a2fac0b9c4ed,426184305,986,538e4da8bb53c89baf542d5253f883493b022afff80afd4ef4b5864e2b6f6048
e2136be419c8251a9bec98514b4a89a89bcb2e6720e46487f57b08b6167d0b24,423881359,981,9ac08e21276b5d944f2be41da2a56501e4356a4c907f7955c6cde8fd553345bc
e228ab694d83490a0575b679bb8ca58e57d56b3e071030bdb6e4d72c804bdd78,425849189,985,a03d63479da10b06bdb36c7eeb9422cd91db86b1d67ff72474ca1e5c342cad39
e22c3cac1bd12d42aad777f71d4edcc7c4e40ef64b1f3db9f1027a649c334b0c,426881343,988,5aaf470af6d6e9c12fd4e4924012a95741a51fbb2f8eb2aa6c4a9fdb1fee9080
e22d1cac0a9712eb54eead785e6e2f77b2b7f949d239bef8ce4dd1e59c858c1f,421237480,975,82804a165748f5eae00aafb985528da4437f0b0e3f8e4e8584ea72203212d5c1
e25344a06ed3dd24cc1e5d32a5306339c09a9da13f27ed2f1a58409f96095500,423749893,980,eea684ad6d83b4c7070d85293b707717ca6a42f802fb34a92389ca093b07ac0e
e25d789b2ab8194771945190a2dc7efa906b69370360f6c06add9df4f1106fc0,428096986,990,c8eb61e1018bf4ff3d5b1ea2b44e691e4ac566f7b65900392d39d0cbce6682cf
e25f471b2db85011ac85aa962217ce17cf97284bf354f0a451336d676e450b0c,420928613,974,23bc76ef260662f18925ac8479d6572e27f5fad9372b6c322fcf83280fb365f4
e27433aa02c5c1e5b0ba61ea3a7139aad2c1cbda7a9ed1ead28212a8c7b425e7,425668501,985,25e4dea8386fc45e3201b5dce188ca9e8c0d1fa50b34210619b990b860002194
e281c28c679de388df75ceea55757c55836041b62368e2858f743676ef7b0edb,424183028,981,9967939220164e779f91253e3e4d155d3777f5a04e90cd4417e28a846d40dcad
e2a920cc8c959f7f2a0dc6826af6674a43a9d808f874ca306b7e60c1fefbad21,426069677,986,631d66433f385bc41de869787a8d9918753d5fe553b38197a6a655d95c21cf3d
e2ba3adc4f852d26583ba51aef84bd570ea35cb952fbb3199e2f87567572db9d,423703458,980,4ca77971df55fad3e883096308b09d43eb386650956877285a3bda6a40520b4f
e2bfe684b9c416c66cb08d35e21e4a08b26c7519850d345852085a0de824e86e,424251318,982,e15a5c9c4d95155fe2bcff8349346ab8e3dc5708d003e44e7be5b57e30fff5f3
e2c3b33d1c8c50c729b4e3f145292647434585e4ed0b9b413da64cdd1e9ac435,420930784,974,93e66bcc7fee8c1699ded98b03c93e638c090e30b6ddd9234c48ab7e1d50f7e6
e2cec724028c08d879a622c480a896bde45160d079304f4dabc9cce91cda8b1a,424807677,983,993fdf7b3f25adaeae47759cc6301f7ba958c284fe6f30ad03a11142797422ae
e302a7a9fb9e4b2779bca4746d55b94589b8fc62958b7161dd2ec7f4f4e91333,425713864,985,efc876c2ccda1375da4cecfe9e1c8ff3ac88a06b8fe4426db3db898e64cbeb17
e30ad68a6698fe33cad981d5f750fc9d9600f0d34cfca54665b3a4df2a73f407,423835126,981,0142fb690145238cacb563601728dfcd9825de412c3ac7c0c6973691efd3231e
e31caa653fbfa75627ab6d84c77d344a738b9f81a2039fe99825c0b220864d79,427691182,990,f4daf967c3bc2e2a7c75f7a638a3efc78e504b69acebca71579de68ccea6a276
e33644185d0587a2916ec96876936f8760cfb618d020c782977ef8e0c74f4a2f,423692170,980,895b5e5d350084e4dfdbe0f29ce6e92df769fadad3ddcadddc0f215ba244916b
e367bd22fbe02d04ffb776ef334772c21e5da2b12f07a0500b9714d525ce929b,423816623,981,ac038bf596b57349ca7bfdb069617837f4d4782a4f6a2c0f05bec98a2e15e968
e368a1a437d5aeb799d6f15339cb1873635ace035f5dc5cfb37ce3c35fc11b86,427485881,989,11b879acbd282b57054e2b367154101be5525b10300a0ba4801142a4282959a7
e37923717538a8fe6e1b9a960d53b64f19c10e3848d0e03370e530813f3c0fef,423826504,981,8400c175939faa7cdc0d59fa0fef60e77a7eea526ac740858f099c356ce1fc8c
e37ea4d7fd6386db70510d5e437000b5eb540d415add1bfdfaca650a8b262296,423965139,981,fcdf9a6e6b9ceba1b79d545f1ebbe2156971782fef27940c7228ef890406c9bd
e383078be0a29752ebf1916aa09f3ac04490f7141d899e89e541c25dbd164030,420902268,974,cc5ce6bade5e1102ab7006049ab7517736739371e58c3c75f2e79c6b6e387559
e391e3ce420efccbecc01a41bfae21f08e191d86559fc773aec492601443a932,423842381,981,ba23cbf761956ff6ae4bd1f19abab175efa7e1f97c703154c9259832ef75a3aa
e3b8296ed7b34035c760e1f1815bed26bf11b43d0ea1ea69f7acc8502608cc17,423307616,979,b2afc4324130165503d9813d62552a905a8c42ea44248f17a5833c5504080175
e3babadf9dbf69795d93e10362d2226a64ecd22571c6b664e0e99a387639f7de,420929919,974,d4e868a8322b12daadf55bf37c4858cc7bbc676b766101bbca82b07e66f301f4
e3d63731f9c272109dbd906e9f31b5ce9cf46e6bd4edbe60084ad5bde5872e71,422810672,978,3bb7ec306fec8c50eac20435f4c648dc541dd8b3dfd30e32131ddf17faf6a031
e3f7e1e8dba313a1a90cbe1267b6a4bd7d76b11c30b0cad76580bcea38f6271e,426901178,988,7df04acd33237c447daef6eb30fa5e693fd8a0742118aa3310a640a2e724f7ac
e3fb2ef7711bb9009c1bbb38610e408f79a877d4c2b287dca3d833ed20693613,426619230,987,f993c1f0f998ade1633118ceb1ea574174284a4105fb7ac171733536f4487d1d
e3fbdbfa6596088bbc0710f972e696e351791e1a16c4b3bff05285c44db90b91,422683376,978,8f9ebce818063722b617d8bd118600569d1039790c4a5d24ce5935613c16f460
e402f3ae336d55f1d1a43da910b283d3fbdf064240786037e46476a95a003e1f,423507941,980,098328c9b24132e3215a528107e5f9192c07004a28d176ada847c8e6d3bce38b
e4280254c7a99a677cc0d632cac72ba18e43f72c37e8b5080a8e1910ad22465e,420928877,974,d6f869a1c4e21454acd6b0c0d37c6a6c62f12739e735a9e0be7ba714dca26f7c
e430912051f90297eedebc1f39e294a40980215fac0f61a09bab38366810e046,423425121,980,376a3badc025e69223b6d02544219255e0d82e1f4ab01eda65bb349d8b84c047
e43169c78d3cf9d80b5d36fdf63c0d0d68060e9c2c8642f81c68c1eae06af26f,425948661,985,162ed0ad41084fc90f27e96e6a9ea299b44bc803cbbd42be9f3e5fae6c0fefc9
e4384f94d4a7ab71009dc90ee0d29c8a353ef61ab5a0a58943cec936549eb6ff,428090129,990,b3f3c33702f52003d0525bec3315e70389f2c56aeb5207e4c18c3f12d8baba34
e44400f8869971e60588c59bfe1418d44df5ee5a976dc6b905245f0e82d01715,420931515,974,2cb4299422c00fb8c6916bd298b1432dd34496bab3580f1045fd524fcb7d7c86
e446e451c1c763f25af4d00ac6c621d8e0aba2d64eb7138965fb5a6a221bca5c,424711301,983,009636e3eca2ff498849645889444bf0cdb802b1a08ac332b1d22de537ebedd9
e461f36b3aea404db3c8432462193dd27bca43c7f7a4e0d6f43649a5b70ce8af,426132720,986,eb607b0498f9517500200dccb4eddd72a1d062ad43a56eaafcdd99e668b267d1
e466d3da98ebb11b4c175c6504527558788d7f4ebf665261e350e87a468c21e1,423760242,980,3e9b511dc1ca167789abd32eef87fca33154e07b45c8b89e0fe3859014e2c3d0
e49682c019c5a7a004fbcb1c51d1890548c750cb4bdf3e864aeeaa5350f1c08e,423726670,980,17bda36ff6945bcfb2b6246051d0cfedfc634c677daaea61e3c658dbd9d16da4
e4b13500113e6c6799cb0fcf2f088b6a0ec48c543d59f33021f99fbcfcf5d4bf,425900655,985,04cd0d6cb069a2e3e68292986368f3ddc711ce758300ff5e696a61608dd87e34
e4db94139a5020ad43347ee8b026492d7c5e630e13fd331c0a874fffd9dea439,424613736,982,8505d449b8dfe3d982e5bb90cabaf92431647b8275603a4fb30ffbf81daa3f46
e4edf1a8f2d5474409f13d9b30d8bf0510e505b1eb7623bff41c277c073b5dcc,423369097,980,e6b6bb9a4e7f881a8e56598ce9304dcd9d88759bb25c42a2db67f13d3c7d6ec9
e4eef4c0e6ad26fc9db9daa33463d901bb2b765eb2cb5bbe9a2fb7c52e3917ea,422109069,977,786074bedcd1acdf9d9795f2ae8937585be909777aa107ed6f6f9ffb39ca983d
e4f089736f100b009f6109baf010089da622eb236bbb237236d748dbd0bc387c,426173599,986,aaa786050641f001d402d2e113d7ae0044d2d6ef53560f6a4a46be6d78ce512f
e50d6b74fa7a298587aad8ded87b63778f46eeb3238b0c3cb64bc7197bf6309e,426211516,986,83a9695244df91a6e3e4972f66319494b82c0aa42c527ff785a36d601022b711
e526b63055c6e9c574e85fd834e6f039005c96b1a6f89300d6076d30608bf64a,423933185,981,2732f582a1801ffbb0add18e688e3f32da32e7fea4dd4506b79ab1177b62eb28
e5286bc2892505439687896de67bdd588e22b325ebcc8db10d722e341b6f71be,424223171,981,6a6a2621a947f180b3e5ed43fa9b072e26796b55d17734ae90e0bdc2ab20f5f4
e547aa340cf55c1f39f57c12764e2d8809fb91659385997a51597d7421bb3f01,420928348,974,f4676b24f284b218fc5ea0428a6266309d7f41d6963772d67b1e319ea2d1424d
e5573a50748c74e559688eed89c765b8d5abc800973c743329bcc647a72e395f,425164072,984,7a209c40c0d110906ea5665654c417fc584d5a07f2e30ec27f960f2b3247e2a6
e5606dd088029151747438fc34046769e667b8b9b3473ba7a23856812c79e6a7,423746127,980,b1fa834538500d84f4ec7bd0e49191414931398178cc583b794bc98c31fe4825
e590580d10da67c653420cf8b7ce0ff60b30e07e23747c2edef86cd2f44dbcd7,425997333,986,467b1b9c51e2b4ba6f92f6277bfe92a55a30654ce31ad5d7441602e0af1eea75
e5a341716c002ac77e05b8da2d7eb3f295c6565fa221e76b888fce943617afe6,426439755,987,fc2746728d38caac636b587047710f34fbbf2f3337a39c38a056da4361c12eca
e5b104273dd3ab6cef2e3a6ab4e923bc5efe72ca16cc607e4272166056313bbd,423733325,980,3665bd2bd45e854246d8746d2af77679c2f32537625b5f5073d209ea29138037
e5bd1fe52c33e269c5f9ef555574cc530bb5cf1812043ca746f8aacb04e72f68,427346088,989,558199a447be4bdc6e0585d95c79969e1b56fe437fd28079f0c4a91cc601e929
e5c5a999c3aa4b983821c02d4985342d434f3584800666dbde47836b957c4922,426891052,988,3d149db7655524eaa744063c6dc955467e80b6387b5f56531fabc78922b823d0
e5ca6183e281ced9b7f0ba0378957747ed284471b3e8e2a1571c269760b54d69,424610721,982,162d76f3106eb392900fda6ffa0dea84e63e56ab1950670cb506d196961438dc
e5e438c49e3d593885fb8eed98620898394c49115dfeca62148407f696876f28,425676403,985,c880e317a16c262204a5939da1c9434a0a25b302345e188be1e0ff996190cba3
e5f8b90cd1bb00b874b4215cee90c32abac18e424b1103af38af74a6b8602ff3,426166584,986,6a8ddb582d47b2198d6c168eb5b42bc372e62f55e1c8a001b68f37a13a768673
e60186421c55a887c4a5ccacdca3c3ce385087abc42a9b20204a898c91c7cee9,426877239,988,77f940b7df79296c1b6d02b7daebf434e135c60ff89735c2b3c105e04c3f8a9a
e60e25a3666563a3b4f864fb3c9706ed7610215b7fb423f05242587b2af874af,426867585,988,57737f9ca9f704f0718a4a6c185f4bd9ab63c4bc71f33d2237f753adce01cb59
e61044528a0653b32a757f3b64ed8bc63d558d8ed4826dcdec3154ba172f9e32,426976280,988,c89b81c3619e063fabf9420ba7f8ae1bd276f83528c3f78a8f54cd841728fa43
e61c06321a55f89894b8f40933fe7077a09570df71304f3d779b0badfe47c852,423483572,980,9c644bdff3db30ef9282c18714fce3263162761466ef2539adb820362d951a53
e61c7645920c91f9bd698d34f500e121df6006ff2f27ba9b0d1f3ae3e9c8799a,427150416,988,dcc76f0e11bc2bf234059d6ecd33253f44a3f2c2c4e5156fdfa7d20f76164f82
e636b8ca37386761bacb7353f484fdf2d640759ef0856c5a81da938f7c23ee30,422807111,978,71ad2ccfdc43875308ca7846d2ce5d3adbc1f6a3653e0d51572acc502e4b2e50
e6419b023b7a439c5f37ea603e51441674862caa0dab7705b6dcdcda1ad56c16,425704305,985,2e98c631825c22f7d913df658f73d30d5ed228f45df66f5446e57bf732acc1df
e6498d2f61702ad1298cab1440b6e9ea98f7cf80532f37214c8b8276cd976cc0,420769231,974,8e1298da873b01961a89bb4e4fbdee151b87063925e2e25b07f0eaf75b5e5a58
e64c4fea759cbf275d909dce8ba1e9c4ebca37f235ebf2f41e2a676efdf2be8f,423955045,981,5d19a072f4a8a8e4579adb4930cf3fcec002aac48f5219f06df30ba8c8fbfbd8
e652bb405ebaa5268191ada2bc4c7d029c82f6737b65b14b92d53ae32f807132,423157765,979,617a585f4f2598021b5af620be63e4b4f370bbabd5edd6f68d49399f672bff75
e669bc660425db44ac56bcdeb8aa6005b10af3bc10a461cb98741daaf2cd65c1,427487092,989,2eda064920037f8d198ede3e86a406f1c108a6f45033163e413e0f4a758141b4
e67439fa10cc9db1800aaf65e0ba65fb40ac6bd600105ee32a37ce55e1fd7373,420787617,974,1933b9d5360ed5f3c197d13ab814059a4d21d72ba08df51dbfb341aa26b685e1
e6cb2ae46d4c72d193963750ebd25ea6ab7f9c356f092409e924dadf67993863,426077848,986,feba070f122f128c25bf385c3bd5f2f98ef60f3219c59479ac97273015ebe16d
e6e7f9f60b4eff5f7e85a37a14799bc677a6da83d67fcaf007da312c7f577671,422896197,978,c16f25316123f24865505e7ffdb9bc681bac5aed3df3cfbe9084868160da2dc4
e70b927e3b470f007b46dd6b0f9459c39a7a04aac88d9624b001a6e6b13417e9,420878556,974,38dcd7c7dcd59fd5c35e7ade12b7ea700610e0ab489dcb27bc9923b6ac3922c7
e73f02addffdb88b10b975d52431b25ad748354407c6c92c5d7e37a3cac6a939,422394727,977,cb9c8abe2f3e44bd9a605d4a4d37d95668099f895a4bd1b9d4e6be1dcdd709f2
e7695826fe9131c64a5bfe8c391a0bd18ddde77dcf93ff70159831fa64287a5d,425984769,986,9931eb2c0dae108f4a871e4821d1013f2e0d374e47282150516646e0cbe1a82f
e76b40fec70dae0f46334d3d8df01a77ef71806895ed3811b3342ea4ff0990a8,423335868,979,4847ace51888fcf9fadb1dda076efad7386727758f883462f154977cecf66e6a
e77766adbb7f25a65a31946e9d5985ee22319e153fa89cdbb2c8055382ee2988,422386170,977,37c9c97279e854f2047eb8f001e8655143dc7e61b2d9ed338a78debb74e19625
e77b4f49afa8af8df11fe6ad9b99eb86bc6d9b87a29065a6190506c8cde8fbfe,428104969,990,ad180ee1087767c5a5bb9744f8c5cde2923511f4f05c6da8f589f0dd4eada4cd
e78b264061ae068285318e1302ba1fb83a76ba97d9b76449e69f20e52e672ba0,424056096,981,e977ae9cd63f169eb49a50a83d960281bfd79d3cbd23581adc451bc57c43f1ed
e7d1ac8728ceb0c692d6fd1fb7c1f2a6f01a0b325914e502b14b840170e28b36,425245548,984,48bd755cac730ae78631caf254fb318a3ae3306c3dfce0cd8fb430d594008516
e7fa71daaace80ad39dde9d34405fbfee834c41ff7655c5345fa96a02633f5ad,420931061,974,2cb6fc2a189aca547cc87b6b4489192bd6d164888fa1a0f67092ba2c844821f2
e81a8444d4bd1daa1e96e80a50d5608788d17aa0aadaca202e484588b1db6290,423781913,980,a33629240107c26bbc8ad38459691349c12e719c6647dfe3e2d31be05767a62b
e82f9ab3ebf604e9bb18f6554468f76de0f2961a5860f9294e60b98c7735e0c7,420932381,974,e3686d347cfe6d2acead11941cc300d57944dcd30e112fb78314c864533176ef
e84cb229c94d5b67f87bc11ef2b5b4c69cc220faaf340c8af1297560fe7e27c6,426247807,986,3a01644eb1123da8feadda65db1deb84dc7e0b1f1a713c1624dbea4a2d05e4d7
e8643cb3ba9a7a387e935ab80cda7bdbf7901e9145497c67f0d8f2ca7f06c317,422400805,977,341c9b527cf74ae415bf92570eef6936828afabcffa6e613cc1033aab1a54263
e871ad9b155bdae4c67d4b0822dc69a6cc7129b8cade2db210dc49934a107d54,420818547,974,fb7a05791b149029a913cfde9c81d1a8568776b695db95fa7ddaae0594192ae3
e8765d63211557c47bb6bb9919a6d3aa5afd2182b2881f3a4d43c051edcfc57c,423821816,981,8745664c655c484013e5cc559dc3af850722c9e9c862dd9ce1666ede2dddc303
e88749f6c4613890b5b4ab9302b6cd961e777ef836f11c6828b22e63a55e2852,425418097,984,e468c97585d95db9aaea7431a298da7018efa01d2e2a00bbc7fe52f4be944727
e8b3d807a22e2156183bedf5518958f04707d865c871f60186ec56ea7a32dce3,426541322,987,4b5462bd556ecec4382bbc6e9e9be88c9d9a5084d7408d43cf2a0553d2c131d3
e8d3020a918c9ebbb574c9a96c5f57e596ecb9b1d3c276cbc448c7ab20455185,421912685,976,3211cfe674daa5ab115e9b4a5acecac7ee20b1527c2a645cd2e35f2e8b01d7e9
e8d75b3971f96cf0a89955db6ea24a4d7d5d0b32ea2c9c708c76b7a9c2ca7f39,420961104,974,aca63fe1b81cf4dd45a4eca5c170d1509a6218d03ad3fd884e480221158dd8c3
e8f756fd2d2838366a04fd39e9ec3d2bfcc519f51fedcf2d874ecd419465813a,427025336,988,1dfea7321d872a495693e92833cc62da25c5efe06288772ee9da18b890e95366
e931a2088a3f613015337c9c065d014c0cf3c929893e7d177fc71431711d6404,421202413,975,0d52e63eef85c14c8c17c588e5503b5fddc80c5e46efaf10e19a04e5c8a05ad7
e944369ce1c5ab0efd58f4d9a7e88405679432a20204a4bf569dbbf812745aee,425861897,985,b198b82633cef94a5329d96d821f9ef08be1cb9c99b5d8606e021e8866f7f19a
e94da4815c1a9f3894f0103995c493cdce4c2fc823af987b43d7be329c6bcd31,423850015,981,da7f4d9e7ec66e2f0d59c04aeca535e56ceb02675337f685b737b294e918613a
e96972f2bd245643fc6ab6bd30979eafa14a0b8ec2e779ef715a1c56152e19bd,423903355,981,6fc5f7e77ca3fd2b27ea086bbee54097419812796a2994874017d3266bdd8975
e97686fac4455d65cf848a590ef795b71d216cee384abed971dab5896004b436,425149018,984,d3d141c7bd5efe8adc6cfb123ceb1554ede76ab39c676ffdf4b6a8d545280323
e98b3ef8425469e370fcf5684d934f411eab96f9ec64d984ced0e65ec7378f64,422124859,977,848681e5e798a848352a7ac716cb5225d2a5d46abe8d1e949f47376b3f13d263
e98d8d99fd9466c216fe562a64fd5c37ef558b5a9db8631c2d3569f9bec00fe7,422532060,978,e63610a8ad4cedc4ef46bd63bd007a62e22ba01adaa7b0765efded58a14caddd
e9bb17f5a02587f8b75cdc9628c2bccfe93e6fce28d1d9c2dd0e1f34f5fe6223,422803290,978,1e4012355b11b9fdfcc6ad462a5c583f2ba06e321abc2a5084abda42da2a060b
e9f93d7b6098224cd56942d0ee45b692a31d62ee09149d9a0bf3dafe950a22be,425974552,986,22c9e977fb0f71f4c31503772310c281433ea9019ebe26d8a78bb1d3f1b897f6
ea1f84f95cc50cd449e18aeaa78e156efddde85ba1c2ac5e5b6f4d5460fa6765,426573517,987,d20893a5e08221fd730e452d58fbc01adeed42f929f33f3530d3b905b86fb0b7
ea315d0a935a305bd4dc7caecffd5f5087028c3359a337c15f619adaf48d1d3c,426605541,987,f45eda54e774361912030d1e89c70fa897cbb980d65fd648f07df2bc610a0f2e
ea39796acee66bd2044032f37d96f927e2bcb0c12124693aee3b960a1cf90418,426909997,988,7d24d13ec477e10d12d159aa1223478a5795d9e798691e7d7e58551d808ac249
ea557143b2b3c0ab5115aa9b0bc0b86f6312280456d94881ceb904e1f3020c63,420806005,974,339f7adf294de9ad0f3f0bfe91bdd3fa3d3dca8ea6d1efbcf79e36ac33a03326
ea6f6c3a59dd5909bec202fed4188ed41717e6dae3f5c732ba05a0bec931ff38,427250014,989,1af1b13a25d980e02dfb6ad83be591dba54797f42fac4c1949a6f54b37046756
ea7df25ed5c470ff333adbfe47dadae04357eefeef3fee5a47250a6829696c3d,425161786,984,14715289eb1cea7f2c8b12d8031ceb19ccf874cfd4abaad14f9a168e5d951f8a
ea93e38487140426d9e04261eddda00ab6940824b9d49b6f440d28bfb063eed4,423336530,979,1652d5db9c2745615ec790fa7504792603febe4b5262bf8c6e11de95f679b020
ea987b62de2430429377192464400abff789bd903069b7feafcddf387b02e423,422567123,978,7b232650422a6d09d1edb973b7fbfabab194cd0992fd1ff2c6a713f94d8864bc
ea99e6c7c09b96f9483b9a48712ed13df215ae5bf9955b8eace58c8ec5126d53,423667922,980,f1fa886f6ae7bc744e2ba5da88c9184811a8af8d6922347470cc993bec24e6ef
eaa08bd1a02ab275923534f3a8bfceb5fee60ef49a5a7b13b04ad2681534e49e,423704114,980,6491cc5c5f9092cae86d0962453f0cec58128f62fd7db4d341690687cd1925e4
eaa1f3f873fba40253bc33df92d5ec9e8982925fed7d2466960f9462eac990ba,424112541,981,1964c40cc8b6333c56f9575ffbf2a4c7a9ab50ad34a47a920b531b0563ce03c4
eac71c32916f3de8b68723358a18b84a8daf20597884abf364a1914d4e455392,427173484,988,202dfa296f0b3a9f19561ba5de9abb99a7e8e0c05fb317549331f4e1d5a9db76
eacbb8cc027b9bdec388830be7630ac8462425e0b22c3b8d8a90bdccda02bfba,425653112,985,f89f344d343e48fe6730c273392145f94c4c28d28f2b33652097c5112a85bf39
eacf21e38f68e2011a3c421a4da867894d180f792c74d8bab8a874f0aa56e336,426090426,986,3309a0b50f4497deef4b7e7cbb5484e568261805974bf372863b217bafbfa2a9
eadfc58f73adb35052aff30e744bc274aaedc9cbfd7e2b56697b83ce309b1d8d,423714329,980,b0db462d2871780520f9f520d5e73e45c6679308395cac3f7ae8644b835bdd37
eaeb2eff31a937a5ad7f06193274a614d95d823782887db8e78a995d7526c7f5,423894574,981,06377b0478d4dd826bfe889a2dca118a77193f4dd7adf1d292166a1ec6d88a57
eaebd21433909a2ba7af29e9f1ba38e200c9f33389c1c8845c15caf741ab61de,424846241,983,cabb6f9610910a4341ebec455459c94140135f1db1533d7b6254c4c6dbd7ff8d
eaf227753ab7349c74e848738b79bb66dc6fed910c7e7efb56f46d702485df7c,424550350,982,ae5c67a42ab18970221b6477004c4a4c34e433d58380817bff135ef08efa74e4
eaf2307290095d4af8b67512f7f04c714b9ddf0f303fe54dcce93623637adec5,423940404,981,2b19f835e5b984a411de0c05ee6f827b9b7d3aa66d8ebe4bb62694a50240f6a1
eaf60af1f8011d99e1a11f6ec3675f9f8555c56afb8d579de9082f63e872267c,426754312,987,46a7ab02b827bf106b9b1b9fde11b26f02694c35a17ec83d9c00487d5bb76b04
eb3b5b1ab4a4f25d8d27f125ebc7a593baef134f3ab8c5513458c8882e614546,420934007,974,74a38b0014eb66d529e5c2dcf459e57b02c79af0005da86ec994428bff2da48a
eb3e561aaaab2c8c9a9cd8b04af07b76122f4fce72d721e0e5cd23b1f2e2f7eb,428024746,990,d4cd71014e52fd0409c5a0f1955e9df481e237e3d10b44b627a8cd15757ec6c7
eb5eecc1ac3e8cd705be8b700ef30664568090b6915f923f157a0acab5e002d6,426256581,986,9e927c869693040a50e78be846a9bbacab043fadbfaa8bc763fa88b0e9af4d69
eb7fcc7bf10a9fecef0c754868937f733864e71ef6c0e51fe721fa6fdaa24d3e,426618082,987,ac57cf0e077063bf1f25511a8a766f1c6c8613a0e725ea9f1c2d106af587347c
eb94798b89d7e022e597d0c9adc2137c0552ec332c6233340487915e3c57b826,423674680,980,8b67bb026b85ebde3f1883e283003a8aa91ed8ea15a7068288fb76f33227b4f3
eb996cab21b2af11a958a0ecca41bb03eb0af602db12f01c37057d4f15022fe7,426588160,987,934f296a0d8ff8d924bc8977c4fb0c165006adb5929085b073bd66e591da5e53
ebb8e7588f82d1b482e13444aaacb7f07465f8bb4727c2f7d053f197455d538e,424574074,982,e5b44ec95f5376731347e272fb42b5bea68d375d93342728d68f20bec3e9979b
ebcd8b9f4f8a878a4a8d7db54a34b0d1c3bf5b4dd350b835a2e925e280afac5d,423151009,979,9643aa34376cf0b88a7cf043f332bc27ae3c4778a2a019b51b1ba02a4d5204de
ebd3f8717925bd0502ddd5a2cb6885850aff5178cce359a2d13d64acde0e8d72,423860584,981,be1a1872a92649da4ba31d944072eea8e99290b5c278fae74953f7e519e1e3cf
ebd8ba2949229c92b93d5d208c6b6f1708eefe7e105a5089af4ab9cc9fc3ad6e,425316729,984,4ba5d4cb19fdc0005dab00327ad57ba4ec7b41929594437c86fe19420fb05c16
ebefcdfb37e6e9095843a67fb51847b4dbb1bf7fa272dbcaf0c95138ea908cf1,421842988,976,3cebcfd88d32fb9938544b400535614dbff0360c9dcf24e950256906bc519ded
ebf3c571d42c3fbe19902c123fd798c5dddd6b22a3ccaf2f85a7d8c6528d037e,425864055,985,c7856dca62328df82fc822b87f863bfcc0b31b7f0c06688806eb7c83a33790ec
ebfa7d113763216bf9f28b3a8cefb3bcce787e4d1bfdf0ccb063e916ecf90067,423896990,981,60781871354bd566b1525de698b2e93673ef8ef0e98fb023e302871173862fb9
ec2098696644bec21e13854e3d6c042a699bf575d2a4407f2863ff73ab1b2643,427585729,989,aa720a52b27f327ba2640f74421dcd88a19cb1056eb74dbe5fe77e2dd238481b
ec269573a64d0d918014f8e35fcb555c9f7beeee2970f65644b601a5ff42a218,424293015,982,708ef9750c4996a1a0f6c62b2ce906cd9aa3f0979280c6ced185bf3e6d1cf62b
ec3deb2dadbdb0d579bdd2a465135a1cff03928000dd16e1d5e6ff7d0d34491b,425758710,985,4e5874fbd0c6cc1d5747be054ae83c45fa1194f3ccd2ab8a6f1670ecc46a03a5
ec4513fb022ed27177d6b387fe8b15c72fc8c2b045367e99087c7f3e22886e0f,424297584,982,68386a877bc18f2f1ccf13395ee24584ee44d79da6c1e14118f20c0e3b4c367a
ec7d54a5d59043b0ffb36cca0416e6ace2383af6846aa95d27fba957aca9a158,426739940,987,67aaeb19e5e963f766b4dd0c5161c5636a9ed574a2175b5a84248c506574791e
eca9a2c22ea03b1f27f75b402b3758009579dd88184bf34f1fa8196d164c15bd,421867205,976,c9b06d45c5485ad238f4628a3f1e275d5be30c16a24eddf7c4ae9d3142461406
ecad2709c9e9b4e79ca2421d2fadff3ef487b238e5191d13393077ace3a67036,427894179,990,e40c875e80552466ab0f2f534aae49677ef88d25e042f00648a6dc756aafa94b
ecae8b35bd4b659cc30c46d2cfcab97c06b999867777e61ccafcfdce310013d8,425616360,985,0313511e710aaf45c6a95384798b0fd41d6cf2c8fb09f40f878ded3958db35a2
ecb0da00faa8629fe8a8c7f2bcf0b5d86eca0ffbf3b7e0571e393e1518fbe9c3,421777552,976,d072fff314934ffa30d987b2a13a6687abf420055db6012c6619d092908feac4
eccdbaa5142ebbbbebb39002986baf2c683ebfb0d14a7e7d4038413b9092f3e1,424402961,982,00f1b032c8815b98b9c8d90b3c637aea363777d7e90cac414764a05569e1c8f8
ecd1418111159a645e4d11e26c775c0e91c8e15a1bb6f67342310d73e319c362,424293088,982,250a77d38697d3e2b4856b3615b6342c10e5f7f1a168a9588da8d045cc0d503c
ecd39a5b1d5dd32624593a119128067c32cb1285663c7e5c0c38bc4d6ba7eafb,423562102,980,1a43ff537f5a4c7af3414b208bf124f330136a335202e337d647d744bee2ae98
ecdc9001ae8273a8760a3ba7820755227d99022dd97575d256c86c3028b414a3,426375472,986,36f296d8bfc8aee131609a7f95d490d375e11c2bff86f791b3158101edf8a6f7
ecec3c743307b7890b42056215c8f7e262d1878899f0240ba0635012dd0bee02,425290552,984,a2a40c65fc74a180e3f42ed1e92630c6b3082131b990ce071c3ef92b9728e462
ecee9b4efca737667eff30e96390f6957911d9441df0ec45c54c6f3758e874ae,426027633,986,7e43c8ecd3ab38648c6d24723f0b8873f270d74a8bc0b7a14d777611f8af2947
ed1a0a0ed50b12a03912b8a7668f08dbf9429685f894637c98871f59fde8e454,426789098,987,1ce325fdccb634294d790842a4a01c79b5afacde74b986d922da7f557b70cb89
ed1ec0ba2bc42d8e1dd7018cecef989122e4a14fadafa1541cb547a80cda20de,423562972,980,bd9cfeb5219b630f28d48c39c8c94c765fa9f570c87e43501f678b50bd90b65f
ed4d4ad1b6f383f12370ed448b54b58acbb6d24a7a3a6e502f3c521f5660956d,422101107,977,55d6b7baf77e504f36a39f4cb32a03fd09387a8450d43906009a011a4ac24b15
ed63fd81f4b32d064c465f1858a735939b4231672dbb3932bad30b097f0be6a2,426189598,986,f4aabc5e75036a839a19b7b661e6505f33ece0657cfe2330c77ab7318bf625be
ed6472e27336422ae52753c48884ada4a7ae13b5341c57866181cff7986821ce,427155709,988,7cbeb7876916a2f9ecd34bf635bbfa54b65f6b55c0f8b4274b36ad6e052f1d0e
ed79e7ae5614d47c66a54ef78d53aeb6d2143cef4b18db9fe6eef92823f72767,420928920,974,ef451c5abd006ee64cdd9e73240c71caa0f810778b76da9132afaaf1149fd8b0
ed8a36035e6cc4e02dac1bd4f25baae5dbe25f56d14fd78ef75d743875f6653b,426439173,987,fcc66ce66b7dbd290420319a634f4db001b4116474f1caab7a09d6b68156a2a5
ed984722e9badfac6fc57bdc1672d11c3de463ab2a903eeb7f9e190dcce03102,424915458,983,7a0631c250ea1295d061cf242bd9c2c06a7d7b3bfabb9e272809e4c6ba0e1e0c
eda45f1e3d8604f2a6a1533f268d0766beb2ab06bc02e556fa40baf93f7a1ddb,423178142,979,6097da222775fc490723d06e8e0c24c4b707e62705b88c2dfc7a2186e3a9da6e
eddb855a63dd92fefa118a2569ddc7dfa186b7f6778c4ec8288a473d323646ff,425159710,984,1034542717f27849a6b0d42257adff1f93cddeaaeb2347823db05b5b7fc670b3
eded7072fd6631d725848d2816f0bf3f4a42f8f6da503d6a95d22006ab41a5a6,423901749,981,4072a1e4821f0a13fc8e5df1f069ff5d6569c5bddd60ce32c32f159943f9c1ee
edf79fa484827a628385c889327ba3019fc110d16af248f0a2ca98c9c7846041,425975921,986,1f7a2badabf2dca81a3cce14324e3ce9cedca39ad32c9cefcc5e7e777c9ec956
ee14be28899854bb17f7d94ea257d4614e8f998490dabcb86b0053146afd05db,426340498,986,e56f8d184dc39801ae8994a66fb048f5082611be69ceeefa0017bf027e43b6d2
ee4cc837f2494206db85f616fedec4673c36dcd6002a0fcbbdf91c4ee6a19cab,426981438,988,2f8adc264227a87d07330b1c2fa3b9aba0498d56c3ad36a0cbfa5e90023d4eea
ee4e23251f0ff62160bc84297471f38c81ddc135cde7f4211c6219c615391797,422032659,976,a163af5b619e04d2aacc35176875bf4a06c427e7bd44c5e2494f69207fe00bde
ee5346d697550eb3139731435d735ff5fecd4b19af709ab8830001f3dc036e19,424213465,981,22890e66d8865d9f4780ea899833e03cd9415cbf9346be52992a07f8bb9c8e5c
ee5eef30e065095575f11d33ae3b47bc01cd905f159be514ef392c793c4a8b6f,426819047,988,d380bb91e327161fe96360e689140aa5c6783045c405d597a71ec6bf8a2df0fe
ee6651f54e62effefba693ee3c71c44d69ef57b2f7d87ce4c7ed4629588e9070,424581638,982,00d9d3bf53a99f382788649732080aec3e2c9bfc5eb15a2e642d1ffbf63d47ca
ee961a566c0e90a05b22609626af035abc54002d4dfd4a44f97c6d401487e890,422781673,978,9b4e83b2dece8dfc3053f7dc933d569386cc12c97fe62cb3dfc523d6c5b04ada
ee96550a116c051193ac52f39c094484509930248e485d5565a2f9410d19f709,426485800,987,516feeb55b634ecf0f28035da9e11ab38955f6a8f459e139d48f4590d5710448
eead27de8e841c1b9ad359762f94bff0262be5a4e6e524233a178d50b0e5e9ea,426527194,987,6fe4ce9eb53fe42e6fe35035d01b57d9e2e69b3b0db9d1abc775c0ebdfadd7d5
eeb68712911dc36fe55b9f21f8aa63f22445e5a14ce6df6d675ed3f33f55f0dc,425343684,984,84bb479ee89e492efe5035d6f5850a17c69711ae58b3429066d72e4d366498a8
eed08fce9fca5b3e5076a418d5a253efe91ea7f0a56a4a9a1d18931e20ef7a4b,424712093,983,585cdf6454d4944531217a7176ab434d36d69cf8085d709e37275fce4756a90d
eed135f4fc1d6705cdc616962f5ecd36920a3399d6b6d24553225938c9756c00,422595566,978,02cef3e7ab89ee84f3479d92cc7387fbdfba78eb0cc269aac6c96c6ae45c7df3
eed3dc4ecfe55847ad1e57c01caf49a41890926d3b8548235b6f823f5534d80d,427367054,989,5bc57607975652985c46e509dfba22fed6b1a23a341b4fed370febdb85e41c4d
eed655f34f6caccf1478fcb471f371f3beea7896d01d8cfdc50e99c9153b8e15,425061442,983,529f2ba6d7c549e6d0b25e8db503141b7055447f9cd1b823dc0391e28460b403
eee01d49f968de09ceb834d215afca15ce9619b58e24e0b86fd6245214c3eb5d,425772364,985,52215cfd7664d418d5596f30e431db9d82b154ba69f07852a1eea6c0cfa94856
eefb5c1a750eb8ef60c9e8cd0f14439da46d6e17b1eccf2bd92c21f2d66bc978,427158593,988,d6b7d1f8715ec003b2882a1755253f8fe4cf9ba832ad68d575e97b69d08bf18d
ef0327bfebb7f6774a8b7765fbba0819365a89a8134f474cdcca8477dfc673ec,425209904,984,81a2904bb787d2401217ada8c1fd77615cf6606f5139fb0542622b24a7fba83a
ef0cf6b14dd2ca7a746f46f056b877ca96533152ccf0fac88293a6dada8ffc65,421679576,976,38dba9e085147e5fe7246072963015b1c0532118284a3c165d33012668c06b9d
ef0f636856dbca73814aff5ca640db5ecceb93997aac13897e1224bbb08bdb7b,420901700,974,3ca7d7a892bc2a5f500e5136d0ab22eea9888626d665f8d4c6173b40e3463e16
ef2598f2ec29800c9b3e68df47dad6078391f8cc84299d0cd94bc54e1a84a936,425728229,985,dc8d50f2c2470b7f3cb380d8949cada79ee2258db0eb4aed0a7d5f20668b0ea1
ef27c0446e4a9ac7f18d6435bd531b0c460dadfade2a4f3f010e9af1b2bed7da,424676090,983,6216b5bc88395acf279f8c82a1cae1a7f0984052936f1afabf68b56e5260307d
ef2dfbfe09826572887fd915185a1410dfa2ab1aa350f7eb4ba4bd904705cf36,420932353,974,da5ce38ceb4877e2a8b62e6e177d38a9cee27b68fd1022c47e9826f91a874c0c
ef3f551d628cbd9095f51cf68728a13787f727a4d0878a49ddf4333c28e28013,424167950,981,188dc3f9e8978d3c507ca6e6d17e8694f07dc07c48def7574cf48427edc0d206
ef6786fdf10a1121b39306009feadefb4cbbeb7aff1536c62e555ebe6cf487ae,420932622,974,eb8bebe541b545a440b163af35906a321e0cdeac98daecbabd15c999b0429ffe
ef6cdfce3cac0479ef5d5abf1ea4f2f4e5986bc7666751385aad6c41e52c70c7,421849583,976,2c4267fc868e77f47b9eaa79e655c3486a643e41128859a4cf72a2cc819ef1bc
ef7202bacaf25b3cb9104c177fceac17b8bf723bf47f1e8dea7cc4da64caa7b3,427059275,988,ef0d0c53cbec00b11de8ccd51b995073e7acae3f5b5f7ac7c3416937dfc45ebc
ef7747209dad1d1b7b8fd39c66c4fe53430ab744fc217378c00397dfdc47b8be,422680694,978,88c9ddbea12d55d2f176aa8f893d8ec09d3de5d68edb63e13e35e83c9bb3f82b
ef9202d742eb56bc9281693e539416c077b452f9130d733e9697621861b04926,421838583,976,de272c2d8ed9a01e1a3510289c3a1755f50eb417acc84132c93cc19050fbdbe2
ef95116901be8880cae71f3077d75c4bc282ce78f7564a37a5fa8e5f59255b20,427504843,989,60c6563fbdf63bdc2e12f2af58b36576c1c02f3efee06840f33ef261d5f5c636
efa0e6bf87803d76b36c3709f9cb5bd5b862ecf326f39a7e89f75e0a677b9a89,425915277,985,ddd08756c4471c34e47996612600de2ffe06f51165c48f153c091b02b6144a55
efa7500501a6ad0bfab5fb2411bee3aef41a11ee362d8e41346448d67538b10a,426077410,986,04ae226eb597b88a39278f8034442e318d3da51756ae6747b2bc9ce8ce351d37
efb49191df38272cd7ac5b27705da3f555dcab75effe7b8115bc58fdd28180e0,424646844,982,8b466a947b5b7706b23b95deaaf1485803ee3ad0a1578d0ca146548b953d6365
efc9c2b1e1c51be55141af12a650c6ec07972e8dd2f602e3ac2440cb0ebe5f03,426531715,987,5900b73ef6cda287f1e67b2ae48ba26c5ca4f4c459eb84227f84b787051b0d46
efcd4fb6e1c304a4f6f5abcc523322ffc42003742ec4bf1ef655d71e7799168f,426166679,986,8cd8cb20631b70e7995b6e9315731ea08624a8927a98564e78a7a4bf6c8c4028
efd44569553a4e8158abbf58a23cbd324be8ce5ada4740eee3b1eaaec0248eeb,425823226,985,acbf70f0e0a605d0dfbee5f6d99aab346e9750a8f1607fdad062ac59b8ad1ff5
efd76d363cf9e237192f0b42faeb3ca1f01e9891c7074fe77f2f566c3065d357,424911854,983,47c40d036e8e28274bc928bf72afd5d230de0b0ceee2660a4a2014b8ecbad6db
efdb41c0898b7df1e369df7831d6f173b56e516a10b36d6ef92ea1f22a4a8b11,426228021,986,388c6d3e02696d858c3976e1e653d2f57ff0618cf0b006e544cab03ea6234fcd
efde0ca388d54f33ced8fcb2965dcc3fa0bf9fbf5a8143dad7ec221878ca0187,425723676,985,3e8c991b5a0ab0a89e7143eaf6bf973c7078a9c08aa4a232e56b18982980178b
f00718b5466da68bd176ae5b8904c494fb5eec45921abdd198126e734d7acbbb,424179046,981,3d376e3172b738541057292390c7794d4c1bd84a0afc8a12283d28bf8dc97e4c
f02660d38709c8496026ccc5f6dd46b0080b44111c593268a6ef0965098aabf1,426386724,987,539e026eb7d15736ec72c3ab5ed29ebf8dd02ddaa90493c3024eb657760b300a
f02d6308c4edaa02457630494a42b318f1dd326605a0c65af10dc09fe499069a,425996969,986,6668de79538083746b82ea70c818867636a80adbdef4f921743a7cdceb43831b
f04ad5a631ae71dbf151087e0b6b1f19d9065b697f917717e0b4e37e4faf8350,422760230,978,264e832c19b1b8fb1006d6f933074faa64ed6633c5c7849bd750531809bef858
f053ff6199245d883cb574687599190b875f40decc61a37de21f7cceae2f1d84,420931085,974,c42fd0957b59cd56b09c44b0a564445dfa67766de4e4e457d31e895f67882698
f057ae409cc9552ec5082a2d7cb21a883e8c7e89bb6f34a92c0416b2f1c6abb9,420902251,974,d73dcf605d5e0d112fc39f2312421e36e0f9497844090bafb0bc2ac657743525
f0655ea7a1fffb2bc7685f11c3d9b604b46dc249e9866a51bdb238a896559aa4,424246237,982,9ddfd4ae91e214b7f23a0f878995ff91e65f23179d7635b5274edf42ef8d9147
f06da1c66623ef506274be0f287d3baca6dcb71d4d84d97c77696d1fb87e39d7,425264663,984,b31226af896976e81008068b488673920ec155d4e1842e7fee4f973a502efa97
f075f8dbb8b7964e895694292e5c5ea95d1fc5ad037a729658052309ee6e44d7,427587922,989,165787fc22367373445d09d18e61aef9db1147634354097af4bf1d798e349743
f076aa2a811bafcb1fc63e4b3f6df2512346c45779ad19b174f70a255e2a24eb,426030741,986,57e2e9e17d6806ebc141b7e0cdd35a3e2414e83ec60c32db1d32b4c9e434758a
f09cde2d8f3a546746325f4f5c5d4891f7215efdfcbb545e837c9bcf5104f77d,422768940,978,d52c3021cf7efb1e7b89b5fa7c296dd5718f6a52bf4d1ce6cbf853f330ded6ad
f0b3e13b91deb15069d9edd5f44bc8aa9e0adde2a904f561b8615f9f340362fd,420801828,974,540420eeb23c737307f3f453ad9bcb9e6946dbac16dc872df2c481d55e7eeeef
f0b5ad330beb25b1d932eaf648440adcaa9c0ce76bd98bf4b7efdb71fd8ccb03,426565360,987,2fe9c8b728cae7a39fe5c87d0c28f8d5d346de9fb860007698d9717d056e254a
f0b9c1d771d8c56d9cd3be05adbd2c547a5e83a90554786a8a4f45b3912a18a7,422384080,977,4a4aa2bdb42481fe7e0f833bf61426f102898cc51493241f972cdb79b34d5381
f0bcb560ff35333196b23e9b687137db3a7f4e111dc88723d6ed94e094b98030,425730307,985,2b5cd44339f98b98dde70fd032b0c077427726d4d7737b3974393c56ba278675
f0d340203215930a435b86af6aadd3ed76caf65dbea34efaedf2d6b744c8c239,422441181,977,ac5e959809deea38f26bda42a74de608dd51348a94936b45d22a9cb7c7e58537
f0d7f0a46a5ec187b8a7bf883f84e726065b29546dbbe93435786b8cccccde38,427021863,988,d322e43be60f4adde916bbec9dea6746af7ca077b03cf1f14921451f942be1c2
f0eaaffd5f7043a4ed761c246b1fd1b8d2de728333dfaf297df4d5d4d7f9624e,425799774,985,d53513eb3b8e4bd4324d185c38c41c1ae5b0e42fc4338cbb985ee13d841e915a
f0fa4ab1127dd8f0f80b861e0ce938ecbe397013ae61f2b36b601a7b1cb955f2,426956530,988,d4a9041b577e029b189e159ac2405e994abc6435603df117040905c5b31b5f8b
f0fb7948d8fd781b59bfa4c62df6ce2b14aeb235ae0d6dda519e59ca11efc34e,424259005,982,ec3b836ba1f47de0424d5483f78b55c105863f46b434071adc7e3ba927d7e3f0
f11df10a99751fee5afb08195d9fd718c66ccb6a4b26b9b2a115b636fb90a069,424132056,981,7abad9942773ffe2619555a82e06bfd8af2222cc91b8dacfddcb71e0c0881252
f11fb7c0dcb5c6434d7e00afd931233ca2892763b551f8bf485be7240563c99f,425065119,983,0d74fb8e63a6838dce681bf4f2b3f1cdae1def6bc91b2c98e4375ffc81e627a5
f1262ca20a07c9d5c88ef12027548f489490de575c42ceac71cbab1e940ae0e8,423740957,980,a48797c63644a424b09094e22c082285ae1345e6ce78e8fe30b055815784ee1e
f15b1298ae355bdf2ac997285d23f588ab5aea4bd43eb935c8acb99a18d4091e,421167307,974,164cfd4394a438b7b25abe7eef3071d0b6cf9fdaecc383357b01da5ba2f11b14
f18fd8c8773cf0266af5c891159f6466dbc104e098e71df04aeb6c5dbcae7517,424728273,983,e0faafa0613a4aa88a0f08dba70d0e3eea2d734f4877bbcd589abab1f6621fe8
f193bca647ad2d5bcbcbb48ad399dd9d1e6616a815578bad1042577d499c6722,427161675,988,7d396e6591679ffcd1f947fcd9eb92c8b203f4a39148b0fca9ba5d9af53c5576
f1ae8ddefe137165e1e5b363d99281e9a31bfa01c99cdade0adecac912e8369a,420890991,974,cf223af5297c5c3e799a0b62c040dc170adbfdf55a50fde36f9bfd47b7188af0
f1c25973e57c756255a2c18fab3194401b3db6cbda33ac51690d0853a9c160b0,420822635,974,7d472665614285c57806247fc9aa7e1f8f184236f097485ce444be1f2b17bd60
f1d65cb9ff0bfb5a8957d600bdf30bfb720e920b2bfb31ab4cb3e0f9ca978bda,422549002,978,cdd75468b400b5361b4ccf06d4f640be3a45c7ea3e8ec12618d3ff59ca0399ec
f1d91fbfeee86675067bbd0cc74c4183bddeb312e43727a436caa1fbf52bbb1d,421607646,975,fe08aadb1d290e31689e2563c014e37dd81a229381589c2fd33f1aee696e698e
f1ea3f1fd64729dbd04a2896862aa665efaaf132391980f639278bfa2ee090ef,420928790,974,ec64f31f3969117f85eb82f2e81033ccce3d55a7342db7957c4cdcb00410f39d
f1f2f2fc6c32cfc7fe1dd55b6d1011d21528232a6b5d32cf9f58967d6cc1999e,423407836,980,d94d6b0b8084c06289817712863858760a22669c0612730114bba057974f24ad
f1f48470df3a1914dc4d5e0c8c788b6d3c1f5ddd1b8f6bf3686dd798a690ec65,425896052,985,e1d96024eb62062b1ffa43c350a50263b291a1f99828b46d3ace5713bdda33f0
f202f5d11ef4f2ea745b02787b84f70fffe28b5ef4f668fca4ab5667a00941a0,427186297,988,5568ebbad74e65887a3a00ecf4aeb94389e2d20ea26c0a01b0c10fcf242740c9
f22162deb5cd05fe33d55c15fd7ff2ea199e22adf2f14e61de13531758b2f354,426478682,987,3bb7e6a189d6e8a8543d410c2a2793390d0fddd999bb9bd7a6f072cf60f9cbb1
f23e006ed6cb24a95f7973a99c94b01d82cc57c39833a716ade05d66c63ed46d,424188820,981,c53a8cbb087e4c5d85c2f94c0df6aeeb06a2791d95fb1d2f5253c987ce0cb45d
f246a6b0589f4d7527d909734d79b8a9d7652241f0795742375030d9e34034f0,425240086,984,cd9e2df7b34e73637b1afb7ef3ff46ee0693a1d31a5853145bfa3abca20eaadb
f25916a244d7c79c4ad2884d1c2d05bb3cba481b6bb8b80f04fc47c76243c11b,421883516,976,0ec3ef5d6dc6a2e34f093f73b483ed0dc093c9a3b345704031e2c2302aafd198
f27121daf3b036d80e20802be16ab09d063258b13dbc7b68e93dccf11566a572,422794830,978,346938dc4693ebd078e22f4624566bbef83af5b807d22c34e68e8a26516aaa74
f277c0b8ebac0049f53cfed5cbb815cf12d6e2dfd9fb9cefc3d0260f7267bb78,425288744,984,1ca3700b54d14b1746af924e78b69d50e990993ed34475283c9f9903a4b8ff25
f28898851ecdc3a8576bde30d8ea3ec87fece0dceb99bc50deb900f691dbb050,426906068,988,264cce64117074af57904c712efc976e3e5bad7ef41c6e0d8e4f836cd5542b65
f28db6a9e85566be218babb92ff9a1dd4781be9c65a5491f47f20c9130c370c8,426061406,986,58281b60e0da714045b130eba8664cce447e0565bbc3394ce667a8e75c2ee257
f2a0a47fce079f7580c5cf2b9756c992673eca2b7bb8ca9e527b8acb5f05fd8a,425249715,984,3cccb2fcb6f3b89683a067532af1b167ee6510d63406eb5ca8e5a57516a3cd19
f2a630b3af435dee90ef668c87a3d478cf3ab27d7a33805b78998eee36bf0815,424087172,981,02a3ab35f3604cc9bb1e8dd87b3c81f269598fc539d96b1d00e204e3f99f350a
f2a8e0479c3670ba26631ee2daafd78da58d4c7f2e2d538a4deec209855f1a0e,420934075,974,2aa1332afea42e0539709c4955274d4f0d21b021ec85afd59af46c76021a4455
f2a9232e94af2cc18b0f8be1399e0fccef157912158ae24e96a053579200e952,426871767,988,97c8a21861e1374cad5aa2408ad34ea15d9ddc4ddf04e2ee1a1ad71dccf86a4d
f2b1af0a81cd95eba2da993a0166e483fc24dee2ae1f2cf37ab6573d08129444,422801534,978,f685806dd0d30c020ae4aab73e9f1b605d2317012194cab1760b7d6834951f84
f2b887e90bed6fbe1448350747dbd503a362844227294b64372f336ec5abfc20,426767925,987,3bce95606afbb7254886e785dc45a870b40cc15cf15479c1c67c65009f03fa9e
f2c5f8414cedf51a35860ef36400266becd5e51bb1183a3d40d46daa2d890e30,425357557,984,a4331e6b562226e2e383ebe03b1316e2ea499e5d177617b0105c3dcfafd7e127
f2c9b0296dd351813e3afa1ce57642527ce9c18c76a2f6eeb06160d04074b5f4,426845119,988,a973090f5a7f30f6cfe658e26c73daa67e7ed8fbb8951106c8d9f0c0279d5789
f2df4574220098af171a18be3bc0c65ac1329339ccacfad499449810a61f7412,422491484,977,50bb25765d4bff5d69a53eb93e383a7656a8cb2da7cf038a22511707656d0414
f2df8b9c8ecdafe5d3bcf2dbf3d39a1e719a890a32b19fa9194eac143793ce5d,423119920,979,10e12bb5f0227087637383185a57d641181d5fe28cb3489e33713347f8d3c671
f2dfaeec6293cc65f8f3bc0ee1984fc9519ecb5ff4c2709ad1f6702f7411bdaf,427481604,989,b73259723ee3714c5c3650403660a1daf706d520d92783f97c922d21795d9eb1
f2e95c271fae962456e110be9da5c08b207a09363ac7ff6cdb8dc9905f0ce941,423676321,980,b5c97501ba145c03ea8f418a367167c2e5c54ab7083c132b8f936d9bcb56adbb
f2fbb3d96c86041f8e595fa468e9522dca47daa3e996d9ae8539beef7d0ec12f,420793031,974,6f928933f8bd888022df961194c399c6d3a59d48d3539b1814c6ce1ced211502
f303db1a93c792912d7313be633e5486979a653136548a81c3293e9b162fda3a,423898582,981,19d409b6b03e8ff2882336d7973a3ba240e61b25b3d4d93049ccf96912b7db7f
f309c2622339fe80a4644d818fd890bdc8a8d2481a768a08ed9505a108b6b3e8,426052864,986,f3f007760a7ab4cecec90f7f64c1d0d67aa7ed8ee1bf709a13704e407a8f01f6
f31a18d9374e9d2fb094b1e206627d5cabe3bd4d1fdad1ac40649f94434d65c6,426571222,987,1e3732a926cee1ca271b76434968a8bf85b68f1e0be3eef41247912224d5d571
f32a397b03e64ad1683502a08b4c5a2a5a1e3398b67389189266738773da7697,423670982,980,450c55ec760606d49e59fc93ddf7ca47b73e697e9d54aea626af7e45d207f280
f333edfd6ef0f9b6156f798f3ca443bbaa84e7be8d3678b9cdb22fdff361b336,422421052,977,54afc4273858113331dcc1bd7cea3564ab2e14fde6f9853fd8adf8453801ffd0
f33705cbf16ea1c89b16c8a745ba21301181fa2ff9bd1def5399e1d1262d260d,427386303,989,4fabcc99903bc70177281fede5187eb13755b48ede7e5b7d7e1c72b22fc1083c
f33bc2bb4074f7bc27e92e208de28634e09c5460bf465dab4fa25e3ed56863a0,423262125,979,fef876b01497b922fec2f363f99a071ed7eb1eb5f804da1bc28be1c1affc3622
f33f03d2b4aec65be39a5176f160d0ac46e673e19cf885163dadbcc3e04846f8,425938112,985,fbb3ae8189a38d343230a2f8ac9e7cc8ab17a4bfed712af867eb9216916eee1f
f362088f51256d28ab0f85771acb50bdba68081e64cf88668ce8e7d03b4d8e9d,425875832,985,80a3e8c52e34f1bd0d1172c982279b3ce4085b51f0ae2ef1337bd3a31194c5b3
f3928dce033162c2b942b6c2d3842b34f5a199d88500d9d2e240c7579181e66a,424046023,981,aa868ab2c2e4c76dc09ed379efb7d447b09afe6c3a0c7128a97573e81d3ce238
f394c789233606d016e35ac6d11fa9827abaee757aa6446351771834805a9370,423669266,980,5fe399177808b3708f5906b1c4efc4d9bda139780273089deea2a013fb05b94c
f3af712fa6b2a1dce715b76d7a7f8e12db32320a038a5182fee6f3d47b12f712,426556627,987,09a4413188d2bcb4d48ba2d18102ca47dfc7d00949b32a557ae9c5969cb391a9
f3e0ce2c46a80150536078dde297d05f0d849d6c6d35958887147ca3a871446e,425775913,985,efdc1a153638592d013fefed9c4699fde240443300fa57a8c26bbc6ff1889930
f3e6fc195061bc927d83bdbe496455ad8af47f404bfcb5c5450708636f02b24e,424952467,983,6a80f9dc1dab9fedbe6deaab09ed45dd45f9c09320a6571f000dc678e1e5cb64
f3e805d98e1b1e8003ae9aced1e816f9f0b59bdfbbb6b14996b5d19616aa51c8,425149773,984,5b66b2ba5c3b5ab256d596a700b115c3daaba77ab3560ad9c9af46527e868706
f3e8d380fa3d7f23bf3199a46151ae6c2d103bbf3a1792be9266103976f7342f,424169580,981,54d4400605134c610b70902cd20d368f49aee6bb2468fd9332c8884760eb00ae
f3eb797ed4ba5575fc7de81efae2f2134ddaaa126a887f08eadce550d0f39523,427812649,990,33844a6dc87d86b0b9c719cbb800a7e9becaa517c1a28c2d6ef3704839e364cf
f3f317bcf32c46907adbc3c6d8ebce098ccf6390882c0edeedd52848f7e2c20f,422778108,978,c482a9946ccf60498a8ab47f4657d006b19e3b37e075d970ae9b245fc6347a7f
f400187a039fb52d3856aae019ee7af21e4eeef2690673a051439d72e89c726a,424631749,982,e574635770d1ffb49460bb21623cb423a5d01974d7e2735f8dba1b0bf7512a41
f4124578e7d187264eb547b779894b7a7c1547963f76740c6547ca1e19c60d17,423651343,980,bf922ce911aaf27678c648c3ded8fa84ff1fc6f60b8b24d995c951a2e476a455
f45c214094f527fe4b515a3fe7daa52636d8d9b0bd2fcd9261b35172387503f7,426766418,987,aea2d76e6fc6601b0e8260a8c557cea8108e81e5ff1f3b43d951fd74926f7a5c
f464aeaa5808010d379cc7891d0af1614c921bf27c1ffba5bddf984b11f0ac91,426587487,987,8893d6fee03ffb46af054809759480d9d948436e5613b47d959f82fed2f2fdb2
f470796ff5b8d468093a1e5547a56de7e02fdca162f7c2786464e66f7c86cdbb,422339851,977,9f5a79b98aa0e936b83ddf60223ccca59f6d5d8d49077f3054a9d67a5a5a2258
f47249d97f14844a2b723408b9756d129df9bb97632a3099059fdbcfdb49e9c6,426582838,987,1179d82d4e6272f4854f660ea8bbe1fea659c401263c35cb88b380134f51fd50
f4a887df33f5fd771c11107f64ea282f92c948795337a7aed74cee8e713de0d1,424910192,983,b3809c07db28e40dbdef59355130e88db1ff93bc3a63ebd8f72d6961777870c9
f4aa8d013c2031dc3b90b6fcead83af333ae0aa98047e440de42ede7423f96fa,426141803,986,0581786ba1abea42a5124bc1ac4b5cd62c84d086a703338705ff6bc83fc66b8b
f4c1c33e4609498537520e9fcf4f6daf01dac343431bb18724019d0ac62f6ad4,424572872,982,7aacd74ebed86a891b96b43eb8f1a302b72907f2a0b5f66d290cdd17e70d2590
f4c4be7daeca2b8980a2a5bbf8839ffef0486201a31cf4241726721ac490e9ee,421391638,975,44f970e0245fc02a15890a6d7dade59d02ef486f4abc1f16a847cd9750d2fe2e
f505eb62772c5263c6f070b0b05f53c9e5d8f3d71411065463e30b3753774e3d,426963074,988,e0d2e7569a8d065265c2f591c6f8d60cdd4c1147c7e8c55c7d294c6140b5593e
f516624d41390479ee13b9878d6ff7a75e94cda2532dc667b14b47788027300b,427225570,988,0683acca632dee7506417bf963d757893497d8dcfefebb880e57ea299ceb67c5
f51ac1be8a456947512040fe9dda3d699384bc034a0a30bf35fd51b31ac1c5de,426173547,986,b52233e256a5385452bd2e2d1985bec83809fe90964aca501591f8857e69c017
f51feeea927e8c1b881c64bc5be789b45e8b8f296ee1a86e35462fa589e9c099,426833074,988,cf3ec903312f3acb8666ab6b8155a6fa013e342c5f52ce61a34fc2ef979bf49d
f520681d7649989eb05f256c3c03c72c2e4a07c8160ae7ccc312c381f8598339,420931582,974,389e3955c205630d53c838b443a2c901a4389e9f082f0033563ed54f7d00d9ad
f5339dd8ae778e2d0d5bb29f5acf97a9037487a919befc9792700f09236dfec9,420825656,974,b229b02a89394495446869f1c7676ed1ce15d54c486e894a1dbc37c7bde97e60
f547b10afdbb9ba91ecc27d2142fa5e27aca2eaf0bdf6ef174a87d823423990f,423745291,980,b166ef9b7843de79b7cd78f45e52e6aee316708e57f1f2ecede981ab091721a9
f55298e4f197a8c524403ca5312060aee095822b74db65ee7aef2136fec350ab,426809267,987,8aaddc47af767c874babfb5af41f4b0525bf9fe984807d1dd32ecaad6b85b0d0
f55cc625cb6b7fb345858b97ee9b89c183d47ec20ab1833cbe56ab9e6fb547b5,423699330,980,7e2c90c337040f03bf7cf9bcb6e1ef2279f73776acab9a52606fa17c13fe2e79
f575372a2d934eb55a1e224225e04ae1b28e9f39bf60bd62e06447dc3b097d5e,427884710,990,418017ab5cff3a691724ace50ff0990ee04b869e03721eaab1fe6064a2194ffe
f5875b473d83555150752cf8cab724a0a01afe9688763150e8e5cf765543fb0b,426806945,987,8492f18acd07cc135f5f66b0c3ca4aae470a5d5db9cd451f2d63b304a608fdb4
f587910094c92fee964db08f7dd5be1581f10f91b7e7037f0efe01a6caf2413d,427994021,990,412374fbeed1c5246c18d645366152cdbbf997a18ca3f34e560e8f34476a7467
f587ffb316faab9d394abd764af34480ad97b525677efb747a7df3d35713ffbb,422036113,976,27604e8db09e1ffa71bc39043f41051cd9256641e7fffec5e14022da89b15539
f5b260f229715f1ccaf0600c97a1e9270d17a0d6bfb4853e8dd9044125858b43,420929969,974,5e2af3baf8d978c693c80c8d27c0d3e92b770cc530fc8e7742cc3d79d0d6c349
f5bc02034a3db21112fa0820cadd1bceb981babb6f27d031f4068ccd308f2032,422813796,978,a308f53a0fc510c6d244a67adfe1453139216cb9fc5e782cf980d4763fd306eb
f5bcc7c046645b3c09e5a3100d41b126e04f5d895c76b81b00028f346c7ccc89,424213540,981,3a618f7adc5ebe830a8b734ef6c9c968ec7abb17dd1abf8ee8a94537b141d04b
f5ca6e7a5a7611573c8fc8dc0d1dab24e6260c996b4e21c23751192bde7179f1,420929635,974,d4c9709f80d960738af562918675b046aab0df40499888f3c99bf3f9611c36ae
f5cdd19ebb9d33f259d95f2a9d0bb433e110b242b991d3afa7a28eeb7a165bb8,420784987,974,a0add553600966cdeb2a49643f028b98963391814d7049da08230a1e0d08a4f1
f5d866efe88737bf924393222a63e3ebfa70b8265a7943fb26b91416bec870b0,424389069,982,0b3c92ff11337ed06fe6f542e11f6bdb6c0b0b03ff2ebdecb138c1ba0ce5c485
f5fd01759c46c8b39b9559ff5f7177757cb96385af01a67ee68f64017b9bb4be,426767868,987,e4d0b9b97271bdd866a0a99c120cc488ba6c7d27bd7b2af01031b4d1c88dd6e6
f614538f3754885530e0d8bade4a6809d3e1458175e4903d7d4a75c75f8dfd32,423754368,980,4eef572d9b80d9e8a2d06c96b690aa37a68461448a17db29ce303c3ccfc23673
f61ad2fe176088f7379682843bcaa8e84272ef6ef375835e465bc45a661fd51c,426589124,987,e28d2f4b1bc4fea0ba54fb6f345902b5fd476f29142857fe93bb5cf5de170e64
f62b6593089191f8141514a8e947b91b766da5ae4692da30d5643ba2190f0b3f,427165928,988,972a0c22390aa2856c8ed302240ffb752b7aee9369ac98267bf1410871f0f4ae
f637b090455be6065c4178d0031afa1192ae3c60e4de8b947dcb95712672988a,420931676,974,70c8f9e1fb5090de1ffadba387dd981c4ddee2e2d92f411370932144c5cbc914
f640bc11bb189817c2eb66043e4ca5470651b8b9767186258bae590243287ec1,422458056,977,1368facff1b3be970cb1b2a2d5e5fa8b835543a4b054f8ea2c586dabd26e3355
f64d79adf058bb055971bc395ca5c9ca79e059de501393c9dea34d2a96902350,424555197,982,1eab2fd42a9ea4f09866234a8fb0b95d50492f1284e8a83bd1abdc06ba3a2791
f65c7976f819ebc29577a5c30c98d650c6e21b5aa50500f5bb22ba58f29c3606,423957397,981,fe689b9b2144c1c4e0a07f3afb319e706004061f8ccf82ef7423aab466c9be33
f6a296d4c739aba88a634a56e077362891b10d09d6103018ecc023adba975989,423955967,981,e2d069cd7c879cdf2c76a5026fb2c25c5ed60e3aef31f1a257075355729a5369
f6b22bd634213d54a2b8d9e639d632a35169c29d9de9d274d0c1b7be4cd29a46,426755325,987,7dfcc15dea4e4f2942c410836c3fea228ca0073fd01ac1169845000fe7aa66ce
f6b775bb29937d6c5d8560558c4ba936fc5d554c3da07bd2bcc19af1bddc4f51,423873695,981,ce63e348b8fe9ff3a70051eaa1000a7eb384855e69427c728d1dba0f4bffb8dc
f6bf7731664f0af47b86c12c75d5e941b81dbc99218fcdc703afe053458c4a6d,426131774,986,e73debc172393317dfd99308d3e83d8b7b8e5324a7c10760153168b01096c2e1
f6ca4c9336a040350bc35b90d308955b1225648bd8419bcd652e9c7ac1b8312b,421419702,975,5a7b59e81ba89531e2e74e828d4f2344fc228544a803c60e97594ca39f78cc74
f6ccbad20d0c70a731f43f490bb513eca8b08e504c781787e536d471c3904a29,420933407,974,1efc04715b256b5faeb419e3f8622f77be3192132de615f5eef71915e8c19fd2
f6de6ee1fe9117c038f1587d15db874e12683bcba623d45cb5f63a37d5fb62bb,427775092,990,fa2de5d794c14d6faa62fabe53bde15d56175e0cc5672fa5876c07ea5b7ef251
f6e3ae8b088bbd90fd86d1dee39e95a5fac55f09a8d9f408c9a651e2f3aa4426,425900284,985,b0e4586a2052b4de7e2f5bbfc2d6a70e96d200441a5882a7178d196a19535ee3
f6e4a309d7624afbf98ce9f34cbadcbbc7359ec4e4c8e7b4f9f1a1f9431f5c7b,425945374,985,9000269162d37dc8a476a835837f7d54ae5af3baf1cdd02d4c352cdbe7be8384
f6e4a4ce6d0facbce7a23140da281c153bae883445398f52513c49d5d69d0900,423442248,980,53f88e23b4b0dd15e9f4d5f9029268a77b011a489d81ec3c37c11960a2d1fd90
f709dd2818146efbc9326bcc81b83cbc86c3417861d0dbb9525a7eec22923755,424404951,982,10f51620fc1ecf9442ddcadc4bf5440d29a60a4c3c06758eb2f79ff90458c5b0
f70ec8a575402efa26d0f89992b09c4356d33f7bb0255a49914d499b7940a807,425306067,984,2fce3ba48d6e16d825ab5851d58e1f0778e276041e189906646082e665f09159
f727c4f2c833537e0573bdbdf67eb53efe57da5be2b61cfc93d5b1d0aa88b0e6,424118791,981,f6cd2301b45ce5460bd5f2bccf250f7ddf509fe2939bf9bdb35a4751e7453421
f7406ac19c5c8135d42cd2f2888db4fd11f0b80b1c74116b20afdfbb3eb9e358,426038107,986,3df06e20828def72ca214a033fc552bff05544a3dd9ec343147b72abc6a141be
f7418432cc28360dc41352f2c0446cb136f038e0a4d245d61a223a99c48bd98d,425597183,985,fc2054c8e31fcf45adcfa67758ed8a36fb82cd1ed2bac8df4e56b7f39d6e845b
f751e4b11644a3144612c6a12b25ff63f0d57d6e28364a470b4548289c19283d,425818137,985,5aed9796cc30d364fcd7e5cc16dc1c7447ad39c155917d93dcb51f5e7b15bafc
f752307d1bfa0a136e521399ea60c1e2fa275209e60c31c42a32fc882eaa3cbe,426247923,986,6e632abfd7aae52967eeabd0b330c5393afdbb84ee7b193afeae7374fe53b2ef
f755c76276a30ea5c9940e509115b4276af20c4a1709b616c54928bf25271f99,421820126,976,35bc31d718b7388c1a23e324f1dde62546dfa61b776cd947d1f80c9d95ab3a0e
f75b3eab401d81f5225ecb23053b24505671bae6cc255e38da0cfa9217624390,425747760,985,f3c6a4dc5de0b737a6685873fb554f95db79b9a6cb8d8110cbd542db207cb2a3
f775a7d2b328b397c8df7c9a1fe25d8dc5abfbacaa77dcb410e97bcef66e8981,425245106,984,19a61918fe53816f74eea55295426a8d236bea99f911bfea27a724be29b956c2
f7a6d141187eeba2ee90180d7fc6cf06da76202d54e25522b9a218a2b3178fd2,422780292,978,ec3eac7947950235b43f5a4d5291bc9fb1aaed97964c6e3f84a6d6a98af4e25c
f7aeb9f84ae5dd057a4b1aabdb06fb44aa5e8768e2ae623f6571e75bfb0d2e54,426848265,988,d629b496ff86ebf9f5b206d08fd9982f6ab93ada97819f8ae3ec3ecb8862ce32
f7b8bf7379073c3bc8c79612aa0a8eb6c1548d29a09ad1ab5a053d57bb72db04,425160469,984,e77ad2077bcb6e136e21e79d4bf21d16651165f7c9a4860a7dd96f2ac361cc97
f7c7859bf41724c9bc0d14fc34a94b6b546bae6ada9db4476390201898a00825,423984992,981,9a0e5f0499eb5b2a335267361d5bb74e37322718f0850b854dd4dba82c1beb5c
f7dbc7f7fba84389d65737845fa2005865dd9626995215023e4969143da330ef,426906820,988,c9ab5370e672270550f6148ea9761469f76511604ca451e106b800b259a2985d
f7e6c366d340cb53e84234454abe22c6dd3b85b1727dc2d144e04931546e4221,427832016,990,a35215aff449a677289161ae74d05799a38a0ff92445ab8643ab8f80dc78ff3b
f807b9303cdeb262502fa58d134218f622938e3adea2c66e783066bd3716505e,423806485,981,b8c98ac95a5a9981e22b464fd7b723912fbd2f966c009a3794becaf37f692b86
f8150bc94ad45a2097fe5b4c593d6c102f1731852b39923de48a08969695d035,425164380,984,0f1185d7d7d8b5bf10dbb7f01dce22f4585d44ea79ddd2024b041555c651c08e
f819cb1345ef1f308494e57c450a1eccdaf7b0fcd5fe53ce248a07c7e13ed289,420929083,974,95d5acdaf133feaf11b15b4964f6ecb51725269fc59c53da440a241005742021
f84344ed899437ecb1571f6f500b522e7cd7c6e423d60e6bc58262fb74c550c9,423890872,981,98e8591e57651aa32042e8b183a1dc7d79c34c69e466912ad81231949b024e50
f852d2ee49c200466adf680e18d695a6280e6e6fbe0ccf5216979e524e35e61d,421965895,976,fb6d8e7018d87843b3f4297208a760f50f1be2aa832f360887751befa80dc588
f8699bc7570a19694c5900ab122981e426d7ba49d134f379420d765f34db2d0b,423425226,980,7ea50854a6fa9d1b17d875d2d30a1fc34dc55f8d5558e3b9833e27b66bc02b43
f8701efd2866b7c1b09568c09a171ff451b6c6bbb9c45693c3c54c21a556bb3d,426838372,988,55d16e3772471a6846501d585b1a48ef8a8b71afb89eda4b41b86ec7644da300
f885a22430fbda4d3e3eb7b40e03423ae0e3670b6b735b68f76d0f9f0b51bad8,422852750,978,ab812ec15a65b48a9084be4f1d57c6ce462b804bc777ee4e560ed1babc799714
f8a0ebcdd3f34b4ea07dca6c8bee78581568a4125f132b3755da89f7b9d47c63,426089064,986,22669835d67fb11b3344b4b3c5ac5712915c0e01c51d7ac915dfa6cd215e028b
f8adfe70aca02dca3967dc737c4f4bbce7c6cfbdad8d8a11f2ade57b4ea67624,426205822,986,aa96aa41801543c592adb19c5e57d549882dc558873abb0ac642b1f04c0bb19f
f8b18dd2406436a3eb1e7649c7d8c68cfc76ff6af77851bbe5b055cb220c4ce8,424421441,982,841600a892d2c4c15c0edcbb60f8158f131da428903e9dc853251a38db2cd03f
f8def3f5373ca631aa317360ce2992fe5f0e7e761d37f6ca35828f74b46fae74,426229668,986,3f2e89eab6a43b29e2756773bb53bee0a168e85a2e6b9353093194eb0e1b7900
f8e9b6b846318ecddce58a33dd07bb8efbbde4aeeea1306d5d97447a909f9138,421385586,975,57126d324250871d3209906a16aec126987693d19d6f9082d4b974b3b5181e71
f8ead0c87e92b656e282057d2e1ddcf00b3f2603a082d412102eb950176feab8,425636654,985,2c8ee16377fea231b7c2552afa1179427d8edfc63dd714d5a8fa577c66495274
f8f8c96aacf6fe521875aa2fbf39cdad96fc14840bf0f9bc3421334a2c8cf1be,427053957,988,34db17f8f27409562d396654c7553efe242452c3ccefd9f2c8370c4c28b368d1
f90194bd5ce0b7f9bcc9967975a2b1dba8e2f5e2e4e3167bb9d2cd1c4f1b1c71,425179312,984,15f9cebaf4d54084739bbcc220ff30da7c0b59ac5aa9195c70b7c7cd8bb71f9f
f91106e624c7e566cecf3983bb7db18d4b86abb476c880e7c9f68c62c24d9d82,425257612,984,18836c1d229709019bd00de0d38dae79e670863d7dbd0ec4109188a89603df08
f939676bd853787ff016e3b198c75aa2a97d8c110ec26887088af632c3e771c2,426240447,986,66f3f54f964bea894c366fda4b907e0811a120d0732ce54b1155d512d3f59c46
f9638c5ecf5350e58d1ae4a7d6cfba2dab1ff1b60869340a681f4ff325e0561a,426613527,987,6751bf4305b845abd30ea0ab54124965ff75652284e392d1ed0272fce6df9afb
f982e638da5288630e19d6263037323275a0eb23003573cca3fc662a08a792c6,424815276,983,6682181d1f8593abf37f39d8d1cce07a413ee1dcbfbf66baf913df0b465af29b
f9a5720ebc8ec2359788e7cb205647dac337c36b2fa3803033cd8f29509afff9,423740508,980,92a9cd45de30df8d714fe299f779de87bfe79cc1b83c73e6b80362dd5ca45ec0
f9b4213c65bcd099c45e328f19e960c011fbbea11c078a81428ad242edd4937b,427726769,990,14fd34f7fcffb4edbe9138923c0e9fdc69dbd9d8f7e498dd5a6c50b3eeae0452
f9b4afbeb3bc33ff018e06a7feccaaf30f0ac6be6ac653f11d056cedee8db100,426481433,987,0ddbaba38a7f3637d27eec79bf7ff3f363016391ad46e40e84b5af878c49ee2d
f9bd5eb6db66eaac4345a56ee6c79f6ed96d331dd284eaf80781f83658240980,427864137,990,7bcca503aebeff5f90f073277472447cf60112dd87d9b5c62ce8e4238a00da42
f9c046c5e6af9d24c48b66818bb7f9bf802cbbe45a22b9d45361c7ff3323d55d,424539469,982,cd460700a7969c8466818c96c2cbebdefeb86d43c7e0e0364d50e7005a7c6908
f9d0ad1e92273e97722f7dc56555c778708c2505e0f17cd32d58bb083e43692d,423842701,981,52d946e8e213e9c01e456b58ffc3870770868e33dac9f195b40a9694691bd266
f9d3e7764669acc2942e482200e30ba2254b2d7d04daabb3447eec898a7e14f8,425180852,984,9eb9292e727de2713c64cc17a283cae1b54401cdf424317e0ff33a7b27edaf12
f9dc38ba9632181a42042c6098476cdee1e2599db9764e29cae27f1df0af2008,426547676,987,140e49299717f29b1d7a406ce729fe20aa8f6b5cfaeee544b1fff7b67a0e990e
fa00b8da9a80af007b4fbcc579d22b9737cbc8de6c5d891fea73c58e0dc09805,426820243,988,4521ae603c0c27de6a346ad51ebd0374f33d161a2eabc481f61dc54c3c4a9a7f
fa0c1f68eb904140916c36d91d8dc19bb1103818ad2fec10c277bb8e6d407654,426161041,986,41d76fb2460bcd0ff7acb26b1791b6045d3ffe1dea8b2cd2d23fc68024689606
fa1e73786decf7c205cf022b8ed7e7655171f2cf7fe8a2ada4a9eb78d04c93fc,421238293,975,f7bb4b8e8267bfd1cca1a6848254fb7fa3c1cf12da1b299faf07de14d2b14e31
fa29ffc8c714f989a23331278bcdf21c8fbb788f89bf2dd17a8b108863141fd5,425085976,983,c6510af349cf3d9e34c8e0cc9633c408f6fa1c58d3f8148cf8d21c16976f729c
fa701ffe1416d95a0c9a7cff5c634e3391c6df5d5cb7ae09b067affb30fc5462,424669124,983,e8b942bef81be80fe8f99fbac1b155ded8fa47c262dc6cd90d00f480224ff645
fa7b37cf17d411edea1d74fa894edc7dde109508e58aedb7089860056329a59f,426449692,987,6c1d4a84d8558a81544cf6fa738135c2290fa6c5895d16a6892e13d677508255
fa80ad470b27b2a8b954d3171d70135dda7e9d639f51214a5a9952f4b69c2d64,426175030,986,e578185c674c74405433f4bf4745c64d1facf66697a213b82dd640e664e67ba0
fa9531cd8509807544730fc181c606ff8d0731844100a3e1525b503f8b9686e7,422549303,978,5c25cc40e5e13ab0171da82e8fd0f2480ddd162234ffc29efe9ebd4e69770e75
faa3d98569ed96f982354468d03f3e10375b37a9e8f392c647832e2c44b6fd51,427565716,989,4dd869095c843b674aec378dd482e76be3957c3daba37f829f7516137e008917
faacfcb52e82f7ea9a5c325450d0287f03391a62ee9d37974d847e7143141d7d,423715014,980,da6097a05aca3fe6267281dec2c3f650bba44bb3c056434bfdf00ff03748a5f0
fabc7cfb0194731195619d3e8e5921561e3344f6249eaaa91aceada3c796164e,425829372,985,b0ff395912dde139a3602632a172ba969d8270944fe9fbf21f1209aa141576d8
fac2ca6a2fa890b8b89087bf394e5a9d474ea1fcd0259a8213460bfe468514dc,425267712,984,b7cdfd3e79555177c149bab1cc93b9965f7eb0745c23d2844fd64596d35ab090
fad8d829544e0ed6b6a6afca8f12dce1e6f70b4bf0edb72751213bb48e1bd76c,427977065,990,f1df25fd634986b936ce5eae8870b2888fe09af4a1a2722aa256f46534a0e517
fae14fa61ef4f34592a8dc36715a3f9eb097e424ccec54b1b1c436fb743da1d2,426186663,986,649c5c2361ffef399fe9173e3fa368c0a8403466c9d5142c222d0cec93e55ca1
fae220a40c258c00ac10ab8f11a8ab75c77081591d1a2d2475645b3b0e5ede7d,426626683,987,35686b9ed1e1ff6daab2bc9b875df98e0efcce865bac6c03b2d0103c7959353d
fae6842bf0d0009e46d3bc92cbe69a9c5ad212f8e1476d9a6eeea6a044957aca,424413919,982,152233642b0a88b5ed319a1f881470e1b18a9d1383105248482254efb3c3a1e6
fb14b9d28674fdc58b5967fe3a5df6626ecdd8c39a7c8b46136e60b9e3a37227,426751805,987,d698925341d59a10dfdd8bca90d1a13f07a5df3bddb80d09166c31ae449508db
fb17f01c6f7558c66ab8a055ba663e604f1cfe3d2b69c985a38a693970199fdd,422799972,978,4f6add7b193474f06d9768a98d0d17b9f47ed1d257469d8b45cd8c80710f3099
fb4498a9b102ab8e17b99f9a0d8fafc1f6bce72b084ab8438518718806b7cdd3,423664234,980,cff3db6036e11324d5604950dd87164433cc953eed4949e445434b6928bc6d32
fb5361208eeed059a407f861fde2529a586e185c6af187a76b7232c547797f65,426415273,987,ae81199c1f5b059be1227c2838b35aa8df74a5086a895d5b7ab7d9d692a4285d
fb7b3319383043dd154cecd9a6e7877e4e4a9e71ad58a3a7afc00260df69387d,421432929,975,f870181fe129fd642056d2f3ff68ab39d5d77d1f301e1409a97e1d3b5eaa876c
fb8228e64d0b8003d74f81b9a14a43a0fac826fc0b7d6ef5b0ca27dd6c3c57c0,424549624,982,4196d244a330e3f6697cf4a428a252e5d893e673e020f43ebf8a10b508492b47
fb92b16d270bc1c1595a2f51768cf245f3f0656a8f3594733a2380424bfdfba5,423938177,981,13618a7778a095596fed081b2971b472b82af309c830c359b07519719aa753e1
fbaf955c8fc004ff9d9ea3a25a3cc09bd9adbd99bc8d3e9a2cf71287d11b0022,426015645,986,1389cfac6c91177fca2cb39eddb2cfbaa4f5e1d9f636eeb155590f7009b62462
fbbe76e831c3de86778fcb3c6f0e230c769f9ce0606de427c361531b44be60e2,421936951,976,fbe746b827bce6d4c0f47f099a58df2635aafe6f9cae302e8a9a2e44e53b94a1
fbca9282ac597c81a9c74087552041daf66df11598f6da337ddbbdbbdf256fd9,427078436,988,ab7760aeb0e5c74ee03f6d9f0807a76ec3312a142203106c6312c30ccd9ac6a9
fbf8dfa66109560c453a4354d665a60bbd18bdf1f3acec82b791202e79877f37,426631076,987,f7ad565bd4e9bd4cbee6306539078345a196ef759070bc1ec871071c41750a75
fc0b1b541da3d574cd54b08113dc5f8192030ee3adc6530fb7f5bfec9c3f8c31,426517409,987,76eb53d43080487d51c46bf9f746d222847e118d289030e9be31c2ed0fcdf478
fc377e07704e07fad63c890426b298a2c848945441a73c0692fa0fcfe9285779,423921948,981,645c1fe0ae6b09c877df57d8ae6329107e1eb63545ae17bd201c1ee643638f20
fc38514d77642268702968f5b4be56dd363d1875daa3bdd04a70aa1aef0aa123,424508388,982,a1bd4d880cfb6ccd14c4937bce48dec648528c1cf25ea1ac79a654a6f34598b0
fc4621690a84db6a080955ee7deeaccbd54a5ca009e101f9c3166b98e47082f7,420929469,974,e98e7dde236db8d48824f4a2f58b25dafa23c7611487707df786c5baef6f414d
fc74b91cbe91ee6e73a313c2982b846daf19620c74ecf3d1815aa1e6238c7651,426069219,986,4b15ca3dfeae2f48cb3f6b005634821ddd3d7412ec5eb63c5d2c4fccb9bd16db
fc7fa31e21fc1a011365034300fd79dbcc453764f8b7e247f268ab2cb7bdf055,426856001,988,c92ab68f2d6cb3e979a2e56b7538742c93e600528eef766335d195ba7a065954
fc8e72757cea9a4860e962237a65b7416749d69b7b019832bc8f8528f93bf0f1,426249553,986,4072e41b1298122a7d521db88ade78fbaf8b582948837ec71656305347534c9a
fcae0aa98177ea4032291cb53da1c94280a2ff5f1b8d1a3faae36f22266aa47d,426463979,987,7479b5a5b46704486f5b3a2a7797061aab41af179ce1d45fead229ec7fccc8e4
fcb3d031c16741ff947da8336d1262f4663966189c97d07602664e7c9d62cc21,423771717,980,6de8bf52039d3c7f85edbd1541d0743f90200d10317854714bf82e54b086e082
fcb5b348bb86fcb05a780d023e54e7db55d385b4223b93171d32394ea016ecbd,426965976,988,aebf6ee1b8f2c12b555c17adec073387dae3955af9dbb99ca84860cbfa3d6279
fcee8f08e62412244cfd7058a8b8ee99a3812b7d41e1e847f3de4c257b773d4c,426585459,987,c8c989c1b44a1886de790ba0567bf5c8e367a138fc87641f11adfb41a3db3d81
fcf6975d989a5559c04b20e963bfd0b30f6ca5e6504e72d0684717ecaa2a122d,423885198,981,b888f85ac3af219ba0b056ccfcd5e3bddb3630dcc0ff04051a08e8ffcd21acdd
fd0d199894d6e97bf47a1779359760dd0b6888fa2c08cca36ca47d5210787eda,426438908,987,26cc81b78f2418893bdb7d1e949d4ea5f80664cba2a71854fd770f0a1cff0b1d
fd0ec22f1990d9b8f3fae007147d3903630fe95ddf8b211ebad77f26b8b4d429,423981860,981,357e9b0906a3591b2fcbb893025608b03e5a4440d1cdd001543115e2cbbf88bb
fd261782487aca8f26a7bed336ad0b47fa5f3fed31b596983f41313447b81763,424285062,982,9066b11c5cf2b16d7e12a4d2753e90c86e34ce535ce17cbd4a66e16251a10a34
fd31950e5080d868d662e9717930336be5fafb030919f1f10695b840b133f993,425221861,984,a3c053ba6b94677a5eba90037abc6086f36ccda38382f3d99e03b20b1627f3f4
fd37e4b6c610a21ea7b24b715ab010af112298fbc83eac25555abe7548c62008,422759945,978,b5d2a7e7e879f0d010fcfc7f787dd9256eb596b0b21bef8052030a07ac91f4ab
fd39296fcbd0dd09e2942df67707844eb483a87012cde95148274b475c8ade79,422673402,978,8cd0ff6f79d7685b5e6c93c8e86a29c3cf3177ba5d5883fcb32d7c826291d5e6
fd3b503c84794fab972f6e252be3ba40942b20218518fdfc8c639a4a47c6cc90,425942795,985,2688e62eb99ce0dd6391cd29391ace9a81fe261baf5f955d4d03859f41783462
fd44a8d768511668fc8179fa0fc6bf8767225622aacd1ccbf8786d8bdf33b4b2,426536806,987,d995fa8d9fce62361ea45794662012d5d10d91c3c409a4ab91a274ca8b128ff1
fd4ad16d060484948712e657b34afed5a815ecabfc3157baf2b0335e6049ee62,422697493,978,d3557b20fad9e7f2217e37a4c6327f8b510c6f5d46353a01150ef70bb2c4e492
fd5b8df0e935ec65fe57a0d782a440740691d3ded12b5d4ada95d05141165a26,423755602,980,6fa67f1616410d6b2dd4733aeaa58c61a2b3c8d821d832186e772cb7a51d497e
fd69da911ccad86fdb135715fb485c39a6323d6cf94370ea6d2feafdaf4b2e69,425471107,984,0a8650af9ed0aa830008c3397f3dd2e7d2f6f4b79dc015208f4a7077ef142a3b
fd7795e4024df93bc41a3d6af69d988ff69236546358a90a62fe69a449ba0511,421570058,975,d9af77b80317a273df534a856cfb6fb5892931e50aeb6d53f8be2892182c79d1
fd7c4a66626bb2ab2f18a30fd252e199f742895dbd2d40b36850b1bcf50947fe,424495108,982,63830919c671290f8f453c9e1b90bd80484e7d689f6f6468a64a2e553716b08b
fd8ed1bee7533006b5b2c98e5c16d17dd410d3fb5933b0884aad507b784afd48,423409266,980,7e40e976bbc5f01302fc331e3d06fea3c9745605487cad0997019c6c289d560e
fd982f6c016ac3218c210295ac90e4276c57a3532df623a14804b3a6a31767a1,422820796,978,dfb87cc982285e5f0e2581e124f31aff104ec7154b15e9fc42737d51b64ecf95
fd9ca9aba5da32fda1afefee66b2cda9bf545f4b3129e1a84d0516c4a08c6a11,423768133,980,38f9363e34efc6247d0a94828b06651bd40419a542e9728ce412dd4575845356
fdad76e3f67743eaebee94fc6b0bd7ee1e3c9b31b4d6f263da4aec08757ef687,427166471,988,91527c90cd8ea50e4e7b2b6d6f79bb3850c80df60cec721ba46bb6efc53666e6
fdcb43cc58502dd417b76a11212f73d38151aa9397fc5969de75cd748fd83606,426763028,987,4b4dd872d4782efd4d8d5d1e2eff62aa419623a1e659bf6005a9acbd6e2fab53
fdeeba8575348e4e42c97662d8194fe439402554af8933a6f39c4a6ca701f58a,426771382,987,706bc08c8ff653c1662b1d2274c97495c448eb5258a84a499f57e3b8a27f8ef6
fe088360ecb3965cd0760f0c305d797bfde0b1c580a7122f56ebf8bb1d749b58,425827852,985,c09d0aca3808368fe7477b59ef8e4abc4966fbc089038f5ba62632b5db41fbe8
fe17bda0d21d16d49f7f409ecfd76a86f986ce9c2be0b645f039a4df4c5f7e47,420930994,974,5fdb9dd8d0d527f4b9b4f941144e312be2b492fe06bacd017441c51226dcea02
fe1ab841354b5541719db11e32af3c9201a72ecd7baaa4671e00b39801d09c33,424948214,983,04e23fc1cdf34e8dfc34377b6ff17eed44b8c935985530684987c88ff21a356f
fe1c11dce9b23dfe2525908aeaa6ed0fb4ac9fbefbf6f665cd8c9a8e51f334df,425855235,985,434fb224d69048f10691ba76fb86f4f0725b4afb081ca608dcaa2d4f84d84f25
fe21f0b088fbd1cba465ba5dc6eeb04d2fab177da9de607b4881ca750f97b03b,425856148,985,660f2a0d5a093678ddb33fbd0dbfb210540468fa035d71ed341a7decad550ee3
fe2cd68923b7417780a739520092357e30e3da980f28f1f440ef535547d07db2,423536486,980,64346e03cf8b82048535b5365c7906c28ba26c5b4b91fa81884002c3567d639c
fe2d4c15537d56b0aee19b21a4681e7e316fd8b2558008ab2385d28395fa885b,423217888,979,05d62dc0c06b9691275dab8b0ac85bcb7a491faeb2a7e01d22142a1ad2f74839
fe2f620cb708009b50cd8ff845b63d6f427e2813482f44fa4560ad11f25fa21a,426199560,986,cc238592211a7896e3f575ab76aae6e1d357830ce42a3488d1b06f6ccae0a05e
fe3ee4def61b28ab0b1dcd227707e4d772d637de06d2cfb7e85ccb60145a9946,423087174,979,382187335d272ba95371bccde58bf6b309020bc5014bfbc6ef9ec00e636c7d22
fe4c477ac237a038f2dfa248f7d1ae7b5821b4908efa9511a074e4d4bcb3b98c,423964540,981,cf8cd7193b6bce4bd549031b9b8b4f1cc301188e12817f853da64efbacd5981d
fe807914d112dd34b3cc61c6d8086fe96e756c10bdc1079f36ecf9b7cb6a2a59,427474573,989,e6f546fcb1f5446cb36b89321f92ca43dfc5a2dad0444fab6e235aebb8a158e2
fe99a795eaa9d6a09bad80bd40fa520b85b540c8347b1e2b0fdec80a0f89d50a,426585075,987,308616a64cf477e644edfa2b5687e8df7084edc153689ceeb93d7c14bd5017ff
fea5b7d46347b2647d0635cc9b079d73651824432f9e5e8cb39c65212f5d09fa,424393624,982,dbb4cbdefad56c5b9bb888db92a70abbe3d32792f422ecef4e830b87ce09c6ea
feba361638c047d30c3e4c30bdc786b25c5c700652bfec36e923ed4da93f34c7,423458560,980,a1662529db1ae84ab299c57ada7863b43cf513381d977bb8887789e34791a65f
fecae7b9c21e170ae5af6385028edfdc1600176ced84cc6c626bbf07e5717412,424694783,983,fbcd980e77608219fb9a6fb794e253116da736005d79ad92c76eb94c30e920a6
fed5fcff1c2a6c411f0366e0c346500588f7c04b136b2bc8e20be3be133d6e83,426816742,988,14e6868579670adb5bb2d1d79412c7b723c6bcbeb37214ed857d2322e4ff6b1c
fef6707217e73c47bc312baf853d87dc8a4fd8f1c05ecacdfc5965e194a468e5,426474308,987,da10e25d04b7fcecf7fe5e5317595db3a23ee3963921d336c12d1d27a3d988bd
ff089fe8b386d75902dcf288a551def79c4ea6250aeac8a8406606c2cc1d13a2,426471993,987,a79d330cf6cb5b0b30d0c468fdd335b05ab43abeed9908b9aa46465321398360
ff38348b2da41682cdfc63e53aa69e7eaad8e5f2ee2a1a2505276934c15dc932,422786466,978,4f827705d2e2e26c1cb004c4ca523c5560381fb3e106c7646a3da463c88d3d7d
ff3f36eda5dfa51099f762df3e40b1fa4af07d12f02f4abfd62701174518e4fd,421426087,975,d25371a60358965c13d88edc579bdaa1db345da879b5c1a22fcad38584fcaa90
ff4dcf584b15e00c00027479349bf1e565fac941ebb27172b053b7f95ed52c3b,423865362,981,40e7ce383d6b93043391ad965a31fdce417e534a15a5059e49665408078bb5a2
ff5788dcfab78f94d32192dea5377449794d62d9da033ffee7ef1bd7c6acf74c,423716738,980,46d86426ea7e640d8547387dee27a29610c10d3f00a07a0dbd99d39f13c4a3db
ff5a2ece14b56f354edba2b31bd071a62542a13ec30bb39071d10e654c35c7a5,423851470,981,4bfaa65ee3ba056bc7b352638d5ed0fb4a1cdc0b4943db73d949991640763ea4
ff7554d1783786e28ed2e91750df4c8778570a3328c20e64b57da021c8dd0e47,425448459,984,641177d1fe7d4b39ced3f906feb09702437befe36d7815f26225a8517aa626a9
ff7784798f20f1a8914e7ea46aef5fcf69d6b12b26a47ae8afe73fe069b5c249,423794553,981,69741e44f79b884c723501c43646960db8b77fae8c5a46988ded8c40fc1e8002
ff7dbf707bed684e5119fcfb1f7a3a467f9b9085226e30d265913d108811576d,423930763,981,e51edad4fbb7de76b0e714a8fb30304c40808070828beb121dcd107071252a56
ff93a95a04a78737a3fc5a04528e28fb5d131a95f26433a0eb8c97a73ba1f27b,424048551,981,fa2fb1bce0241b29c6e87cd2fc5a3a8a8f64ac9d9acd2c3329c3ef719753164a
ffa65dfc8d3c1151e26a3e85438dbcf17e4fdbe43f68456a2bffb675c904bfd1,425670803,985,05329289c6af49f3e86a86228779f031eede6dea74e0b1caed3314b966b21f83
ffc4e39ac02fa91d1172358ae31b25224bb6814e42982f2b4965f2de1b77a0c9,427557264,989,1f6d9bdb57a052a122f1ea1e486192182c3aa5e489e6413e43625a44ee274598
ffcaf921ff9ad012db4febf50a50118d7afe8d07d32dbc7f40bab459522f7010,423330935,979,67265fe0350dbee88443e7efc054bca7e0ba8fa524bbb6f6556c268e84c6a269
ffda94547e1cf0f586e309d14e190d25a89669f6e84a9613dd34d948f455cddc,427745135,990,7756404039293efc68a3ee2fe1dd84b7927d4cdbe04fd1aec6607b8847d6424b
fff5919d31c2f48c5e8e3010db41442ddb9c29e6fa75328525475b7d77a56598,425954863,986,6446b8f46a73a70958baee2050902e6d7ba42e289f2ecd169cac64fe89165426
fffbaa98a85ab8024a5f89cb57547e951b62a9dd94960b7533fb8ab379f73ce5,423865496,981,f07c4f1057b66f2c51fc403d9ae8891d866fc6b1dfbc0e2401b647ab2d8171c5
